League,Season,Team,# Pl,Age,Gls,Gls,Ast,Ast,G+A,G+A,G-PK,G-PK,PK,PKatt,CrdY,CrdR,G+A-PK
Premier League,2010-2011,Arsenal,27,24.8,70,1.84,51,1.34,121,3.18,66,1.74,4,7,70,6.0,3.08
Premier League,2010-2011,Aston Villa,32,27.5,45,1.18,32,0.84,77,2.03,41,1.08,4,6,71,2.0,1.92
Premier League,2010-2011,Birmingham City,26,28.0,37,0.97,23,0.61,60,1.58,35,0.92,2,2,59,3.0,1.53
Premier League,2010-2011,Blackburn,29,27.8,43,1.13,28,0.74,71,1.87,42,1.11,1,2,66,5.0,1.84
Premier League,2010-2011,Blackpool,30,26.8,54,1.42,29,0.76,83,2.18,47,1.24,7,8,47,2.0,2.0
Premier League,2010-2011,Bolton,24,28.1,50,1.32,34,0.89,84,2.21,46,1.21,4,5,70,5.0,2.11
Premier League,2010-2011,Chelsea,24,28.2,68,1.79,39,1.03,107,2.82,62,1.63,6,8,56,1.0,2.66
Premier League,2010-2011,Everton,24,28.1,50,1.32,33,0.87,83,2.18,47,1.24,3,4,60,5.0,2.11
Premier League,2010-2011,Fulham,29,29.8,48,1.26,32,0.84,80,2.11,46,1.21,2,3,52,1.0,2.05
Premier League,2010-2011,Liverpool,30,26.9,58,1.53,30,0.79,88,2.32,51,1.34,7,8,64,2.0,2.13
Premier League,2010-2011,Manchester City,27,25.4,56,1.47,35,0.92,91,2.39,48,1.26,8,9,76,5.0,2.18
Premier League,2010-2011,Manchester Utd,29,28.3,75,1.97,59,1.55,134,3.53,72,1.89,3,5,59,3.0,3.45
Premier League,2010-2011,Newcastle Utd,30,26.3,55,1.45,35,0.92,90,2.37,50,1.32,5,5,76,2.0,2.24
Premier League,2010-2011,Stoke City,25,27.6,44,1.16,28,0.74,72,1.89,41,1.08,3,3,70,2.0,1.82
Premier League,2010-2011,Sunderland,31,25.0,41,1.08,23,0.61,64,1.68,37,0.97,4,5,64,5.0,1.58
Premier League,2010-2011,Tottenham,28,26.6,54,1.42,34,0.89,88,2.32,49,1.29,5,5,51,2.0,2.18
Premier League,2010-2011,West Brom,28,26.7,52,1.37,37,0.97,89,2.34,48,1.26,4,6,55,7.0,2.24
Premier League,2010-2011,West Ham,35,27.9,41,1.08,21,0.55,62,1.63,36,0.95,5,6,59,1.0,1.5
Premier League,2010-2011,Wigan Athletic,25,25.8,37,0.97,20,0.53,57,1.5,35,0.92,2,3,69,4.0,1.45
Premier League,2010-2011,Wolves,30,25.8,45,1.18,29,0.76,74,1.95,42,1.11,3,3,63,2.0,1.87
Premier League,2011-2012,Arsenal,32,25.2,73,1.92,57,1.5,130,3.42,71,1.87,2,3,70,4.0,3.37
Premier League,2011-2012,Aston Villa,27,27.3,37,0.97,26,0.68,63,1.66,34,0.89,3,3,71,2.0,1.58
Premier League,2011-2012,Blackburn,31,25.5,44,1.16,32,0.84,76,2.0,40,1.05,4,8,69,5.0,1.89
Premier League,2011-2012,Bolton,30,27.4,43,1.13,29,0.76,72,1.89,38,1.0,5,6,52,5.0,1.76
Premier League,2011-2012,Chelsea,29,27.6,63,1.66,45,1.18,108,2.84,59,1.55,4,5,76,4.0,2.74
Premier League,2011-2012,Everton,30,28.5,47,1.24,32,0.84,79,2.08,42,1.11,5,5,61,2.0,1.95
Premier League,2011-2012,Fulham,28,29.6,44,1.16,31,0.82,75,1.97,41,1.08,3,4,54,0.0,1.89
Premier League,2011-2012,Liverpool,26,26.3,42,1.11,23,0.61,65,1.71,41,1.08,1,4,58,5.0,1.68
Premier League,2011-2012,Manchester City,24,25.8,91,2.39,73,1.92,164,4.32,84,2.21,7,8,59,5.0,4.13
Premier League,2011-2012,Manchester Utd,31,26.3,87,2.29,69,1.82,156,4.11,78,2.05,9,11,51,1.0,3.87
Premier League,2011-2012,Newcastle Utd,26,25.6,51,1.34,36,0.95,87,2.29,49,1.29,2,3,67,2.0,2.24
Premier League,2011-2012,Norwich City,27,25.8,52,1.37,33,0.87,85,2.24,50,1.32,2,2,60,3.0,2.18
Premier League,2011-2012,QPR,35,28.8,41,1.08,25,0.66,66,1.74,39,1.03,2,2,59,9.0,1.68
Premier League,2011-2012,Stoke City,23,27.9,35,0.92,28,0.74,63,1.66,31,0.82,4,6,60,2.0,1.55
Premier League,2011-2012,Sunderland,28,25.8,43,1.13,25,0.66,68,1.79,42,1.11,1,2,62,4.0,1.76
Premier League,2011-2012,Swansea City,25,25.4,43,1.13,24,0.63,67,1.76,38,1.0,5,6,41,2.0,1.63
Premier League,2011-2012,Tottenham,29,27.6,66,1.74,48,1.26,114,3.0,62,1.63,4,5,47,3.0,2.89
Premier League,2011-2012,West Brom,25,27.8,44,1.16,30,0.79,74,1.95,43,1.13,1,2,48,1.0,1.92
Premier League,2011-2012,Wigan Athletic,23,26.3,41,1.08,22,0.58,63,1.66,36,0.95,5,7,69,3.0,1.53
Premier League,2011-2012,Wolves,32,26.0,40,1.05,25,0.66,65,1.71,37,0.97,3,4,64,4.0,1.63
Premier League,2012-2013,Arsenal,26,25.6,69,1.82,54,1.42,123,3.24,64,1.68,5,6,46,4.0,3.11
Premier League,2012-2013,Aston Villa,28,24.1,47,1.24,34,0.89,81,2.13,44,1.16,3,3,75,3.0,2.05
Premier League,2012-2013,Chelsea,26,26.4,71,1.87,50,1.32,121,3.18,62,1.63,9,11,54,3.0,2.95
Premier League,2012-2013,Everton,23,28.8,53,1.39,42,1.11,95,2.5,51,1.34,2,2,63,3.0,2.45
Premier League,2012-2013,Fulham,29,30.4,45,1.18,32,0.84,77,2.03,39,1.03,6,6,48,3.0,1.87
Premier League,2012-2013,Liverpool,28,26.2,67,1.76,47,1.24,114,3.0,62,1.63,5,6,54,2.0,2.87
Premier League,2012-2013,Manchester City,25,26.7,64,1.68,45,1.18,109,2.87,60,1.58,4,6,64,3.0,2.76
Premier League,2012-2013,Manchester Utd,25,27.3,80,2.11,63,1.66,143,3.76,76,2.0,4,7,56,1.0,3.66
Premier League,2012-2013,Newcastle Utd,32,26.2,43,1.13,22,0.58,65,1.71,39,1.03,4,5,75,4.0,1.61
Premier League,2012-2013,Norwich City,27,26.7,40,1.05,27,0.71,67,1.76,39,1.03,1,2,60,1.0,1.74
Premier League,2012-2013,QPR,30,28.2,29,0.76,22,0.58,51,1.34,28,0.74,1,4,61,3.0,1.32
Premier League,2012-2013,Reading,28,27.2,41,1.08,28,0.74,69,1.82,37,0.97,4,4,45,1.0,1.71
Premier League,2012-2013,Southampton,25,25.3,46,1.21,25,0.66,71,1.87,43,1.13,3,3,43,2.0,1.79
Premier League,2012-2013,Stoke City,24,27.1,33,0.87,23,0.61,56,1.47,30,0.79,3,5,83,4.0,1.39
Premier League,2012-2013,Sunderland,29,26.2,39,1.03,24,0.63,63,1.66,35,0.92,4,4,63,3.0,1.55
Premier League,2012-2013,Swansea City,25,26.6,47,1.24,32,0.84,79,2.08,47,1.24,0,0,59,2.0,2.08
Premier League,2012-2013,Tottenham,28,26.3,62,1.63,45,1.18,107,2.82,62,1.63,0,0,54,2.0,2.82
Premier League,2012-2013,West Brom,25,27.6,50,1.32,38,1.0,88,2.32,45,1.18,5,7,62,4.0,2.18
Premier League,2012-2013,West Ham,26,28.0,43,1.13,33,0.87,76,2.0,39,1.03,4,4,74,1.0,1.89
Premier League,2012-2013,Wigan Athletic,28,27.7,45,1.18,35,0.92,80,2.11,44,1.16,1,1,66,2.0,2.08
Premier League,2013-2014,Arsenal,27,26.8,68,1.79,48,1.26,116,3.05,65,1.71,3,3,54,0.0,2.97
Premier League,2013-2014,Aston Villa,26,24.6,38,1.0,25,0.66,63,1.66,36,0.95,2,4,78,0.0,1.61
Premier League,2013-2014,Cardiff City,32,25.4,31,0.82,24,0.63,55,1.45,30,0.79,1,1,49,0.0,1.42
Premier League,2013-2014,Chelsea,29,27.7,69,1.82,39,1.03,108,2.84,64,1.68,5,7,62,0.0,2.71
Premier League,2013-2014,Crystal Palace,31,28.1,32,0.84,21,0.55,53,1.39,27,0.71,5,6,55,0.0,1.26
Premier League,2013-2014,Everton,28,27.6,58,1.53,42,1.11,100,2.63,55,1.45,3,3,55,0.0,2.55
Premier League,2013-2014,Fulham,39,29.0,38,1.0,28,0.74,66,1.74,36,0.95,2,3,59,0.0,1.68
Premier League,2013-2014,Hull City,27,27.5,35,0.92,21,0.55,56,1.47,33,0.87,2,3,55,0.0,1.42
Premier League,2013-2014,Liverpool,25,25.7,97,2.55,61,1.61,158,4.16,87,2.29,10,12,53,0.0,3.89
Premier League,2013-2014,Manchester City,23,27.7,97,2.55,63,1.66,160,4.21,91,2.39,6,7,72,0.0,4.05
Premier League,2013-2014,Manchester Utd,30,26.7,63,1.66,37,0.97,100,2.63,58,1.53,5,5,70,0.0,2.5
Premier League,2013-2014,Newcastle Utd,26,26.4,41,1.08,25,0.66,66,1.74,39,1.03,2,3,54,0.0,1.68
Premier League,2013-2014,Norwich City,25,26.3,28,0.74,18,0.47,46,1.21,27,0.71,1,2,64,0.0,1.18
Premier League,2013-2014,Southampton,24,25.1,52,1.37,37,0.97,89,2.34,49,1.29,3,3,61,0.0,2.26
Premier League,2013-2014,Stoke City,26,27.3,44,1.16,26,0.68,70,1.84,40,1.05,4,5,79,0.0,1.74
Premier League,2013-2014,Sunderland,31,26.5,41,1.08,24,0.63,65,1.71,35,0.92,6,6,68,0.0,1.55
Premier League,2013-2014,Swansea City,27,26.5,47,1.24,37,0.97,84,2.21,43,1.13,4,4,58,0.0,2.11
Premier League,2013-2014,Tottenham,28,25.2,50,1.32,33,0.87,83,2.18,45,1.18,5,6,65,0.0,2.05
Premier League,2013-2014,West Brom,28,28.4,41,1.08,27,0.71,68,1.79,39,1.03,2,2,67,0.0,1.74
Premier League,2013-2014,West Ham,29,28.5,36,0.95,22,0.58,58,1.53,34,0.89,2,2,65,0.0,1.47
Premier League,2014-2015,Arsenal,29,26.1,69,1.82,47,1.24,116,3.05,63,1.66,6,7,69,0.0,2.89
Premier League,2014-2015,Aston Villa,27,26.3,31,0.82,23,0.61,54,1.42,30,0.79,1,1,76,0.0,1.39
Premier League,2014-2015,Burnley,24,27.2,27,0.71,22,0.58,49,1.29,26,0.68,1,2,66,0.0,1.26
Premier League,2014-2015,Chelsea,25,27.0,72,1.89,59,1.55,131,3.45,68,1.79,4,5,75,0.0,3.34
Premier League,2014-2015,Crystal Palace,30,27.8,46,1.21,27,0.71,73,1.92,41,1.08,5,7,70,0.0,1.79
Premier League,2014-2015,Everton,28,27.9,47,1.24,31,0.82,78,2.05,43,1.13,4,7,71,0.0,1.95
Premier League,2014-2015,Hull City,29,27.4,32,0.84,22,0.58,54,1.42,31,0.82,1,1,75,0.0,1.39
Premier League,2014-2015,Leicester City,28,27.9,45,1.18,29,0.76,74,1.95,42,1.11,3,3,49,0.0,1.87
Premier League,2014-2015,Liverpool,25,25.2,48,1.26,30,0.79,78,2.05,43,1.13,5,6,70,0.0,1.92
Premier League,2014-2015,Manchester City,24,28.6,82,2.16,61,1.61,143,3.76,75,1.97,7,8,82,0.0,3.58
Premier League,2014-2015,Manchester Utd,33,26.0,60,1.58,41,1.08,101,2.66,57,1.5,3,5,68,0.0,2.58
Premier League,2014-2015,Newcastle Utd,27,25.9,40,1.05,30,0.79,70,1.84,39,1.03,1,1,78,0.0,1.82
Premier League,2014-2015,QPR,32,28.2,39,1.03,29,0.76,68,1.79,36,0.95,3,5,79,0.0,1.71
Premier League,2014-2015,Southampton,29,26.0,49,1.29,32,0.84,81,2.13,47,1.24,2,3,59,0.0,2.08
Premier League,2014-2015,Stoke City,25,27.4,47,1.24,30,0.79,77,2.03,44,1.16,3,3,84,0.0,1.95
Premier League,2014-2015,Sunderland,25,27.8,30,0.79,20,0.53,50,1.32,26,0.68,4,4,96,0.0,1.21
Premier League,2014-2015,Swansea City,28,26.6,43,1.13,34,0.89,77,2.03,41,1.08,2,2,54,0.0,1.97
Premier League,2014-2015,Tottenham,27,24.4,56,1.47,40,1.05,96,2.53,53,1.39,3,5,81,0.0,2.45
Premier League,2014-2015,West Brom,26,28.0,37,0.97,29,0.76,66,1.74,33,0.87,4,5,64,0.0,1.63
Premier League,2014-2015,West Ham,28,26.8,43,1.13,34,0.89,77,2.03,42,1.11,1,2,66,0.0,2.0
Premier League,2015-2016,Arsenal,25,27.0,62,1.63,53,1.39,115,3.03,61,1.61,1,2,45,0.0,3.0
Premier League,2015-2016,Aston Villa,29,26.6,24,0.63,19,0.5,43,1.13,22,0.58,2,2,77,0.0,1.08
Premier League,2015-2016,Bournemouth,28,27.7,43,1.13,28,0.74,71,1.87,40,1.05,3,4,53,0.0,1.79
Premier League,2015-2016,Chelsea,28,26.8,55,1.45,40,1.05,95,2.5,51,1.34,4,5,62,0.0,2.39
Premier League,2015-2016,Crystal Palace,30,27.7,38,1.0,21,0.55,59,1.55,34,0.89,4,5,62,0.0,1.45
Premier League,2015-2016,Everton,31,26.5,56,1.47,44,1.16,100,2.63,52,1.37,4,5,50,0.0,2.53
Premier League,2015-2016,Leicester City,23,27.7,68,1.79,43,1.13,111,2.92,58,1.53,10,13,54,0.0,2.66
Premier League,2015-2016,Liverpool,34,25.2,62,1.63,50,1.32,112,2.95,60,1.58,2,2,67,0.0,2.89
Premier League,2015-2016,Manchester City,25,28.3,71,1.87,53,1.39,124,3.26,66,1.74,5,8,63,0.0,3.13
Premier League,2015-2016,Manchester Utd,33,25.6,46,1.21,31,0.82,77,2.03,43,1.13,3,3,67,0.0,1.95
Premier League,2015-2016,Newcastle Utd,31,25.4,43,1.13,34,0.89,77,2.03,40,1.05,3,3,61,0.0,1.95
Premier League,2015-2016,Norwich City,28,27.7,38,1.0,27,0.71,65,1.71,37,0.97,1,1,64,0.0,1.68
Premier League,2015-2016,Southampton,26,26.4,58,1.53,45,1.18,103,2.71,55,1.45,3,4,63,0.0,2.63
Premier League,2015-2016,Stoke City,27,27.4,40,1.05,29,0.76,69,1.82,35,0.92,5,5,53,0.0,1.68
Premier League,2015-2016,Sunderland,31,27.3,44,1.16,30,0.79,74,1.95,41,1.08,3,3,68,0.0,1.87
Premier League,2015-2016,Swansea City,27,27.6,41,1.08,25,0.66,66,1.74,36,0.95,5,5,60,0.0,1.61
Premier League,2015-2016,Tottenham,24,24.5,68,1.79,50,1.32,118,3.11,63,1.66,5,5,72,0.0,2.97
Premier League,2015-2016,Watford,25,28.2,38,1.0,18,0.47,56,1.47,32,0.84,6,7,77,0.0,1.32
Premier League,2015-2016,West Brom,28,29.1,32,0.84,25,0.66,57,1.5,31,0.82,1,5,65,0.0,1.47
Premier League,2015-2016,West Ham,28,26.6,64,1.68,38,1.0,102,2.68,60,1.58,4,4,57,0.0,2.58
Premier League,2016-2017,Arsenal,29,26.9,73,1.92,55,1.45,128,3.37,69,1.82,4,6,69,0.0,3.26
Premier League,2016-2017,Bournemouth,27,27.0,53,1.39,33,0.87,86,2.26,46,1.21,7,10,56,2.0,2.08
Premier League,2016-2017,Burnley,27,27.7,39,1.03,24,0.63,63,1.66,33,0.87,6,6,67,1.0,1.5
Premier League,2016-2017,Chelsea,24,27.2,83,2.18,53,1.39,136,3.58,81,2.13,2,4,72,0.0,3.53
Premier League,2016-2017,Crystal Palace,31,27.7,48,1.26,32,0.84,80,2.11,44,1.16,4,7,79,0.0,2.0
Premier League,2016-2017,Everton,27,27.5,58,1.53,45,1.18,103,2.71,55,1.45,3,4,74,1.0,2.63
Premier League,2016-2017,Hull City,28,27.4,36,0.95,24,0.63,60,1.58,33,0.87,3,3,67,0.0,1.5
Premier League,2016-2017,Leicester City,25,27.8,46,1.21,32,0.84,78,2.05,42,1.11,4,6,73,0.0,1.95
Premier League,2016-2017,Liverpool,23,26.1,77,2.03,52,1.37,129,3.39,70,1.84,7,8,54,0.0,3.21
Premier League,2016-2017,Manchester City,25,28.5,75,1.97,54,1.42,129,3.39,68,1.79,7,9,71,0.0,3.21
Premier League,2016-2017,Manchester Utd,31,26.7,54,1.42,37,0.97,91,2.39,51,1.34,3,4,80,1.0,2.32
Premier League,2016-2017,Middlesbrough,27,27.3,26,0.68,22,0.58,48,1.26,24,0.63,2,2,79,1.0,1.21
Premier League,2016-2017,Southampton,26,26.0,39,1.03,27,0.71,66,1.74,36,0.95,3,6,61,1.0,1.66
Premier League,2016-2017,Stoke City,26,28.7,37,0.97,24,0.63,61,1.61,33,0.87,4,6,72,1.0,1.5
Premier League,2016-2017,Sunderland,31,26.8,28,0.74,11,0.29,39,1.03,23,0.61,5,5,84,3.0,0.89
Premier League,2016-2017,Swansea City,27,27.4,45,1.18,31,0.82,76,2.0,42,1.11,3,3,56,0.0,1.92
Premier League,2016-2017,Tottenham,24,25.3,84,2.21,59,1.55,143,3.76,77,2.03,7,9,62,0.0,3.58
Premier League,2016-2017,Watford,33,29.0,39,1.03,27,0.71,66,1.74,36,0.95,3,3,90,3.0,1.66
Premier League,2016-2017,West Brom,23,29.4,43,1.13,33,0.87,76,2.0,42,1.11,1,1,80,0.0,1.97
Premier League,2016-2017,West Ham,29,27.1,46,1.21,28,0.74,74,1.95,43,1.13,3,4,86,4.0,1.87
Premier League,2017-2018,Arsenal,30,26.8,73,1.92,61,1.61,134,3.53,69,1.82,4,5,57,,3.42
Premier League,2017-2018,Bournemouth,22,26.9,45,1.18,36,0.95,81,2.13,42,1.11,3,3,57,,2.05
Premier League,2017-2018,Brighton,24,27.5,33,0.87,25,0.66,58,1.53,28,0.74,5,7,54,,1.39
Premier League,2017-2018,Burnley,24,27.5,35,0.92,26,0.68,61,1.61,35,0.92,0,0,65,,1.61
Premier League,2017-2018,Chelsea,26,26.7,60,1.58,42,1.11,102,2.68,57,1.5,3,3,46,,2.61
Premier League,2017-2018,Crystal Palace,28,27.1,44,1.16,26,0.68,70,1.84,36,0.95,8,10,72,,1.63
Premier League,2017-2018,Everton,30,26.7,42,1.11,26,0.68,68,1.79,37,0.97,5,8,55,,1.66
Premier League,2017-2018,Huddersfield,25,26.4,25,0.66,19,0.5,44,1.16,23,0.61,2,2,65,,1.11
Premier League,2017-2018,Leicester City,27,27.2,53,1.39,38,1.0,91,2.39,48,1.26,5,6,60,,2.26
Premier League,2017-2018,Liverpool,27,25.6,82,2.16,58,1.53,140,3.68,80,2.11,2,3,44,,3.63
Premier League,2017-2018,Manchester City,25,26.4,103,2.71,85,2.24,188,4.95,97,2.55,6,8,63,,4.79
Premier League,2017-2018,Manchester Utd,27,26.7,67,1.76,53,1.39,120,3.16,66,1.74,1,3,64,,3.13
Premier League,2017-2018,Newcastle Utd,27,25.6,38,1.0,29,0.76,67,1.76,38,1.0,0,1,54,,1.76
Premier League,2017-2018,Southampton,26,26.2,36,0.95,23,0.61,59,1.55,33,0.87,3,3,65,,1.47
Premier League,2017-2018,Stoke City,30,27.5,34,0.89,28,0.74,62,1.63,34,0.89,0,3,62,,1.63
Premier League,2017-2018,Swansea City,26,27.2,27,0.71,20,0.53,47,1.24,26,0.68,1,1,51,,1.21
Premier League,2017-2018,Tottenham,25,25.8,70,1.84,51,1.34,121,3.18,68,1.79,2,3,52,,3.13
Premier League,2017-2018,Watford,29,27.9,42,1.11,27,0.71,69,1.82,39,1.03,3,6,65,,1.74
Premier League,2017-2018,West Brom,24,29.1,31,0.82,24,0.63,55,1.45,30,0.79,1,1,73,,1.42
Premier League,2017-2018,West Ham,27,28.0,48,1.26,29,0.76,77,2.03,46,1.21,2,4,75,,1.97
Premier League,2018-2019,Arsenal,28,26.7,69,1.82,52,1.37,121,3.18,65,1.71,4,5,74,2.0,3.08
Premier League,2018-2019,Bournemouth,28,26.6,55,1.45,43,1.13,98,2.58,48,1.26,7,9,60,1.0,2.39
Premier League,2018-2019,Brighton,21,27.4,35,0.92,24,0.63,59,1.55,30,0.79,5,6,62,4.0,1.42
Premier League,2018-2019,Burnley,23,28.0,43,1.13,32,0.84,75,1.97,41,1.08,2,2,75,1.0,1.92
Premier League,2018-2019,Cardiff City,25,27.7,33,0.87,20,0.53,53,1.39,30,0.79,3,4,66,1.0,1.32
Premier League,2018-2019,Chelsea,24,27.3,61,1.61,52,1.37,113,2.97,56,1.47,5,5,49,0.0,2.84
Premier League,2018-2019,Crystal Palace,26,27.4,48,1.26,33,0.87,81,2.13,38,1.0,10,11,59,2.0,1.87
Premier League,2018-2019,Everton,23,25.7,53,1.39,34,0.89,87,2.29,51,1.34,2,5,57,4.0,2.24
Premier League,2018-2019,Fulham,28,26.0,33,0.87,24,0.63,57,1.5,31,0.82,2,3,72,2.0,1.45
Premier League,2018-2019,Huddersfield,31,26.2,21,0.55,13,0.34,34,0.89,20,0.53,1,1,57,4.0,0.87
Premier League,2018-2019,Leicester City,25,25.9,48,1.26,34,0.89,82,2.16,43,1.13,5,7,63,5.0,2.03
Premier League,2018-2019,Liverpool,23,26.1,86,2.26,55,1.45,141,3.71,79,2.08,7,7,41,2.0,3.53
Premier League,2018-2019,Manchester City,21,26.7,91,2.39,71,1.87,162,4.26,88,2.32,3,4,44,1.0,4.18
Premier League,2018-2019,Manchester Utd,28,26.3,65,1.71,40,1.05,105,2.76,56,1.47,9,12,77,4.0,2.53
Premier League,2018-2019,Newcastle Utd,24,26.9,41,1.08,33,0.87,74,1.95,40,1.05,1,3,57,2.0,1.92
Premier League,2018-2019,Southampton,30,25.4,44,1.16,27,0.71,71,1.87,40,1.05,4,5,75,3.0,1.76
Premier League,2018-2019,Tottenham,28,26.8,66,1.74,47,1.24,113,2.97,62,1.63,4,4,58,3.0,2.87
Premier League,2018-2019,Watford,25,28.5,51,1.34,39,1.03,90,2.37,50,1.32,1,1,80,4.0,2.34
Premier League,2018-2019,West Ham,26,27.6,51,1.34,33,0.87,84,2.21,46,1.21,5,5,59,1.0,2.08
Premier League,2018-2019,Wolves,21,26.1,46,1.21,35,0.92,81,2.13,42,1.11,4,4,73,1.0,2.03
Premier League,2019-2020,Arsenal,29,25.8,56,1.47,35,0.92,91,2.39,53,1.39,3,3,88,5.0,2.32
Premier League,2019-2020,Aston Villa,28,25.7,40,1.05,32,0.84,72,1.89,39,1.03,1,3,70,1.0,1.87
Premier League,2019-2020,Bournemouth,27,25.2,38,1.0,24,0.63,62,1.63,34,0.89,4,4,78,3.0,1.53
Premier League,2019-2020,Brighton,25,26.4,35,0.92,24,0.63,59,1.55,34,0.89,1,2,59,2.0,1.53
Premier League,2019-2020,Burnley,22,28.0,41,1.08,30,0.79,71,1.87,38,1.0,3,3,67,0.0,1.79
Premier League,2019-2020,Chelsea,27,25.5,69,1.82,46,1.21,115,3.03,62,1.63,7,7,60,0.0,2.84
Premier League,2019-2020,Crystal Palace,25,29.4,29,0.76,20,0.53,49,1.29,26,0.68,3,3,62,2.0,1.21
Premier League,2019-2020,Everton,24,25.5,42,1.11,32,0.84,74,1.95,41,1.08,1,1,76,3.0,1.92
Premier League,2019-2020,Leicester City,24,26.1,65,1.71,48,1.26,113,2.97,60,1.58,5,7,43,3.0,2.84
Premier League,2019-2020,Liverpool,24,26.6,83,2.18,69,1.82,152,4.0,78,2.05,5,5,38,1.0,3.87
Premier League,2019-2020,Manchester City,24,26.9,100,2.63,69,1.82,169,4.45,94,2.47,6,11,64,4.0,4.29
Premier League,2019-2020,Manchester Utd,29,24.8,65,1.71,43,1.13,108,2.84,55,1.45,10,14,73,0.0,2.58
Premier League,2019-2020,Newcastle Utd,28,26.5,38,1.0,29,0.76,67,1.76,38,1.0,0,1,66,3.0,1.76
Premier League,2019-2020,Norwich City,30,26.0,25,0.66,18,0.47,43,1.13,23,0.61,2,2,68,3.0,1.08
Premier League,2019-2020,Sheffield Utd,26,26.9,36,0.95,25,0.66,61,1.61,35,0.92,1,1,63,2.0,1.58
Premier League,2019-2020,Southampton,25,25.9,51,1.34,32,0.84,83,2.18,49,1.29,2,5,55,4.0,2.13
Premier League,2019-2020,Tottenham,29,26.7,56,1.47,39,1.03,95,2.5,53,1.39,3,4,84,3.0,2.42
Premier League,2019-2020,Watford,26,28.9,35,0.92,21,0.55,56,1.47,28,0.74,7,8,80,3.0,1.29
Premier League,2019-2020,West Ham,29,27.4,49,1.29,36,0.95,85,2.24,45,1.18,4,4,64,1.0,2.13
Premier League,2019-2020,Wolves,21,26.6,49,1.29,34,0.89,83,2.18,45,1.18,4,4,61,2.0,2.08
Premier League,2020-2021,Arsenal,29,25.9,53,1.39,38,1.0,91,2.39,47,1.24,6,6,49,5.0,2.24
Premier League,2020-2021,Aston Villa,24,25.2,52,1.37,38,1.0,90,2.37,47,1.24,5,6,71,4.0,2.24
Premier League,2020-2021,Brighton,27,25.8,39,1.03,24,0.63,63,1.66,33,0.87,6,9,49,6.0,1.5
Premier League,2020-2021,Burnley,25,28.3,32,0.84,20,0.53,52,1.37,29,0.76,3,3,48,0.0,1.29
Premier League,2020-2021,Chelsea,27,26.0,56,1.47,38,1.0,94,2.47,48,1.26,8,10,51,3.0,2.26
Premier League,2020-2021,Crystal Palace,24,29.1,39,1.03,29,0.76,68,1.79,36,0.95,3,4,56,2.0,1.71
Premier League,2020-2021,Everton,29,26.3,45,1.18,32,0.84,77,2.03,41,1.08,4,5,59,2.0,1.92
Premier League,2020-2021,Fulham,28,25.2,26,0.68,18,0.47,44,1.16,23,0.61,3,6,67,3.0,1.08
Premier League,2020-2021,Leeds United,23,26.1,60,1.58,45,1.18,105,2.76,56,1.47,4,4,61,1.0,2.66
Premier League,2020-2021,Leicester City,27,26.5,64,1.68,45,1.18,109,2.87,54,1.42,10,12,61,0.0,2.61
Premier League,2020-2021,Liverpool,28,26.8,65,1.71,43,1.13,108,2.84,59,1.55,6,6,40,0.0,2.68
Premier League,2020-2021,Manchester City,24,26.1,82,2.16,55,1.45,137,3.61,77,2.03,5,9,46,2.0,3.47
Premier League,2020-2021,Manchester Utd,29,25.6,70,1.84,51,1.34,121,3.18,60,1.58,10,11,64,1.0,2.92
Premier League,2020-2021,Newcastle Utd,27,27.1,44,1.16,26,0.68,70,1.84,38,1.0,6,7,65,3.0,1.68
Premier League,2020-2021,Sheffield Utd,27,26.7,19,0.5,13,0.34,32,0.84,16,0.42,3,4,73,3.0,0.76
Premier League,2020-2021,Southampton,29,26.6,47,1.24,33,0.87,80,2.11,42,1.11,5,6,52,3.0,1.97
Premier League,2020-2021,Tottenham,24,27.2,66,1.74,50,1.32,116,3.05,61,1.61,5,5,57,2.0,2.92
Premier League,2020-2021,West Brom,30,26.4,33,0.87,20,0.53,53,1.39,29,0.76,4,4,51,4.0,1.29
Premier League,2020-2021,West Ham,24,27.8,60,1.58,46,1.21,106,2.79,58,1.53,2,4,50,3.0,2.74
Premier League,2020-2021,Wolves,27,26.3,34,0.89,21,0.55,55,1.45,30,0.79,4,4,55,1.0,1.34
Premier League,2021-2022,Arsenal,27,24.4,60,1.58,41,1.08,101,2.66,55,1.45,5,8,67,4.0,2.53
Premier League,2021-2022,Aston Villa,31,26.1,50,1.32,42,1.11,92,2.42,47,1.24,3,3,81,2.0,2.34
Premier League,2021-2022,Brentford,29,25.4,46,1.21,33,0.87,79,2.08,40,1.05,6,6,65,3.0,1.92
Premier League,2021-2022,Brighton,26,26.2,40,1.05,30,0.79,70,1.84,36,0.95,4,7,72,2.0,1.74
Premier League,2021-2022,Burnley,23,28.5,32,0.84,26,0.68,58,1.53,31,0.82,1,2,68,2.0,1.5
Premier League,2021-2022,Chelsea,26,27.4,75,1.97,52,1.37,127,3.34,67,1.76,8,9,63,1.0,3.13
Premier League,2021-2022,Crystal Palace,24,27.1,50,1.32,31,0.82,81,2.13,44,1.16,6,8,69,1.0,1.97
Premier League,2021-2022,Everton,33,26.7,42,1.11,29,0.76,71,1.87,36,0.95,6,7,82,6.0,1.71
Premier League,2021-2022,Leeds United,29,26.1,42,1.11,26,0.68,68,1.79,37,0.97,5,5,101,3.0,1.66
Premier League,2021-2022,Leicester City,28,26.5,62,1.63,46,1.21,108,2.84,60,1.58,2,2,55,1.0,2.79
Premier League,2021-2022,Liverpool,27,27.7,94,2.47,71,1.87,165,4.34,87,2.29,7,8,50,1.0,4.16
Premier League,2021-2022,Manchester City,26,27.0,96,2.53,63,1.66,159,4.18,89,2.34,7,9,42,1.0,4.0
Premier League,2021-2022,Manchester Utd,29,27.2,56,1.47,46,1.21,102,2.68,53,1.39,3,5,77,2.0,2.61
Premier League,2021-2022,Newcastle Utd,29,27.5,41,1.08,23,0.61,64,1.68,38,1.0,3,3,81,2.0,1.61
Premier League,2021-2022,Norwich City,28,26.2,21,0.55,16,0.42,37,0.97,18,0.47,3,3,57,1.0,0.89
Premier League,2021-2022,Southampton,25,25.7,41,1.08,26,0.68,67,1.76,37,0.97,4,4,65,2.0,1.66
Premier League,2021-2022,Tottenham,25,26.5,63,1.66,50,1.32,113,2.97,58,1.53,5,5,69,1.0,2.84
Premier League,2021-2022,Watford,30,28.4,33,0.87,26,0.68,59,1.55,32,0.84,1,2,63,3.0,1.53
Premier League,2021-2022,West Ham,25,28.2,58,1.53,46,1.21,104,2.74,54,1.42,4,6,52,3.0,2.63
Premier League,2021-2022,Wolves,26,27.3,35,0.92,22,0.58,57,1.5,34,0.89,1,1,62,2.0,1.47
Premier League,2022-2023,Arsenal,26,24.7,84,2.21,64,1.68,148,3.89,81,2.13,3,4,51,0.0,3.82
Premier League,2022-2023,Aston Villa,26,27.0,49,1.29,35,0.92,84,2.21,46,1.21,3,4,80,1.0,2.13
Premier League,2022-2023,Bournemouth,31,26.3,37,0.97,24,0.63,61,1.61,37,0.97,0,0,68,0.0,1.61
Premier League,2022-2023,Brentford,25,26.2,56,1.47,36,0.95,92,2.42,49,1.29,7,8,57,1.0,2.24
Premier League,2022-2023,Brighton,29,26.3,68,1.79,46,1.21,114,3.0,62,1.63,6,6,58,0.0,2.84
Premier League,2022-2023,Chelsea,32,26.3,37,0.97,27,0.71,64,1.68,34,0.89,3,3,81,3.0,1.61
Premier League,2022-2023,Crystal Palace,26,26.7,38,1.0,29,0.76,67,1.76,37,0.97,1,3,82,3.0,1.74
Premier League,2022-2023,Everton,28,26.6,32,0.84,24,0.63,56,1.47,29,0.76,3,3,81,2.0,1.39
Premier League,2022-2023,Fulham,29,28.2,52,1.37,33,0.87,85,2.24,47,1.24,5,9,80,1.0,2.11
Premier League,2022-2023,Leeds United,29,25.3,45,1.18,31,0.82,76,2.0,44,1.16,1,3,89,3.0,1.97
Premier League,2022-2023,Leicester City,28,26.1,49,1.29,36,0.95,85,2.24,46,1.21,3,6,63,2.0,2.16
Premier League,2022-2023,Liverpool,28,27.4,71,1.87,58,1.53,129,3.39,69,1.82,2,4,57,1.0,3.34
Premier League,2022-2023,Manchester City,24,27.2,92,2.42,69,1.82,161,4.24,83,2.18,9,10,44,1.0,4.0
Premier League,2022-2023,Manchester Utd,26,26.9,56,1.47,42,1.11,98,2.58,53,1.39,3,3,78,2.0,2.5
Premier League,2022-2023,Newcastle Utd,27,27.3,64,1.68,42,1.11,106,2.79,58,1.53,6,6,61,1.0,2.63
Premier League,2022-2023,Nott'ham Forest,33,26.5,36,0.95,22,0.58,58,1.53,33,0.87,3,6,84,0.0,1.45
Premier League,2022-2023,Southampton,36,24.7,36,0.95,25,0.66,61,1.61,34,0.89,2,4,73,0.0,1.55
Premier League,2022-2023,Tottenham,29,27.6,68,1.79,46,1.21,114,3.0,63,1.66,5,6,77,3.0,2.87
Premier League,2022-2023,West Ham,25,28.2,41,1.08,25,0.66,66,1.74,35,0.92,6,8,44,0.0,1.58
Premier League,2022-2023,Wolves,32,26.7,28,0.74,12,0.32,40,1.05,25,0.66,3,3,85,6.0,0.97
Premier League,2023-2024,Arsenal,25,25.0,86,2.26,62,1.63,148,3.89,76,2.0,10,10,64,2.0,3.63
Premier League,2023-2024,Aston Villa,31,26.9,72,1.89,55,1.45,127,3.34,68,1.79,4,4,94,2.0,3.24
Premier League,2023-2024,Bournemouth,30,25.7,52,1.37,39,1.03,91,2.39,50,1.32,2,3,79,3.0,2.34
Premier League,2023-2024,Brentford,28,26.6,54,1.42,38,1.0,92,2.42,51,1.34,3,3,89,2.0,2.34
Premier League,2023-2024,Brighton,30,25.9,50,1.32,36,0.95,86,2.26,45,1.18,5,6,90,3.0,2.13
Premier League,2023-2024,Burnley,31,24.5,40,1.05,30,0.79,70,1.84,37,0.97,3,3,77,7.0,1.76
Premier League,2023-2024,Chelsea,32,24.2,76,2.0,51,1.34,127,3.34,65,1.71,11,12,109,4.0,3.05
Premier League,2023-2024,Crystal Palace,26,26.7,56,1.47,43,1.13,99,2.61,52,1.37,4,4,73,2.0,2.5
Premier League,2023-2024,Everton,26,27.1,40,1.05,17,0.45,57,1.5,38,1.0,2,3,82,1.0,1.45
Premier League,2023-2024,Fulham,25,28.4,54,1.42,40,1.05,94,2.47,52,1.37,2,2,84,4.0,2.42
Premier League,2023-2024,Liverpool,30,26.3,80,2.11,60,1.58,140,3.68,74,1.95,6,9,69,5.0,3.53
Premier League,2023-2024,Luton Town,28,26.7,49,1.29,33,0.87,82,2.16,44,1.16,5,5,71,0.0,2.03
Premier League,2023-2024,Manchester City,25,26.6,94,2.47,69,1.82,163,4.29,85,2.24,9,10,53,2.0,4.05
Premier League,2023-2024,Manchester Utd,31,26.1,57,1.5,36,0.95,93,2.45,51,1.34,6,7,83,1.0,2.29
Premier League,2023-2024,Newcastle Utd,32,27.2,83,2.18,55,1.45,138,3.63,75,1.97,8,9,79,1.0,3.42
Premier League,2023-2024,Nott'ham Forest,33,25.7,49,1.29,43,1.13,92,2.42,48,1.26,1,1,82,3.0,2.39
Premier League,2023-2024,Sheffield Utd,35,25.7,31,0.82,18,0.47,49,1.29,26,0.68,5,5,101,5.0,1.16
Premier League,2023-2024,Tottenham,29,25.2,69,1.82,58,1.53,127,3.34,67,1.76,2,2,92,4.0,3.29
Premier League,2023-2024,West Ham,26,28.3,58,1.53,40,1.05,98,2.58,54,1.42,4,5,82,3.0,2.47
Premier League,2023-2024,Wolves,27,26.6,47,1.24,36,0.95,83,2.18,43,1.13,4,4,102,4.0,2.08
La Liga,2010-2011,Almería,26,25.7,36,0.95,27,0.71,63,1.66,36,0.95,0,1,104,4.0,1.66
La Liga,2010-2011,Athletic Club,29,25.4,57,1.5,34,0.89,91,2.39,50,1.32,7,11,110,7.0,2.21
La Liga,2010-2011,Atlético Madrid,24,26.0,61,1.61,44,1.16,105,2.76,59,1.55,2,5,106,5.0,2.71
La Liga,2010-2011,Barcelona,28,26.5,94,2.47,73,1.92,167,4.39,89,2.34,5,5,72,2.0,4.26
La Liga,2010-2011,Espanyol,31,24.9,44,1.16,28,0.74,72,1.89,38,1.0,6,6,113,5.0,1.74
La Liga,2010-2011,Getafe,23,26.2,47,1.24,30,0.79,77,2.03,42,1.11,5,5,117,7.0,1.89
La Liga,2010-2011,Hércules,26,28.6,36,0.95,17,0.45,53,1.39,33,0.87,3,4,101,8.0,1.32
La Liga,2010-2011,La Coruña,30,27.2,30,0.79,21,0.55,51,1.34,25,0.66,5,5,95,5.0,1.21
La Liga,2010-2011,Levante,28,28.8,41,1.08,29,0.76,70,1.84,39,1.03,2,2,127,3.0,1.79
La Liga,2010-2011,Málaga,34,26.3,53,1.39,36,0.95,89,2.34,50,1.32,3,6,107,7.0,2.26
La Liga,2010-2011,Mallorca,24,26.5,41,1.08,31,0.82,72,1.89,37,0.97,4,7,88,4.0,1.79
La Liga,2010-2011,Osasuna,26,29.5,44,1.16,27,0.71,71,1.87,39,1.03,5,5,116,7.0,1.74
La Liga,2010-2011,Racing Sant,29,27.5,38,1.0,21,0.55,59,1.55,37,0.97,1,6,92,7.0,1.53
La Liga,2010-2011,Real Madrid,32,25.5,100,2.63,67,1.76,167,4.39,89,2.34,11,12,102,8.0,4.11
La Liga,2010-2011,Real Sociedad,23,26.2,45,1.18,32,0.84,77,2.03,41,1.08,4,4,80,0.0,1.92
La Liga,2010-2011,Sevilla,32,26.5,62,1.63,41,1.08,103,2.71,52,1.37,10,12,108,7.0,2.45
La Liga,2010-2011,Sporting Gijón,31,26.7,33,0.87,21,0.55,54,1.42,26,0.68,7,7,115,6.0,1.24
La Liga,2010-2011,Valencia,27,27.0,63,1.66,47,1.24,110,2.89,61,1.61,2,2,121,8.0,2.84
La Liga,2010-2011,Villarreal,28,26.4,54,1.42,39,1.03,93,2.45,50,1.32,4,4,94,5.0,2.34
La Liga,2010-2011,Zaragoza,24,27.5,40,1.05,22,0.58,62,1.63,34,0.89,6,6,128,9.0,1.47
La Liga,2011-2012,Athletic Club,22,24.4,49,1.29,33,0.87,82,2.16,48,1.26,1,2,116,8.0,2.13
La Liga,2011-2012,Atlético Madrid,24,25.1,51,1.34,32,0.84,83,2.18,46,1.21,5,6,132,4.0,2.05
La Liga,2011-2012,Barcelona,29,26.6,112,2.95,69,1.82,181,4.76,102,2.68,10,11,81,4.0,4.5
La Liga,2011-2012,Betis,31,27.4,47,1.24,25,0.66,72,1.89,44,1.16,3,3,107,7.0,1.82
La Liga,2011-2012,Espanyol,29,24.2,45,1.18,32,0.84,77,2.03,44,1.16,1,1,135,6.0,2.0
La Liga,2011-2012,Getafe,29,27.6,38,1.0,20,0.53,58,1.53,35,0.92,3,3,134,8.0,1.45
La Liga,2011-2012,Granada,25,26.5,35,0.92,18,0.47,53,1.39,31,0.82,4,4,116,10.0,1.29
La Liga,2011-2012,Levante,27,30.4,54,1.42,30,0.79,84,2.21,46,1.21,8,8,125,4.0,2.0
La Liga,2011-2012,Málaga,26,27.3,51,1.34,26,0.68,77,2.03,50,1.32,1,2,77,7.0,2.0
La Liga,2011-2012,Mallorca,28,26.4,38,1.0,25,0.66,63,1.66,33,0.87,5,5,122,6.0,1.53
La Liga,2011-2012,Osasuna,28,27.8,43,1.13,30,0.79,73,1.92,42,1.11,1,2,110,8.0,1.89
La Liga,2011-2012,Racing Sant,32,25.6,27,0.71,21,0.55,48,1.26,23,0.61,4,4,121,8.0,1.16
La Liga,2011-2012,Rayo Vallecano,32,26.8,51,1.34,26,0.68,77,2.03,46,1.21,5,6,129,3.0,1.89
La Liga,2011-2012,Real Madrid,25,26.1,120,3.16,85,2.24,205,5.39,108,2.84,12,13,97,5.0,5.08
La Liga,2011-2012,Real Sociedad,24,25.0,45,1.18,27,0.71,72,1.89,45,1.18,0,1,85,8.0,1.89
La Liga,2011-2012,Sevilla,28,26.9,47,1.24,32,0.84,79,2.08,46,1.21,1,4,116,8.0,2.05
La Liga,2011-2012,Sporting Gijón,30,26.4,41,1.08,21,0.55,62,1.63,38,1.0,3,3,125,5.0,1.55
La Liga,2011-2012,Valencia,26,25.9,55,1.45,34,0.89,89,2.34,52,1.37,3,4,129,7.0,2.26
La Liga,2011-2012,Villarreal,28,26.6,38,1.0,22,0.58,60,1.58,32,0.84,6,10,103,5.0,1.42
La Liga,2011-2012,Zaragoza,28,27.1,35,0.92,20,0.53,55,1.45,31,0.82,4,6,126,9.0,1.34
La Liga,2012-2013,Athletic Club,25,25.4,44,1.16,38,1.0,82,2.16,43,1.13,1,2,126,9.0,2.13
La Liga,2012-2013,Atlético Madrid,27,25.9,63,1.66,37,0.97,100,2.63,55,1.45,8,8,107,5.0,2.42
La Liga,2012-2013,Barcelona,25,26.6,112,2.95,91,2.39,203,5.34,108,2.84,4,5,60,2.0,5.24
La Liga,2012-2013,Betis,33,26.8,55,1.45,41,1.08,96,2.53,52,1.37,3,4,122,7.0,2.45
La Liga,2012-2013,Celta Vigo,28,26.9,37,0.97,27,0.71,64,1.68,34,0.89,3,3,105,4.0,1.61
La Liga,2012-2013,Espanyol,25,26.5,42,1.11,32,0.84,74,1.95,38,1.0,4,4,158,11.0,1.84
La Liga,2012-2013,Getafe,27,26.9,43,1.13,31,0.82,74,1.95,39,1.03,4,4,117,9.0,1.84
La Liga,2012-2013,Granada,28,26.9,35,0.92,18,0.47,53,1.39,28,0.74,7,8,107,5.0,1.21
La Liga,2012-2013,La Coruña,28,28.8,45,1.18,26,0.68,71,1.87,41,1.08,4,6,109,8.0,1.76
La Liga,2012-2013,Levante,27,29.2,39,1.03,22,0.58,61,1.61,36,0.95,3,5,119,7.0,1.53
La Liga,2012-2013,Málaga,28,27.9,52,1.37,37,0.97,89,2.34,48,1.26,4,5,96,6.0,2.24
La Liga,2012-2013,Mallorca,29,26.9,43,1.13,23,0.61,66,1.74,41,1.08,2,3,108,8.0,1.68
La Liga,2012-2013,Osasuna,30,27.6,33,0.87,24,0.63,57,1.5,32,0.84,1,1,119,10.0,1.47
La Liga,2012-2013,Rayo Vallecano,29,26.6,49,1.29,30,0.79,79,2.08,42,1.11,7,7,141,4.0,1.89
La Liga,2012-2013,Real Madrid,31,26.9,100,2.63,71,1.87,171,4.5,92,2.42,8,10,97,5.0,4.29
La Liga,2012-2013,Real Sociedad,22,25.3,68,1.79,49,1.29,117,3.08,61,1.61,7,7,98,2.0,2.89
La Liga,2012-2013,Sevilla,30,26.7,56,1.47,36,0.95,92,2.42,51,1.34,5,7,106,12.0,2.29
La Liga,2012-2013,Valencia,23,26.4,65,1.71,48,1.26,113,2.97,59,1.55,6,7,128,8.0,2.82
La Liga,2012-2013,Valladolid,23,27.3,48,1.26,32,0.84,80,2.11,43,1.13,5,6,83,3.0,1.97
La Liga,2012-2013,Zaragoza,33,26.9,37,0.97,23,0.61,60,1.58,29,0.76,8,8,135,11.0,1.37
La Liga,2013-2014,Almería,28,27.5,43,1.13,28,0.74,71,1.87,35,0.92,8,8,103,0.0,1.66
La Liga,2013-2014,Athletic Club,24,26.4,65,1.71,46,1.21,111,2.92,61,1.61,4,7,81,0.0,2.82
La Liga,2013-2014,Atlético Madrid,25,26.9,74,1.95,55,1.45,129,3.39,68,1.79,6,10,98,0.0,3.24
La Liga,2013-2014,Barcelona,25,27.4,96,2.53,71,1.87,167,4.39,85,2.24,11,13,71,0.0,4.11
La Liga,2013-2014,Betis,33,26.6,35,0.92,21,0.55,56,1.47,34,0.89,1,4,118,0.0,1.45
La Liga,2013-2014,Celta Vigo,26,25.0,47,1.24,32,0.84,79,2.08,45,1.18,2,3,86,0.0,2.03
La Liga,2013-2014,Elche,28,27.2,30,0.79,22,0.58,52,1.37,26,0.68,4,6,121,0.0,1.26
La Liga,2013-2014,Espanyol,24,26.7,40,1.05,30,0.79,70,1.84,35,0.92,5,6,100,0.0,1.71
La Liga,2013-2014,Getafe,28,27.7,34,0.89,30,0.79,64,1.68,32,0.84,2,3,129,0.0,1.63
La Liga,2013-2014,Granada,26,26.3,31,0.82,22,0.58,53,1.39,28,0.74,3,6,109,0.0,1.32
La Liga,2013-2014,Levante,28,28.9,33,0.87,19,0.5,52,1.37,29,0.76,4,8,116,0.0,1.26
La Liga,2013-2014,Málaga,28,27.0,39,1.03,30,0.79,69,1.82,37,0.97,2,3,128,0.0,1.76
La Liga,2013-2014,Osasuna,25,28.0,31,0.82,15,0.39,46,1.21,31,0.82,0,0,91,0.0,1.21
La Liga,2013-2014,Rayo Vallecano,30,25.8,45,1.18,30,0.79,75,1.97,38,1.0,7,9,102,0.0,1.79
La Liga,2013-2014,Real Madrid,25,26.4,103,2.71,78,2.05,181,4.76,97,2.55,6,6,76,0.0,4.61
La Liga,2013-2014,Real Sociedad,27,25.8,59,1.55,44,1.16,103,2.71,57,1.5,2,2,76,0.0,2.66
La Liga,2013-2014,Sevilla,31,25.9,68,1.79,47,1.24,115,3.03,61,1.61,7,10,121,0.0,2.84
La Liga,2013-2014,Valencia,31,26.1,51,1.34,35,0.92,86,2.26,49,1.29,2,3,102,0.0,2.21
La Liga,2013-2014,Valladolid,25,27.7,37,0.97,28,0.74,65,1.71,36,0.95,1,2,103,0.0,1.68
La Liga,2013-2014,Villarreal,25,25.2,58,1.53,42,1.11,100,2.63,53,1.39,5,6,77,0.0,2.5
La Liga,2014-2015,Almería,27,26.1,33,0.87,22,0.58,55,1.45,28,0.74,5,6,124,0.0,1.32
La Liga,2014-2015,Athletic Club,26,26.8,41,1.08,26,0.68,67,1.76,36,0.95,5,5,103,0.0,1.63
La Liga,2014-2015,Atlético Madrid,25,27.5,65,1.71,48,1.26,113,2.97,60,1.58,5,6,118,0.0,2.84
La Liga,2014-2015,Barcelona,24,27.7,107,2.82,79,2.08,186,4.89,101,2.66,6,7,69,0.0,4.74
La Liga,2014-2015,Celta Vigo,23,26.3,47,1.24,33,0.87,80,2.11,43,1.13,4,6,120,0.0,2.0
La Liga,2014-2015,Córdoba,33,25.7,21,0.55,12,0.32,33,0.87,19,0.5,2,3,106,0.0,0.82
La Liga,2014-2015,Eibar,23,27.6,33,0.87,25,0.66,58,1.53,31,0.82,2,2,110,0.0,1.47
La Liga,2014-2015,Elche,24,26.3,35,0.92,25,0.66,60,1.58,31,0.82,4,7,113,0.0,1.47
La Liga,2014-2015,Espanyol,27,26.9,47,1.24,29,0.76,76,2.0,43,1.13,4,4,125,0.0,1.89
La Liga,2014-2015,Getafe,27,26.9,32,0.84,25,0.66,57,1.5,31,0.82,1,2,98,0.0,1.47
La Liga,2014-2015,Granada,34,26.6,29,0.76,17,0.45,46,1.21,23,0.61,6,6,115,0.0,1.05
La Liga,2014-2015,La Coruña,27,26.9,33,0.87,17,0.45,50,1.32,29,0.76,4,7,111,0.0,1.21
La Liga,2014-2015,Levante,29,28.0,34,0.89,22,0.58,56,1.47,31,0.82,3,4,107,0.0,1.39
La Liga,2014-2015,Málaga,23,26.6,40,1.05,27,0.71,67,1.76,36,0.95,4,7,112,0.0,1.66
La Liga,2014-2015,Rayo Vallecano,28,27.2,46,1.21,33,0.87,79,2.08,44,1.16,2,3,113,0.0,2.03
La Liga,2014-2015,Real Madrid,24,26.4,116,3.05,91,2.39,207,5.45,105,2.76,11,13,87,0.0,5.16
La Liga,2014-2015,Real Sociedad,25,26.5,41,1.08,35,0.92,76,2.0,38,1.0,3,3,89,0.0,1.92
La Liga,2014-2015,Sevilla,26,26.2,68,1.79,45,1.18,113,2.97,60,1.58,8,10,118,0.0,2.76
La Liga,2014-2015,Valencia,24,24.8,66,1.74,48,1.26,114,3.0,61,1.61,5,7,112,0.0,2.87
La Liga,2014-2015,Villarreal,28,25.0,48,1.26,34,0.89,82,2.16,46,1.21,2,2,96,0.0,2.11
La Liga,2015-2016,Athletic Club,25,27.7,57,1.5,42,1.11,99,2.61,54,1.42,3,5,86,6.0,2.53
La Liga,2015-2016,Atlético Madrid,25,25.9,62,1.63,47,1.24,109,2.87,61,1.61,1,2,94,3.0,2.84
La Liga,2015-2016,Barcelona,25,28.0,109,2.87,74,1.95,183,4.82,98,2.58,11,19,67,1.0,4.53
La Liga,2015-2016,Betis,29,27.4,34,0.89,25,0.66,59,1.55,31,0.82,3,4,114,5.0,1.47
La Liga,2015-2016,Celta Vigo,27,26.1,50,1.32,41,1.08,91,2.39,46,1.21,4,5,115,8.0,2.29
La Liga,2015-2016,Eibar,28,25.6,47,1.24,31,0.82,78,2.05,41,1.08,6,8,108,4.0,1.89
La Liga,2015-2016,Espanyol,26,24.9,38,1.0,29,0.76,67,1.76,37,0.97,1,3,132,5.0,1.74
La Liga,2015-2016,Getafe,27,26.7,36,0.95,31,0.82,67,1.76,35,0.92,1,2,129,6.0,1.74
La Liga,2015-2016,Granada,28,25.9,45,1.18,26,0.68,71,1.87,38,1.0,7,7,141,7.0,1.68
La Liga,2015-2016,La Coruña,25,28.2,41,1.08,31,0.82,72,1.89,40,1.05,1,1,86,4.0,1.87
La Liga,2015-2016,Las Palmas,27,27.6,42,1.11,31,0.82,73,1.92,38,1.0,4,5,100,4.0,1.82
La Liga,2015-2016,Levante,27,27.2,36,0.95,23,0.61,59,1.55,34,0.89,2,2,134,7.0,1.5
La Liga,2015-2016,Málaga,30,28.0,37,0.97,27,0.71,64,1.68,35,0.92,2,4,110,5.0,1.63
La Liga,2015-2016,Rayo Vallecano,29,28.5,52,1.37,38,1.0,90,2.37,50,1.32,2,3,115,10.0,2.32
La Liga,2015-2016,Real Madrid,24,26.5,108,2.84,86,2.26,194,5.11,102,2.68,6,9,75,5.0,4.95
La Liga,2015-2016,Real Sociedad,27,25.3,44,1.16,31,0.82,75,1.97,43,1.13,1,1,109,5.0,1.95
La Liga,2015-2016,Sevilla,33,26.9,50,1.32,35,0.92,85,2.24,44,1.16,6,7,106,8.0,2.08
La Liga,2015-2016,Sporting Gijón,28,24.5,39,1.03,29,0.76,68,1.79,38,1.0,1,2,107,6.0,1.76
La Liga,2015-2016,Valencia,30,24.7,42,1.11,27,0.71,69,1.82,38,1.0,4,5,110,7.0,1.71
La Liga,2015-2016,Villarreal,26,25.3,42,1.11,32,0.84,74,1.95,39,1.03,3,3,103,4.0,1.87
La Liga,2016-2017,Alavés,25,25.4,41,1.08,27,0.71,68,1.79,37,0.97,4,4,120,5.0,1.68
La Liga,2016-2017,Athletic Club,25,26.8,53,1.39,31,0.82,84,2.21,45,1.18,8,8,89,2.0,2.0
La Liga,2016-2017,Atlético Madrid,22,26.9,70,1.84,54,1.42,124,3.26,68,1.79,2,7,85,3.0,3.21
La Liga,2016-2017,Barcelona,25,26.9,113,2.97,71,1.87,184,4.84,105,2.76,8,9,75,1.0,4.63
La Liga,2016-2017,Betis,27,26.1,41,1.08,27,0.71,68,1.79,39,1.03,2,2,106,5.0,1.74
La Liga,2016-2017,Celta Vigo,27,26.1,52,1.37,33,0.87,85,2.24,45,1.18,7,7,111,8.0,2.05
La Liga,2016-2017,Eibar,24,26.9,53,1.39,34,0.89,87,2.29,47,1.24,6,8,96,7.0,2.13
La Liga,2016-2017,Espanyol,27,27.2,48,1.26,36,0.95,84,2.21,46,1.21,2,4,82,2.0,2.16
La Liga,2016-2017,Granada,35,24.7,30,0.79,19,0.5,49,1.29,30,0.79,0,1,116,6.0,1.29
La Liga,2016-2017,La Coruña,28,27.7,42,1.11,29,0.76,71,1.87,39,1.03,3,7,97,4.0,1.79
La Liga,2016-2017,Las Palmas,29,27.3,52,1.37,34,0.89,86,2.26,46,1.21,6,6,106,6.0,2.11
La Liga,2016-2017,Leganés,31,26.3,36,0.95,24,0.63,60,1.58,33,0.87,3,4,107,3.0,1.5
La Liga,2016-2017,Málaga,29,26.0,48,1.26,33,0.87,81,2.13,45,1.18,3,5,116,7.0,2.05
La Liga,2016-2017,Osasuna,35,26.3,37,0.97,24,0.63,61,1.61,33,0.87,4,6,100,3.0,1.5
La Liga,2016-2017,Real Madrid,24,27.0,106,2.79,83,2.18,189,4.97,100,2.63,6,8,76,2.0,4.82
La Liga,2016-2017,Real Sociedad,27,26.0,56,1.47,39,1.03,95,2.5,49,1.29,7,8,89,6.0,2.32
La Liga,2016-2017,Sevilla,28,26.8,67,1.76,48,1.26,115,3.03,64,1.68,3,5,109,4.0,2.95
La Liga,2016-2017,Sporting Gijón,29,26.4,42,1.11,26,0.68,68,1.79,38,1.0,4,7,116,4.0,1.68
La Liga,2016-2017,Valencia,31,25.9,53,1.39,38,1.0,91,2.39,49,1.29,4,6,114,6.0,2.29
La Liga,2016-2017,Villarreal,27,26.7,55,1.45,36,0.95,91,2.39,49,1.29,6,8,91,4.0,2.24
La Liga,2017-2018,Alavés,30,25.5,40,1.05,31,0.82,71,1.87,39,1.03,1,3,109,4.0,1.84
La Liga,2017-2018,Athletic Club,26,26.7,39,1.03,25,0.66,64,1.68,33,0.87,6,8,93,0.0,1.53
La Liga,2017-2018,Atlético Madrid,26,26.6,57,1.5,41,1.08,98,2.58,53,1.39,4,5,96,5.0,2.47
La Liga,2017-2018,Barcelona,25,27.7,96,2.53,74,1.95,170,4.47,93,2.45,3,5,67,2.0,4.39
La Liga,2017-2018,Betis,29,27.1,56,1.47,43,1.13,99,2.61,54,1.42,2,3,91,3.0,2.55
La Liga,2017-2018,Celta Vigo,23,25.7,57,1.5,45,1.18,102,2.68,55,1.45,2,3,85,1.0,2.63
La Liga,2017-2018,Eibar,27,27.4,43,1.13,31,0.82,74,1.95,41,1.08,2,3,86,3.0,1.89
La Liga,2017-2018,Espanyol,25,26.8,33,0.87,24,0.63,57,1.5,31,0.82,2,3,88,1.0,1.45
La Liga,2017-2018,Getafe,32,28.2,41,1.08,27,0.71,68,1.79,36,0.95,5,12,134,5.0,1.66
La Liga,2017-2018,Girona,25,26.3,50,1.32,31,0.82,81,2.13,44,1.16,6,8,102,0.0,1.97
La Liga,2017-2018,La Coruña,32,28.2,38,1.0,30,0.79,68,1.79,35,0.92,3,5,100,2.0,1.71
La Liga,2017-2018,Las Palmas,36,27.0,24,0.63,15,0.39,39,1.03,18,0.47,6,8,89,3.0,0.87
La Liga,2017-2018,Leganés,28,27.8,32,0.84,23,0.61,55,1.45,30,0.79,2,3,105,5.0,1.39
La Liga,2017-2018,Levante,33,25.7,43,1.13,28,0.74,71,1.87,38,1.0,5,5,111,6.0,1.74
La Liga,2017-2018,Málaga,37,27.2,23,0.61,15,0.39,38,1.0,19,0.5,4,6,101,8.0,0.89
La Liga,2017-2018,Real Madrid,24,27.1,91,2.39,65,1.71,156,4.11,83,2.18,8,10,67,4.0,3.89
La Liga,2017-2018,Real Sociedad,27,25.9,64,1.68,47,1.24,111,2.92,60,1.58,4,5,64,5.0,2.82
La Liga,2017-2018,Sevilla,31,27.1,48,1.26,35,0.92,83,2.18,44,1.16,4,5,99,3.0,2.08
La Liga,2017-2018,Valencia,25,24.8,63,1.66,45,1.18,108,2.84,55,1.45,8,8,107,5.0,2.63
La Liga,2017-2018,Villarreal,32,26.6,56,1.47,45,1.18,101,2.66,52,1.37,4,5,117,6.0,2.55
La Liga,2018-2019,Alavés,26,26.7,39,1.03,27,0.71,66,1.74,37,0.97,2,3,101,1.0,1.68
La Liga,2018-2019,Athletic Club,27,27.6,39,1.03,26,0.68,65,1.71,34,0.89,5,7,120,4.0,1.58
La Liga,2018-2019,Atlético Madrid,29,26.4,53,1.39,36,0.95,89,2.34,50,1.32,3,4,103,5.0,2.26
La Liga,2018-2019,Barcelona,30,27.7,88,2.32,61,1.61,149,3.92,80,2.11,8,9,77,2.0,3.71
La Liga,2018-2019,Betis,25,26.7,43,1.13,30,0.79,73,1.92,38,1.0,5,7,89,1.0,1.79
La Liga,2018-2019,Celta Vigo,28,25.5,52,1.37,37,0.97,89,2.34,45,1.18,7,7,84,6.0,2.16
La Liga,2018-2019,Eibar,25,28.5,46,1.21,26,0.68,72,1.89,39,1.03,7,8,82,2.0,1.71
La Liga,2018-2019,Espanyol,25,27.7,43,1.13,26,0.68,69,1.82,39,1.03,4,4,92,2.0,1.71
La Liga,2018-2019,Getafe,26,27.5,47,1.24,34,0.89,81,2.13,41,1.08,6,6,111,7.0,1.97
La Liga,2018-2019,Girona,26,26.6,37,0.97,23,0.61,60,1.58,31,0.82,6,6,83,4.0,1.42
La Liga,2018-2019,Huesca,30,26.7,43,1.13,28,0.74,71,1.87,37,0.97,6,7,114,3.0,1.71
La Liga,2018-2019,Leganés,29,26.6,36,0.95,25,0.66,61,1.61,33,0.87,3,5,106,4.0,1.53
La Liga,2018-2019,Levante,26,26.3,56,1.47,39,1.03,95,2.5,51,1.34,5,7,112,7.0,2.37
La Liga,2018-2019,Rayo Vallecano,29,26.6,40,1.05,24,0.63,64,1.68,35,0.92,5,5,106,8.0,1.55
La Liga,2018-2019,Real Madrid,27,27.1,61,1.61,39,1.03,100,2.63,52,1.37,9,9,83,6.0,2.39
La Liga,2018-2019,Real Sociedad,30,24.9,44,1.16,27,0.71,71,1.87,36,0.95,8,10,82,4.0,1.66
La Liga,2018-2019,Sevilla,27,27.9,60,1.58,47,1.24,107,2.82,55,1.45,5,6,118,6.0,2.68
La Liga,2018-2019,Valencia,25,26.4,50,1.32,38,1.0,88,2.32,45,1.18,5,7,90,3.0,2.18
La Liga,2018-2019,Valladolid,28,27.4,31,0.82,19,0.5,50,1.32,27,0.71,4,7,92,0.0,1.21
La Liga,2018-2019,Villarreal,26,27.1,47,1.24,34,0.89,81,2.13,44,1.16,3,6,118,3.0,2.05
La Liga,2019-2020,Alavés,32,27.6,34,0.89,20,0.53,54,1.42,28,0.74,6,6,111,7.0,1.26
La Liga,2019-2020,Athletic Club,26,26.7,40,1.05,23,0.61,63,1.66,32,0.84,8,10,90,2.0,1.45
La Liga,2019-2020,Atlético Madrid,30,26.1,50,1.32,35,0.92,85,2.24,44,1.16,6,8,93,3.0,2.08
La Liga,2019-2020,Barcelona,28,27.8,84,2.21,62,1.63,146,3.84,78,2.05,6,6,92,6.0,3.68
La Liga,2019-2020,Betis,27,27.5,48,1.26,35,0.92,83,2.18,42,1.11,6,8,108,9.0,2.03
La Liga,2019-2020,Celta Vigo,30,25.8,37,0.97,26,0.68,63,1.66,31,0.82,6,9,104,6.0,1.5
La Liga,2019-2020,Eibar,26,29.3,38,1.0,24,0.63,62,1.63,31,0.82,7,10,92,3.0,1.45
La Liga,2019-2020,Espanyol,31,27.7,25,0.66,17,0.45,42,1.11,21,0.55,4,4,107,9.0,1.0
La Liga,2019-2020,Getafe,30,27.5,42,1.11,31,0.82,73,1.92,36,0.95,6,7,135,5.0,1.76
La Liga,2019-2020,Granada,27,26.8,50,1.32,34,0.89,84,2.21,45,1.18,5,5,109,1.0,2.08
La Liga,2019-2020,Leganés,29,26.9,30,0.79,19,0.5,49,1.29,27,0.71,3,5,127,4.0,1.21
La Liga,2019-2020,Levante,29,27.7,45,1.18,28,0.74,73,1.92,40,1.05,5,5,79,5.0,1.79
La Liga,2019-2020,Mallorca,32,26.8,39,1.03,21,0.55,60,1.58,31,0.82,8,10,93,5.0,1.37
La Liga,2019-2020,Osasuna,31,27.7,46,1.21,26,0.68,72,1.89,38,1.0,8,8,110,6.0,1.68
La Liga,2019-2020,Real Madrid,26,27.6,69,1.82,52,1.37,121,3.18,58,1.53,11,11,82,4.0,2.89
La Liga,2019-2020,Real Sociedad,27,24.8,54,1.42,38,1.0,92,2.42,50,1.32,4,5,79,2.0,2.32
La Liga,2019-2020,Sevilla,26,27.7,53,1.39,35,0.92,88,2.32,46,1.21,7,7,97,1.0,2.13
La Liga,2019-2020,Valencia,28,27.0,45,1.18,34,0.89,79,2.08,40,1.05,5,8,80,8.0,1.95
La Liga,2019-2020,Valladolid,30,27.1,31,0.82,19,0.5,50,1.32,28,0.74,3,6,84,0.0,1.24
La Liga,2019-2020,Villarreal,25,27.6,62,1.63,40,1.05,102,2.68,52,1.37,10,11,78,1.0,2.42
La Liga,2020-2021,Alavés,30,28.7,35,0.92,21,0.55,56,1.47,30,0.79,5,8,96,8.0,1.34
La Liga,2020-2021,Athletic Club,27,26.6,43,1.13,31,0.82,74,1.95,39,1.03,4,5,82,3.0,1.84
La Liga,2020-2021,Atlético Madrid,25,27.3,65,1.71,54,1.42,119,3.13,60,1.58,5,7,100,0.0,3.0
La Liga,2020-2021,Barcelona,25,26.4,80,2.11,51,1.34,131,3.45,76,2.0,4,8,72,2.0,3.34
La Liga,2020-2021,Betis,25,27.9,50,1.32,35,0.92,85,2.24,42,1.11,8,11,93,8.0,2.03
La Liga,2020-2021,Cádiz,34,28.8,33,0.87,16,0.42,49,1.29,29,0.76,4,4,81,3.0,1.18
La Liga,2020-2021,Celta Vigo,30,26.6,55,1.45,39,1.03,94,2.47,48,1.26,7,7,109,5.0,2.29
La Liga,2020-2021,Eibar,30,28.2,29,0.76,20,0.53,49,1.29,25,0.66,4,9,71,3.0,1.18
La Liga,2020-2021,Elche,30,28.1,33,0.87,25,0.66,58,1.53,31,0.82,2,3,99,3.0,1.47
La Liga,2020-2021,Getafe,31,26.7,27,0.71,14,0.37,41,1.08,24,0.63,3,5,120,7.0,1.0
La Liga,2020-2021,Granada,34,27.4,47,1.24,30,0.79,77,2.03,44,1.16,3,5,97,6.0,1.95
La Liga,2020-2021,Huesca,27,28.0,32,0.84,23,0.61,55,1.45,29,0.76,3,4,69,2.0,1.37
La Liga,2020-2021,Levante,29,28.0,45,1.18,35,0.92,80,2.11,42,1.11,3,6,68,1.0,2.03
La Liga,2020-2021,Osasuna,28,27.9,36,0.95,25,0.66,61,1.61,31,0.82,5,6,80,5.0,1.47
La Liga,2020-2021,Real Madrid,30,27.9,64,1.68,53,1.39,117,3.08,61,1.61,3,3,59,2.0,3.0
La Liga,2020-2021,Real Sociedad,30,25.0,58,1.53,39,1.03,97,2.55,49,1.29,9,12,81,1.0,2.32
La Liga,2020-2021,Sevilla,26,28.1,52,1.37,36,0.95,88,2.32,46,1.21,6,7,79,2.0,2.16
La Liga,2020-2021,Valencia,30,25.2,48,1.26,35,0.92,83,2.18,40,1.05,8,10,82,5.0,1.97
La Liga,2020-2021,Valladolid,32,28.1,34,0.89,21,0.55,55,1.45,27,0.71,7,8,93,4.0,1.26
La Liga,2020-2021,Villarreal,29,28.0,57,1.5,33,0.87,90,2.37,45,1.18,12,13,67,5.0,2.05
La Liga,2021-2022,Alavés,33,27.9,29,0.76,20,0.53,49,1.29,23,0.61,6,7,93,4.0,1.13
La Liga,2021-2022,Athletic Club,26,26.9,40,1.05,34,0.89,74,1.95,37,0.97,3,7,90,4.0,1.87
La Liga,2021-2022,Atlético Madrid,26,28.1,63,1.66,45,1.18,108,2.84,59,1.55,4,5,111,7.0,2.74
La Liga,2021-2022,Barcelona,38,26.2,68,1.79,52,1.37,120,3.16,62,1.63,6,7,97,5.0,3.0
La Liga,2021-2022,Betis,31,28.9,60,1.58,45,1.18,105,2.76,54,1.42,6,6,87,6.0,2.61
La Liga,2021-2022,Cádiz,33,28.5,35,0.92,21,0.55,56,1.47,32,0.84,3,6,105,3.0,1.39
La Liga,2021-2022,Celta Vigo,25,28.4,43,1.13,29,0.76,72,1.89,40,1.05,3,6,87,3.0,1.82
La Liga,2021-2022,Elche,28,29.1,39,1.03,29,0.76,68,1.79,38,1.0,1,1,104,6.0,1.76
La Liga,2021-2022,Espanyol,34,27.7,39,1.03,25,0.66,64,1.68,34,0.89,5,5,99,7.0,1.55
La Liga,2021-2022,Getafe,31,26.6,31,0.82,26,0.68,57,1.5,28,0.74,3,5,121,8.0,1.42
La Liga,2021-2022,Granada,32,28.1,43,1.13,28,0.74,71,1.87,40,1.05,3,5,105,4.0,1.79
La Liga,2021-2022,Levante,31,28.0,51,1.34,34,0.89,85,2.24,43,1.13,8,13,109,6.0,2.03
La Liga,2021-2022,Mallorca,33,27.9,33,0.87,23,0.61,56,1.47,27,0.71,6,7,114,7.0,1.32
La Liga,2021-2022,Osasuna,29,27.7,37,0.97,23,0.61,60,1.58,31,0.82,6,8,84,2.0,1.42
La Liga,2021-2022,Rayo Vallecano,28,27.5,38,1.0,28,0.74,66,1.74,34,0.89,4,4,101,3.0,1.63
La Liga,2021-2022,Real Madrid,31,27.7,80,2.11,59,1.55,139,3.66,72,1.89,8,12,76,0.0,3.45
La Liga,2021-2022,Real Sociedad,32,25.7,40,1.05,22,0.58,62,1.63,31,0.82,9,10,77,4.0,1.39
La Liga,2021-2022,Sevilla,33,28.6,51,1.34,40,1.05,91,2.39,49,1.29,2,3,97,4.0,2.34
La Liga,2021-2022,Valencia,34,24.8,45,1.18,30,0.79,75,1.97,37,0.97,8,9,134,8.0,1.76
La Liga,2021-2022,Villarreal,29,28.0,62,1.63,51,1.34,113,2.97,57,1.5,5,6,81,1.0,2.84
La Liga,2022-2023,Almería,29,26.4,49,1.29,33,0.87,82,2.16,47,1.24,2,3,98,4.0,2.11
La Liga,2022-2023,Athletic Club,26,27.4,46,1.21,33,0.87,79,2.08,41,1.08,5,7,81,5.0,1.95
La Liga,2022-2023,Atlético Madrid,27,28.5,68,1.79,51,1.34,119,3.13,67,1.76,1,1,92,8.0,3.11
La Liga,2022-2023,Barcelona,29,25.9,69,1.82,56,1.47,125,3.29,69,1.82,0,2,84,6.0,3.29
La Liga,2022-2023,Betis,30,28.6,43,1.13,26,0.68,69,1.82,35,0.92,8,9,83,15.0,1.61
La Liga,2022-2023,Cádiz,38,29.1,29,0.76,20,0.53,49,1.29,25,0.66,4,5,116,7.0,1.18
La Liga,2022-2023,Celta Vigo,26,26.7,41,1.08,31,0.82,72,1.89,39,1.03,2,3,85,6.0,1.84
La Liga,2022-2023,Elche,32,28.3,30,0.79,21,0.55,51,1.34,26,0.68,4,5,99,12.0,1.24
La Liga,2022-2023,Espanyol,33,27.6,51,1.34,31,0.82,82,2.16,46,1.21,5,5,99,10.0,2.03
La Liga,2022-2023,Getafe,25,27.4,34,0.89,21,0.55,55,1.45,29,0.76,5,8,126,9.0,1.32
La Liga,2022-2023,Girona,29,26.0,55,1.45,41,1.08,96,2.53,47,1.24,8,9,92,3.0,2.32
La Liga,2022-2023,Mallorca,31,27.7,36,0.95,27,0.71,63,1.66,32,0.84,4,5,120,5.0,1.55
La Liga,2022-2023,Osasuna,26,27.5,36,0.95,30,0.79,66,1.74,32,0.84,4,5,93,7.0,1.63
La Liga,2022-2023,Rayo Vallecano,28,27.9,41,1.08,29,0.76,70,1.84,37,0.97,4,8,90,6.0,1.74
La Liga,2022-2023,Real Madrid,26,27.4,73,1.92,56,1.47,129,3.39,64,1.68,9,12,72,3.0,3.16
La Liga,2022-2023,Real Sociedad,30,25.9,47,1.24,36,0.95,83,2.18,45,1.18,2,4,90,2.0,2.13
La Liga,2022-2023,Sevilla,35,28.7,47,1.24,31,0.82,78,2.05,43,1.13,4,5,121,13.0,1.95
La Liga,2022-2023,Valencia,28,24.2,40,1.05,23,0.61,63,1.66,35,0.92,5,8,93,8.0,1.53
La Liga,2022-2023,Valladolid,36,27.4,32,0.84,24,0.63,56,1.47,29,0.76,3,4,94,6.0,1.39
La Liga,2022-2023,Villarreal,32,28.4,57,1.5,33,0.87,90,2.37,53,1.39,4,7,91,4.0,2.26
La Liga,2023-2024,Alavés,30,25.6,33,0.87,28,0.74,61,1.61,30,0.79,3,7,84,1.0,1.53
La Liga,2023-2024,Almería,35,25.6,42,1.11,25,0.66,67,1.76,40,1.05,2,2,93,6.0,1.71
La Liga,2023-2024,Athletic Club,27,27.3,59,1.55,41,1.08,100,2.63,56,1.47,3,5,80,5.0,2.55
La Liga,2023-2024,Atlético Madrid,27,29.2,68,1.79,48,1.26,116,3.05,63,1.66,5,6,89,5.0,2.92
La Liga,2023-2024,Barcelona,29,26.0,76,2.0,55,1.45,131,3.45,70,1.84,6,7,87,2.0,3.29
La Liga,2023-2024,Betis,35,27.8,46,1.21,31,0.82,77,2.03,44,1.16,2,3,87,3.0,1.97
La Liga,2023-2024,Cádiz,34,28.5,25,0.66,17,0.45,42,1.11,22,0.58,3,3,107,7.0,1.03
La Liga,2023-2024,Celta Vigo,31,26.7,45,1.18,35,0.92,80,2.11,42,1.11,3,5,66,5.0,2.03
La Liga,2023-2024,Getafe,33,27.3,42,1.11,27,0.71,69,1.82,36,0.95,6,7,135,10.0,1.66
La Liga,2023-2024,Girona,25,26.1,84,2.21,64,1.68,148,3.89,77,2.03,7,8,75,1.0,3.71
La Liga,2023-2024,Granada,40,26.7,35,0.92,27,0.71,62,1.63,30,0.79,5,8,98,4.0,1.5
La Liga,2023-2024,Las Palmas,29,25.5,33,0.87,23,0.61,56,1.47,30,0.79,3,5,84,5.0,1.39
La Liga,2023-2024,Mallorca,25,28.7,33,0.87,27,0.71,60,1.58,32,0.84,1,3,105,4.0,1.55
La Liga,2023-2024,Osasuna,29,27.7,45,1.18,32,0.84,77,2.03,41,1.08,4,5,78,5.0,1.92
La Liga,2023-2024,Rayo Vallecano,26,29.4,29,0.76,12,0.32,41,1.08,23,0.61,6,6,108,5.0,0.92
La Liga,2023-2024,Real Madrid,27,27.4,85,2.24,66,1.74,151,3.97,83,2.18,2,5,69,4.0,3.92
La Liga,2023-2024,Real Sociedad,31,25.8,48,1.26,36,0.95,84,2.21,44,1.16,4,4,98,2.0,2.11
La Liga,2023-2024,Sevilla,35,28.6,46,1.21,30,0.79,76,2.0,44,1.16,2,2,108,4.0,1.95
La Liga,2023-2024,Valencia,29,23.8,39,1.03,24,0.63,63,1.66,31,0.82,8,9,64,5.0,1.45
La Liga,2023-2024,Villarreal,32,27.9,64,1.68,47,1.24,111,2.92,59,1.55,5,7,110,8.0,2.79
Bundesliga,2010-2011,Bayern Munich,24,26.5,77,2.26,54,1.59,131,3.85,74,2.18,3,6,43,2.0,3.76
Bundesliga,2010-2011,Dortmund,23,23.4,63,1.85,42,1.24,105,3.09,63,1.85,0,3,41,1.0,3.09
Bundesliga,2010-2011,Eint Frankfurt,27,26.2,31,0.91,20,0.59,51,1.5,27,0.79,4,4,75,3.0,1.38
Bundesliga,2010-2011,Freiburg,27,25.5,38,1.12,21,0.62,59,1.74,34,1.0,4,6,48,3.0,1.62
Bundesliga,2010-2011,Gladbach,28,25.8,47,1.38,29,0.85,76,2.24,43,1.26,4,4,56,8.0,2.12
Bundesliga,2010-2011,Hamburger SV,25,28.0,45,1.32,28,0.82,73,2.15,42,1.24,3,3,55,2.0,2.06
Bundesliga,2010-2011,Hannover 96,23,25.6,48,1.41,30,0.88,78,2.29,45,1.32,3,3,60,5.0,2.21
Bundesliga,2010-2011,Hoffenheim,28,23.9,48,1.41,27,0.79,75,2.21,43,1.26,5,5,63,4.0,2.06
Bundesliga,2010-2011,Kaiserslautern,25,25.2,47,1.38,32,0.94,79,2.32,46,1.35,1,2,63,4.0,2.29
Bundesliga,2010-2011,Köln,30,26.3,47,1.38,25,0.74,72,2.12,45,1.32,2,2,79,1.0,2.06
Bundesliga,2010-2011,Leverkusen,21,25.2,62,1.82,39,1.15,101,2.97,56,1.65,6,6,57,1.0,2.79
Bundesliga,2010-2011,Mainz 05,26,26.1,49,1.44,37,1.09,86,2.53,46,1.35,3,5,54,1.0,2.44
Bundesliga,2010-2011,Nürnberg,28,25.2,45,1.32,28,0.82,73,2.15,43,1.26,2,4,69,3.0,2.09
Bundesliga,2010-2011,Schalke 04,31,25.3,37,1.09,23,0.68,60,1.76,35,1.03,2,3,57,4.0,1.71
Bundesliga,2010-2011,St. Pauli,28,26.7,34,1.0,23,0.68,57,1.68,31,0.91,3,3,60,5.0,1.59
Bundesliga,2010-2011,Stuttgart,27,24.8,60,1.76,35,1.03,95,2.79,54,1.59,6,8,64,4.0,2.62
Bundesliga,2010-2011,Werder Bremen,28,26.6,43,1.26,29,0.85,72,2.12,36,1.06,7,11,71,4.0,1.91
Bundesliga,2010-2011,Wolfsburg,28,26.4,43,1.26,28,0.82,71,2.09,43,1.26,0,4,73,2.0,2.09
Bundesliga,2011-2012,Augsburg,29,26.8,36,1.06,28,0.82,64,1.88,32,0.94,4,5,66,2.0,1.76
Bundesliga,2011-2012,Bayern Munich,21,25.4,75,2.21,49,1.44,124,3.65,66,1.94,9,11,44,3.0,3.38
Bundesliga,2011-2012,Dortmund,23,24.4,80,2.35,58,1.71,138,4.06,79,2.32,1,1,35,2.0,4.03
Bundesliga,2011-2012,Freiburg,31,24.9,44,1.29,31,0.91,75,2.21,41,1.21,3,4,56,1.0,2.12
Bundesliga,2011-2012,Gladbach,25,25.6,49,1.44,35,1.03,84,2.47,46,1.35,3,3,51,1.0,2.38
Bundesliga,2011-2012,Hamburger SV,26,25.2,35,1.03,15,0.44,50,1.47,32,0.94,3,3,64,2.0,1.38
Bundesliga,2011-2012,Hannover 96,23,26.5,38,1.12,25,0.74,63,1.85,33,0.97,5,5,66,3.0,1.71
Bundesliga,2011-2012,Hertha BSC,25,26.0,37,1.09,25,0.74,62,1.82,36,1.06,1,2,74,8.0,1.79
Bundesliga,2011-2012,Hoffenheim,27,24.2,38,1.12,22,0.65,60,1.76,30,0.88,8,9,72,3.0,1.53
Bundesliga,2011-2012,Kaiserslautern,32,25.4,21,0.62,15,0.44,36,1.06,20,0.59,1,1,71,4.0,1.03
Bundesliga,2011-2012,Köln,26,26.3,39,1.15,29,0.85,68,2.0,36,1.06,3,3,69,6.0,1.91
Bundesliga,2011-2012,Leverkusen,26,24.4,51,1.5,34,1.0,85,2.5,50,1.47,1,2,48,4.0,2.47
Bundesliga,2011-2012,Mainz 05,27,27.1,46,1.35,31,0.91,77,2.26,41,1.21,5,5,51,2.0,2.12
Bundesliga,2011-2012,Nürnberg,27,25.4,38,1.12,27,0.79,65,1.91,35,1.03,3,3,74,2.0,1.82
Bundesliga,2011-2012,Schalke 04,28,24.5,74,2.18,50,1.47,124,3.65,68,2.0,6,7,65,2.0,3.47
Bundesliga,2011-2012,Stuttgart,26,26.2,63,1.85,42,1.24,105,3.09,58,1.71,5,5,67,4.0,2.94
Bundesliga,2011-2012,Werder Bremen,31,25.2,49,1.44,37,1.09,86,2.53,46,1.35,3,3,67,5.0,2.44
Bundesliga,2011-2012,Wolfsburg,36,26.5,44,1.29,36,1.06,80,2.35,42,1.24,2,2,67,4.0,2.29
Bundesliga,2012-2013,Augsburg,29,25.9,33,0.97,22,0.65,55,1.62,33,0.97,0,1,68,2.0,1.62
Bundesliga,2012-2013,Bayern Munich,24,26.1,94,2.76,79,2.32,173,5.09,90,2.65,4,5,37,1.0,4.97
Bundesliga,2012-2013,Dortmund,23,24.9,81,2.38,63,1.85,144,4.24,76,2.24,5,7,43,4.0,4.09
Bundesliga,2012-2013,Düsseldorf,28,26.6,36,1.06,21,0.62,57,1.68,33,0.97,3,4,80,3.0,1.59
Bundesliga,2012-2013,Eint Frankfurt,27,24.9,46,1.35,36,1.06,82,2.41,43,1.26,3,3,66,3.0,2.32
Bundesliga,2012-2013,Freiburg,27,24.4,44,1.29,30,0.88,74,2.18,40,1.18,4,4,58,3.0,2.06
Bundesliga,2012-2013,Gladbach,22,25.3,44,1.29,29,0.85,73,2.15,40,1.18,4,4,57,1.0,2.03
Bundesliga,2012-2013,Greuther Fürth,32,24.9,24,0.71,19,0.56,43,1.26,23,0.68,1,4,83,6.0,1.24
Bundesliga,2012-2013,Hamburger SV,25,24.9,42,1.24,36,1.06,78,2.29,40,1.18,2,3,69,4.0,2.24
Bundesliga,2012-2013,Hannover 96,25,26.8,59,1.74,41,1.21,100,2.94,53,1.56,6,6,81,4.0,2.76
Bundesliga,2012-2013,Hoffenheim,33,24.3,41,1.21,31,0.91,72,2.12,36,1.06,5,5,78,5.0,1.97
Bundesliga,2012-2013,Leverkusen,24,24.3,65,1.91,51,1.5,116,3.41,61,1.79,4,8,61,2.0,3.29
Bundesliga,2012-2013,Mainz 05,29,28.4,42,1.24,26,0.76,68,2.0,38,1.12,4,5,73,4.0,1.88
Bundesliga,2012-2013,Nürnberg,25,27.0,39,1.15,27,0.79,66,1.94,36,1.06,3,4,70,2.0,1.85
Bundesliga,2012-2013,Schalke 04,26,25.1,56,1.65,48,1.41,104,3.06,53,1.56,3,5,58,3.0,2.97
Bundesliga,2012-2013,Stuttgart,27,25.6,34,1.0,21,0.62,55,1.62,28,0.82,6,8,77,7.0,1.44
Bundesliga,2012-2013,Werder Bremen,24,24.2,49,1.44,37,1.09,86,2.53,44,1.29,5,6,63,6.0,2.38
Bundesliga,2012-2013,Wolfsburg,29,27.1,46,1.35,36,1.06,82,2.41,43,1.26,3,3,61,4.0,2.32
Bundesliga,2013-2014,Augsburg,27,26.7,46,1.35,33,0.97,79,2.32,44,1.29,2,2,61,0.0,2.26
Bundesliga,2013-2014,Bayern Munich,25,26.5,93,2.74,74,2.18,167,4.91,88,2.59,5,7,45,0.0,4.76
Bundesliga,2013-2014,BTSV,27,26.0,28,0.82,22,0.65,50,1.47,27,0.79,1,3,66,0.0,1.44
Bundesliga,2013-2014,Dortmund,26,25.9,80,2.35,51,1.5,131,3.85,70,2.06,10,10,45,,3.56
Bundesliga,2013-2014,Eint Frankfurt,27,25.6,38,1.12,28,0.82,66,1.94,37,1.09,1,2,79,0.0,1.91
Bundesliga,2013-2014,Freiburg,30,23.9,42,1.24,31,0.91,73,2.15,41,1.21,1,2,66,0.0,2.12
Bundesliga,2013-2014,Gladbach,21,25.6,57,1.68,38,1.12,95,2.79,51,1.5,6,8,56,0.0,2.62
Bundesliga,2013-2014,Hamburger SV,28,25.0,50,1.47,31,0.91,81,2.38,47,1.38,3,3,58,0.0,2.29
Bundesliga,2013-2014,Hannover 96,26,25.7,46,1.35,32,0.94,78,2.29,43,1.26,3,4,75,0.0,2.21
Bundesliga,2013-2014,Hertha BSC,25,26.1,40,1.18,30,0.88,70,2.06,36,1.06,4,5,58,0.0,1.94
Bundesliga,2013-2014,Hoffenheim,25,24.0,72,2.12,46,1.35,118,3.47,62,1.82,10,14,63,0.0,3.18
Bundesliga,2013-2014,Leverkusen,24,25.4,58,1.71,43,1.26,101,2.97,56,1.65,2,2,70,0.0,2.91
Bundesliga,2013-2014,Mainz 05,28,26.8,50,1.47,34,1.0,84,2.47,47,1.38,3,3,53,0.0,2.38
Bundesliga,2013-2014,Nürnberg,27,25.9,37,1.09,27,0.79,64,1.88,35,1.03,2,3,76,0.0,1.82
Bundesliga,2013-2014,Schalke 04,30,24.6,60,1.76,39,1.15,99,2.91,55,1.62,5,8,59,0.0,2.76
Bundesliga,2013-2014,Stuttgart,27,24.8,48,1.41,37,1.09,85,2.5,46,1.35,2,5,62,0.0,2.44
Bundesliga,2013-2014,Werder Bremen,27,25.8,39,1.15,28,0.82,67,1.97,37,1.09,2,3,77,0.0,1.91
Bundesliga,2013-2014,Wolfsburg,26,25.9,62,1.82,38,1.12,100,2.94,58,1.71,4,5,64,0.0,2.82
Bundesliga,2014-2015,Augsburg,25,27.6,43,1.26,29,0.85,72,2.12,36,1.06,7,9,63,0.0,1.91
Bundesliga,2014-2015,Bayern Munich,28,26.6,78,2.29,49,1.44,127,3.74,72,2.12,6,6,37,0.0,3.56
Bundesliga,2014-2015,Dortmund,28,26.5,46,1.35,39,1.15,85,2.5,44,1.29,2,3,54,,2.44
Bundesliga,2014-2015,Eint Frankfurt,26,25.9,54,1.59,33,0.97,87,2.56,51,1.5,3,4,89,0.0,2.47
Bundesliga,2014-2015,Freiburg,27,25.1,36,1.06,26,0.76,62,1.82,30,0.88,6,9,66,0.0,1.65
Bundesliga,2014-2015,Gladbach,19,25.7,53,1.56,39,1.15,92,2.71,50,1.47,3,3,56,0.0,2.62
Bundesliga,2014-2015,Hamburger SV,31,27.3,22,0.65,15,0.44,37,1.09,19,0.56,3,3,89,0.0,1.0
Bundesliga,2014-2015,Hannover 96,25,26.0,38,1.12,26,0.76,64,1.88,36,1.06,2,3,83,0.0,1.82
Bundesliga,2014-2015,Hertha BSC,26,26.2,35,1.03,18,0.53,53,1.56,31,0.91,4,4,78,0.0,1.44
Bundesliga,2014-2015,Hoffenheim,23,24.8,48,1.41,33,0.97,81,2.38,44,1.29,4,5,68,0.0,2.26
Bundesliga,2014-2015,Köln,23,25.1,33,0.97,20,0.59,53,1.56,29,0.85,4,4,48,0.0,1.44
Bundesliga,2014-2015,Leverkusen,22,24.9,62,1.82,36,1.06,98,2.88,62,1.82,0,1,80,0.0,2.88
Bundesliga,2014-2015,Mainz 05,29,25.3,44,1.29,26,0.76,70,2.06,39,1.15,5,5,52,0.0,1.91
Bundesliga,2014-2015,Paderborn 07,24,26.8,30,0.88,21,0.62,51,1.5,29,0.85,1,1,53,0.0,1.47
Bundesliga,2014-2015,Schalke 04,29,25.2,40,1.18,29,0.85,69,2.03,38,1.12,2,3,68,0.0,1.97
Bundesliga,2014-2015,Stuttgart,24,24.9,41,1.21,29,0.85,70,2.06,40,1.18,1,1,64,0.0,2.03
Bundesliga,2014-2015,Werder Bremen,31,25.7,49,1.44,36,1.06,85,2.5,45,1.32,4,5,70,0.0,2.38
Bundesliga,2014-2015,Wolfsburg,22,26.1,71,2.09,50,1.47,121,3.56,68,2.0,3,4,45,0.0,3.47
Bundesliga,2015-2016,Augsburg,27,27.4,40,1.18,20,0.59,60,1.76,33,0.97,7,7,82,0.0,1.56
Bundesliga,2015-2016,Bayern Munich,25,26.8,79,2.32,54,1.59,133,3.91,71,2.09,8,9,50,0.0,3.68
Bundesliga,2015-2016,Darmstadt 98,23,27.5,38,1.12,30,0.88,68,2.0,36,1.06,2,4,88,0.0,1.94
Bundesliga,2015-2016,Dortmund,26,25.6,80,2.35,64,1.88,144,4.24,76,2.24,4,6,39,,4.12
Bundesliga,2015-2016,Eint Frankfurt,30,26.7,32,0.94,25,0.74,57,1.68,30,0.88,2,2,99,0.0,1.62
Bundesliga,2015-2016,Gladbach,26,24.9,64,1.88,47,1.38,111,3.26,60,1.76,4,5,49,0.0,3.15
Bundesliga,2015-2016,Hamburger SV,28,27.1,37,1.09,26,0.76,63,1.85,34,1.0,3,3,75,0.0,1.76
Bundesliga,2015-2016,Hannover 96,33,25.6,30,0.88,21,0.62,51,1.5,28,0.82,2,3,66,0.0,1.44
Bundesliga,2015-2016,Hertha BSC,26,26.1,41,1.21,31,0.91,72,2.12,38,1.12,3,3,71,0.0,2.03
Bundesliga,2015-2016,Hoffenheim,26,24.1,39,1.15,26,0.76,65,1.91,36,1.06,3,6,63,0.0,1.82
Bundesliga,2015-2016,Ingolstadt 04,25,26.3,33,0.97,20,0.59,53,1.56,24,0.71,9,10,83,0.0,1.29
Bundesliga,2015-2016,Köln,23,25.1,38,1.12,30,0.88,68,2.0,35,1.03,3,4,56,0.0,1.91
Bundesliga,2015-2016,Leverkusen,27,24.1,51,1.5,36,1.06,87,2.56,49,1.44,2,3,70,0.0,2.5
Bundesliga,2015-2016,Mainz 05,29,25.0,46,1.35,31,0.91,77,2.26,45,1.32,1,1,54,0.0,2.24
Bundesliga,2015-2016,Schalke 04,28,24.9,47,1.38,37,1.09,84,2.47,44,1.29,3,5,64,0.0,2.38
Bundesliga,2015-2016,Stuttgart,31,26.0,48,1.41,34,1.0,82,2.41,44,1.29,4,4,72,0.0,2.29
Bundesliga,2015-2016,Werder Bremen,30,26.6,49,1.44,32,0.94,81,2.38,43,1.26,6,9,80,0.0,2.21
Bundesliga,2015-2016,Wolfsburg,29,27.0,46,1.35,39,1.15,85,2.5,43,1.26,3,3,59,0.0,2.41
Bundesliga,2016-2017,Augsburg,28,27.1,35,1.03,22,0.65,57,1.68,32,0.94,3,4,71,2.0,1.59
Bundesliga,2016-2017,Bayern Munich,22,28.0,88,2.59,64,1.88,152,4.47,83,2.44,5,5,47,0.0,4.32
Bundesliga,2016-2017,Darmstadt 98,31,27.6,28,0.82,16,0.47,44,1.29,23,0.68,5,7,76,5.0,1.15
Bundesliga,2016-2017,Dortmund,27,25.3,71,2.09,49,1.44,120,3.53,66,1.94,5,7,57,,3.38
Bundesliga,2016-2017,Eint Frankfurt,26,25.9,35,1.03,24,0.71,59,1.74,33,0.97,2,6,86,1.0,1.68
Bundesliga,2016-2017,Freiburg,25,24.7,42,1.24,28,0.82,70,2.06,36,1.06,6,8,56,0.0,1.88
Bundesliga,2016-2017,Gladbach,24,25.3,44,1.29,27,0.79,71,2.09,43,1.26,1,4,50,2.0,2.06
Bundesliga,2016-2017,Hamburger SV,29,25.8,32,0.94,26,0.76,58,1.71,32,0.94,0,2,77,2.0,1.71
Bundesliga,2016-2017,Hertha BSC,26,27.1,42,1.24,26,0.76,68,2.0,37,1.09,5,5,67,2.0,1.85
Bundesliga,2016-2017,Hoffenheim,23,25.0,64,1.88,47,1.38,111,3.26,59,1.74,5,5,63,0.0,3.12
Bundesliga,2016-2017,Ingolstadt 04,22,26.9,35,1.03,20,0.59,55,1.62,29,0.85,6,8,75,3.0,1.44
Bundesliga,2016-2017,Köln,26,26.2,49,1.44,36,1.06,85,2.5,46,1.35,3,4,74,1.0,2.41
Bundesliga,2016-2017,Leverkusen,24,24.2,53,1.56,39,1.15,92,2.71,49,1.44,4,9,56,3.0,2.59
Bundesliga,2016-2017,Mainz 05,28,25.1,43,1.26,28,0.82,71,2.09,36,1.06,7,7,73,3.0,1.88
Bundesliga,2016-2017,RB Leipzig,23,24.0,62,1.82,49,1.44,111,3.26,59,1.74,3,4,68,1.0,3.18
Bundesliga,2016-2017,Schalke 04,29,25.3,45,1.32,30,0.88,75,2.21,43,1.26,2,4,69,0.0,2.15
Bundesliga,2016-2017,Werder Bremen,31,27.0,61,1.79,39,1.15,100,2.94,55,1.62,6,6,67,0.0,2.76
Bundesliga,2016-2017,Wolfsburg,31,25.7,32,0.94,23,0.68,55,1.62,29,0.85,3,3,69,2.0,1.53
Bundesliga,2017-2018,Augsburg,27,26.6,41,1.21,30,0.88,71,2.09,37,1.09,4,4,68,,1.97
Bundesliga,2017-2018,Bayern Munich,28,27.4,90,2.65,72,2.12,162,4.76,84,2.47,6,8,42,,4.59
Bundesliga,2017-2018,Dortmund,30,25.9,62,1.82,44,1.29,106,3.12,59,1.74,3,6,41,,3.03
Bundesliga,2017-2018,Eint Frankfurt,28,26.4,44,1.29,34,1.0,78,2.29,42,1.24,2,2,72,,2.24
Bundesliga,2017-2018,Freiburg,29,24.8,32,0.94,21,0.62,53,1.56,26,0.76,6,10,56,,1.38
Bundesliga,2017-2018,Gladbach,27,25.7,46,1.35,26,0.76,72,2.12,40,1.18,6,7,47,,1.94
Bundesliga,2017-2018,Hamburger SV,29,25.0,28,0.82,18,0.53,46,1.35,25,0.74,3,5,63,,1.26
Bundesliga,2017-2018,Hannover 96,26,26.4,44,1.29,26,0.76,70,2.06,40,1.18,4,5,63,,1.94
Bundesliga,2017-2018,Hertha BSC,25,26.4,43,1.26,32,0.94,75,2.21,39,1.15,4,5,49,,2.09
Bundesliga,2017-2018,Hoffenheim,26,25.0,64,1.88,47,1.38,111,3.26,60,1.76,4,5,71,,3.15
Bundesliga,2017-2018,Köln,31,25.3,33,0.97,24,0.71,57,1.68,30,0.88,3,3,70,,1.59
Bundesliga,2017-2018,Leverkusen,24,24.0,58,1.71,46,1.35,104,3.06,55,1.62,3,5,57,,2.97
Bundesliga,2017-2018,Mainz 05,27,25.3,38,1.12,27,0.79,65,1.91,34,1.0,4,4,63,,1.79
Bundesliga,2017-2018,RB Leipzig,23,23.4,57,1.68,43,1.26,100,2.94,53,1.56,4,5,48,,2.82
Bundesliga,2017-2018,Schalke 04,24,26.1,50,1.47,33,0.97,83,2.44,40,1.18,10,10,66,,2.15
Bundesliga,2017-2018,Stuttgart,26,25.6,35,1.03,22,0.65,57,1.68,34,1.0,1,3,59,,1.65
Bundesliga,2017-2018,Werder Bremen,25,26.3,34,1.0,27,0.79,61,1.79,34,1.0,0,0,55,,1.79
Bundesliga,2017-2018,Wolfsburg,29,25.1,36,1.06,26,0.76,62,1.82,35,1.03,1,6,65,,1.79
Bundesliga,2018-2019,Augsburg,30,26.5,50,1.47,33,0.97,83,2.44,45,1.32,5,5,55,1.0,2.29
Bundesliga,2018-2019,Bayern Munich,24,27.4,86,2.53,62,1.82,148,4.35,83,2.44,3,4,44,2.0,4.26
Bundesliga,2018-2019,Dortmund,23,24.8,80,2.35,60,1.76,140,4.12,76,2.24,4,4,40,3.0,4.0
Bundesliga,2018-2019,Düsseldorf,24,26.9,48,1.41,35,1.03,83,2.44,43,1.26,5,7,67,1.0,2.29
Bundesliga,2018-2019,Eint Frankfurt,30,26.4,60,1.76,42,1.24,102,3.0,56,1.65,4,4,60,3.0,2.88
Bundesliga,2018-2019,Freiburg,28,25.8,44,1.29,25,0.74,69,2.03,39,1.15,5,6,57,3.0,1.88
Bundesliga,2018-2019,Gladbach,22,26.5,53,1.56,43,1.26,96,2.82,49,1.44,4,7,43,0.0,2.71
Bundesliga,2018-2019,Hannover 96,32,26.3,30,0.88,20,0.59,50,1.47,27,0.79,3,3,64,4.0,1.38
Bundesliga,2018-2019,Hertha BSC,26,25.9,49,1.44,32,0.94,81,2.38,45,1.32,4,4,67,5.0,2.26
Bundesliga,2018-2019,Hoffenheim,29,25.5,69,2.03,49,1.44,118,3.47,63,1.85,6,7,69,2.0,3.29
Bundesliga,2018-2019,Leverkusen,21,25.3,68,2.0,51,1.5,119,3.5,64,1.88,4,5,50,1.0,3.38
Bundesliga,2018-2019,Mainz 05,28,24.2,44,1.29,30,0.88,74,2.18,41,1.21,3,3,56,0.0,2.09
Bundesliga,2018-2019,Nürnberg,27,24.9,25,0.74,16,0.47,41,1.21,23,0.68,2,6,59,4.0,1.15
Bundesliga,2018-2019,RB Leipzig,23,24.0,63,1.85,41,1.21,104,3.06,58,1.71,5,7,61,1.0,2.91
Bundesliga,2018-2019,Schalke 04,32,25.8,37,1.09,23,0.68,60,1.76,30,0.88,7,9,73,5.0,1.56
Bundesliga,2018-2019,Stuttgart,26,26.3,32,0.94,26,0.76,58,1.71,31,0.91,1,1,66,5.0,1.68
Bundesliga,2018-2019,Werder Bremen,24,27.1,57,1.68,38,1.12,95,2.79,53,1.56,4,4,64,3.0,2.68
Bundesliga,2018-2019,Wolfsburg,25,25.4,59,1.74,38,1.12,97,2.85,54,1.59,5,5,62,0.0,2.71
Bundesliga,2019-2020,Augsburg,28,26.2,45,1.32,29,0.85,74,2.18,42,1.24,3,5,68,2.0,2.09
Bundesliga,2019-2020,Bayern Munich,29,26.7,97,2.85,75,2.21,172,5.06,91,2.68,6,6,54,3.0,4.88
Bundesliga,2019-2020,Dortmund,27,25.8,84,2.47,74,2.18,158,4.65,82,2.41,2,2,49,1.0,4.59
Bundesliga,2019-2020,Düsseldorf,28,27.1,36,1.06,26,0.76,62,1.82,32,0.94,4,4,78,0.0,1.71
Bundesliga,2019-2020,Eint Frankfurt,27,27.0,57,1.68,45,1.32,102,3.0,55,1.62,2,2,71,4.0,2.94
Bundesliga,2019-2020,Freiburg,26,26.4,46,1.35,27,0.79,73,2.15,41,1.21,5,6,43,2.0,2.0
Bundesliga,2019-2020,Gladbach,25,26.3,64,1.88,53,1.56,117,3.44,60,1.76,4,6,77,3.0,3.32
Bundesliga,2019-2020,Hertha BSC,32,26.2,45,1.32,35,1.03,80,2.35,42,1.24,3,3,78,4.0,2.26
Bundesliga,2019-2020,Hoffenheim,31,26.0,52,1.53,36,1.06,88,2.59,49,1.44,3,4,66,2.0,2.5
Bundesliga,2019-2020,Köln,29,25.6,50,1.47,38,1.12,88,2.59,48,1.41,2,4,79,4.0,2.53
Bundesliga,2019-2020,Leverkusen,24,26.1,57,1.68,48,1.41,105,3.09,55,1.62,2,2,61,6.0,3.03
Bundesliga,2019-2020,Mainz 05,25,24.6,42,1.24,34,1.0,76,2.24,39,1.15,3,3,75,3.0,2.15
Bundesliga,2019-2020,Paderborn 07,27,25.7,37,1.09,26,0.76,63,1.85,35,1.03,2,4,84,3.0,1.79
Bundesliga,2019-2020,RB Leipzig,29,24.2,81,2.38,58,1.71,139,4.09,76,2.24,5,5,53,3.0,3.94
Bundesliga,2019-2020,Schalke 04,29,24.6,35,1.03,25,0.74,60,1.76,33,0.97,2,2,64,2.0,1.71
Bundesliga,2019-2020,Union Berlin,26,27.7,38,1.12,27,0.79,65,1.91,34,1.0,4,5,71,5.0,1.79
Bundesliga,2019-2020,Werder Bremen,30,26.7,40,1.18,30,0.88,70,2.06,37,1.09,3,6,80,4.0,1.97
Bundesliga,2019-2020,Wolfsburg,26,26.0,48,1.41,33,0.97,81,2.38,44,1.29,4,4,71,4.0,2.26
Bundesliga,2020-2021,Arminia,26,26.0,23,0.68,16,0.47,39,1.15,22,0.65,1,2,52,1.0,1.12
Bundesliga,2020-2021,Augsburg,25,27.0,35,1.03,23,0.68,58,1.71,33,0.97,2,5,71,4.0,1.65
Bundesliga,2020-2021,Bayern Munich,29,27.3,98,2.88,75,2.21,173,5.09,89,2.62,9,10,44,3.0,4.82
Bundesliga,2020-2021,Dortmund,26,25.6,74,2.18,57,1.68,131,3.85,71,2.09,3,7,44,1.0,3.76
Bundesliga,2020-2021,Eint Frankfurt,25,27.2,63,1.85,52,1.53,115,3.38,55,1.62,8,8,82,1.0,3.15
Bundesliga,2020-2021,Freiburg,24,26.2,51,1.5,34,1.0,85,2.5,45,1.32,6,6,62,0.0,2.32
Bundesliga,2020-2021,Gladbach,23,26.9,63,1.85,44,1.29,107,3.15,53,1.56,10,11,61,2.0,2.85
Bundesliga,2020-2021,Hertha BSC,32,25.4,40,1.18,29,0.85,69,2.03,36,1.06,4,6,67,3.0,1.91
Bundesliga,2020-2021,Hoffenheim,30,25.7,51,1.5,38,1.12,89,2.62,46,1.35,5,6,68,4.0,2.47
Bundesliga,2020-2021,Köln,28,24.9,33,0.97,23,0.68,56,1.65,29,0.85,4,6,63,1.0,1.53
Bundesliga,2020-2021,Leverkusen,30,25.4,52,1.53,41,1.21,93,2.74,49,1.44,3,3,58,0.0,2.65
Bundesliga,2020-2021,Mainz 05,31,25.8,39,1.15,23,0.68,62,1.82,34,1.0,5,5,63,1.0,1.68
Bundesliga,2020-2021,RB Leipzig,25,25.0,59,1.74,44,1.29,103,3.03,51,1.5,8,10,57,0.0,2.79
Bundesliga,2020-2021,Schalke 04,42,25.9,24,0.71,20,0.59,44,1.29,24,0.71,0,3,74,2.0,1.29
Bundesliga,2020-2021,Stuttgart,29,24.1,54,1.59,42,1.24,96,2.82,48,1.41,6,8,65,2.0,2.65
Bundesliga,2020-2021,Union Berlin,27,27.3,50,1.47,39,1.15,89,2.62,45,1.32,5,7,57,2.0,2.47
Bundesliga,2020-2021,Werder Bremen,27,26.3,35,1.03,25,0.74,60,1.76,30,0.88,5,5,67,3.0,1.62
Bundesliga,2020-2021,Wolfsburg,26,25.6,57,1.68,48,1.41,105,3.09,55,1.62,2,3,58,3.0,3.03
Bundesliga,2021-2022,Arminia,26,25.8,26,0.76,18,0.53,44,1.29,24,0.71,2,2,55,2.0,1.24
Bundesliga,2021-2022,Augsburg,26,26.6,39,1.15,26,0.76,65,1.91,34,1.0,5,5,74,0.0,1.76
Bundesliga,2021-2022,Bayern Munich,30,26.8,92,2.71,70,2.06,162,4.76,87,2.56,5,5,36,2.0,4.62
Bundesliga,2021-2022,Bochum,28,28.0,37,1.09,22,0.65,59,1.74,33,0.97,4,6,55,2.0,1.62
Bundesliga,2021-2022,Dortmund,33,25.9,81,2.38,57,1.68,138,4.06,70,2.06,11,11,63,1.0,3.74
Bundesliga,2021-2022,Eint Frankfurt,27,26.2,43,1.26,33,0.97,76,2.24,42,1.24,1,2,61,1.0,2.21
Bundesliga,2021-2022,Freiburg,26,26.5,55,1.62,37,1.09,92,2.71,50,1.47,5,6,34,0.0,2.56
Bundesliga,2021-2022,Gladbach,26,26.0,54,1.59,38,1.12,92,2.71,49,1.44,5,7,67,1.0,2.56
Bundesliga,2021-2022,Greuther Fürth,29,25.9,26,0.76,15,0.44,41,1.21,21,0.62,5,5,61,0.0,1.06
Bundesliga,2021-2022,Hertha BSC,36,26.7,35,1.03,23,0.68,58,1.71,32,0.94,3,3,62,2.0,1.62
Bundesliga,2021-2022,Hoffenheim,32,26.1,55,1.62,42,1.24,97,2.85,55,1.62,0,0,75,0.0,2.85
Bundesliga,2021-2022,Köln,26,27.0,52,1.53,40,1.18,92,2.71,51,1.5,1,1,68,1.0,2.68
Bundesliga,2021-2022,Leverkusen,29,24.4,76,2.24,58,1.71,134,3.94,74,2.18,2,6,66,2.0,3.88
Bundesliga,2021-2022,Mainz 05,28,26.2,49,1.44,36,1.06,85,2.5,45,1.32,4,4,62,4.0,2.38
Bundesliga,2021-2022,RB Leipzig,29,25.3,72,2.12,53,1.56,125,3.68,64,1.88,8,9,49,0.0,3.44
Bundesliga,2021-2022,Stuttgart,34,24.0,40,1.18,31,0.91,71,2.09,39,1.15,1,3,64,2.0,2.06
Bundesliga,2021-2022,Union Berlin,28,28.3,50,1.47,33,0.97,83,2.44,45,1.32,5,5,62,1.0,2.29
Bundesliga,2021-2022,Wolfsburg,30,26.0,42,1.24,25,0.74,67,1.97,39,1.15,3,4,61,3.0,1.88
Bundesliga,2022-2023,Augsburg,34,25.9,41,1.21,29,0.85,70,2.06,37,1.09,4,5,96,5.0,1.94
Bundesliga,2022-2023,Bayern Munich,28,26.6,90,2.65,67,1.97,157,4.62,87,2.56,3,5,49,3.0,4.53
Bundesliga,2022-2023,Bochum,26,29.4,37,1.09,28,0.82,65,1.91,34,1.0,3,3,64,1.0,1.82
Bundesliga,2022-2023,Dortmund,30,25.8,81,2.38,61,1.79,142,4.18,77,2.26,4,6,66,0.0,4.06
Bundesliga,2022-2023,Eint Frankfurt,28,26.4,56,1.65,33,0.97,89,2.62,50,1.47,6,6,71,1.0,2.44
Bundesliga,2022-2023,Freiburg,27,27.4,51,1.5,34,1.0,85,2.5,44,1.29,7,8,62,2.0,2.29
Bundesliga,2022-2023,Gladbach,27,26.8,52,1.53,39,1.15,91,2.68,48,1.41,4,6,62,3.0,2.56
Bundesliga,2022-2023,Hertha BSC,32,26.0,42,1.24,23,0.68,65,1.91,35,1.03,7,7,82,1.0,1.71
Bundesliga,2022-2023,Hoffenheim,31,26.8,46,1.35,30,0.88,76,2.24,39,1.15,7,9,80,5.0,2.03
Bundesliga,2022-2023,Köln,27,26.0,46,1.35,31,0.91,77,2.26,42,1.24,4,4,75,3.0,2.15
Bundesliga,2022-2023,Leverkusen,27,24.7,57,1.68,44,1.29,101,2.97,52,1.53,5,7,75,7.0,2.82
Bundesliga,2022-2023,Mainz 05,27,27.0,54,1.59,35,1.03,89,2.62,50,1.47,4,6,69,1.0,2.5
Bundesliga,2022-2023,RB Leipzig,25,26.3,64,1.88,39,1.15,103,3.03,58,1.71,6,7,69,2.0,2.85
Bundesliga,2022-2023,Schalke 04,35,27.5,32,0.94,24,0.71,56,1.65,28,0.82,4,5,68,1.0,1.53
Bundesliga,2022-2023,Stuttgart,30,24.7,45,1.32,34,1.0,79,2.32,40,1.18,5,5,72,5.0,2.18
Bundesliga,2022-2023,Union Berlin,28,27.9,49,1.44,38,1.12,87,2.56,46,1.35,3,7,65,2.0,2.47
Bundesliga,2022-2023,Werder Bremen,25,27.4,50,1.47,37,1.09,87,2.56,45,1.32,5,6,76,1.0,2.41
Bundesliga,2022-2023,Wolfsburg,28,24.8,55,1.62,44,1.29,99,2.91,51,1.5,4,7,63,0.0,2.79
Bundesliga,2023-2024,Augsburg,29,26.0,49,1.44,35,1.03,84,2.47,44,1.29,5,7,71,3.0,2.32
Bundesliga,2023-2024,Bayern Munich,30,27.4,93,2.74,71,2.09,164,4.82,88,2.59,5,5,47,2.0,4.68
Bundesliga,2023-2024,Bochum,25,29.1,41,1.21,30,0.88,71,2.09,37,1.09,4,4,97,2.0,1.97
Bundesliga,2023-2024,Darmstadt 98,32,27.1,28,0.82,21,0.62,49,1.44,25,0.74,3,3,83,4.0,1.35
Bundesliga,2023-2024,Dortmund,32,26.8,68,2.0,49,1.44,117,3.44,62,1.82,6,6,59,4.0,3.26
Bundesliga,2023-2024,Eint Frankfurt,34,25.3,48,1.41,36,1.06,84,2.47,46,1.35,2,3,70,5.0,2.41
Bundesliga,2023-2024,Freiburg,25,27.0,43,1.26,32,0.94,75,2.21,36,1.06,7,9,64,4.0,2.0
Bundesliga,2023-2024,Gladbach,27,25.4,55,1.62,43,1.26,98,2.88,50,1.47,5,6,66,2.0,2.74
Bundesliga,2023-2024,Heidenheim,22,26.7,46,1.35,34,1.0,80,2.35,44,1.29,2,3,54,1.0,2.29
Bundesliga,2023-2024,Hoffenheim,30,27.7,65,1.91,47,1.38,112,3.29,59,1.74,6,6,86,5.0,3.12
Bundesliga,2023-2024,Köln,26,25.4,28,0.82,17,0.5,45,1.32,23,0.68,5,6,71,4.0,1.18
Bundesliga,2023-2024,Leverkusen,24,26.2,87,2.56,71,2.09,158,4.65,79,2.32,8,8,59,0.0,4.41
Bundesliga,2023-2024,Mainz 05,30,26.7,38,1.12,31,0.91,69,2.03,37,1.09,1,5,99,3.0,2.0
Bundesliga,2023-2024,RB Leipzig,26,25.6,74,2.18,53,1.56,127,3.74,70,2.06,4,7,61,1.0,3.62
Bundesliga,2023-2024,Stuttgart,27,25.0,78,2.29,60,1.76,138,4.06,73,2.15,5,8,56,1.0,3.91
Bundesliga,2023-2024,Union Berlin,30,28.1,33,0.97,23,0.68,56,1.65,30,0.88,3,6,67,7.0,1.56
Bundesliga,2023-2024,Werder Bremen,30,27.0,45,1.32,33,0.97,78,2.29,40,1.18,5,6,73,2.0,2.15
Bundesliga,2023-2024,Wolfsburg,28,25.6,41,1.21,27,0.79,68,2.0,39,1.15,2,3,86,5.0,1.94
Serie A,2010-2011,Bari,34,26.9,27,0.71,18,0.47,45,1.18,22,0.58,5,8,79,7.0,1.05
Serie A,2010-2011,Bologna,25,26.5,35,0.92,20,0.53,55,1.45,34,0.89,1,4,87,4.0,1.42
Serie A,2010-2011,Brescia,32,28.3,34,0.89,18,0.47,52,1.37,29,0.76,5,6,104,5.0,1.24
Serie A,2010-2011,Cagliari,22,26.2,41,1.08,28,0.74,69,1.82,40,1.05,1,2,75,0.0,1.79
Serie A,2010-2011,Catania,29,26.8,38,1.0,21,0.55,59,1.55,35,0.92,3,3,73,7.0,1.47
Serie A,2010-2011,Cesena,29,28.6,37,0.97,23,0.61,60,1.58,33,0.87,4,5,86,7.0,1.47
Serie A,2010-2011,Chievo,26,28.2,37,0.97,21,0.55,58,1.53,36,0.95,1,2,97,4.0,1.5
Serie A,2010-2011,Fiorentina,30,27.5,47,1.24,32,0.84,79,2.08,44,1.16,3,4,73,5.0,2.0
Serie A,2010-2011,Genoa,32,27.8,42,1.11,29,0.76,71,1.87,40,1.05,2,2,69,5.0,1.82
Serie A,2010-2011,Inter,30,29.5,68,1.79,48,1.26,116,3.05,63,1.66,5,6,56,3.0,2.92
Serie A,2010-2011,Juventus,32,27.4,56,1.47,35,0.92,91,2.39,52,1.37,4,4,74,5.0,2.29
Serie A,2010-2011,Lazio,25,28.0,52,1.37,40,1.05,92,2.42,48,1.26,4,5,73,7.0,2.32
Serie A,2010-2011,Lecce,26,27.4,45,1.18,31,0.82,76,2.0,43,1.13,2,5,89,9.0,1.95
Serie A,2010-2011,Milan,34,29.2,63,1.66,47,1.24,110,2.89,58,1.53,5,6,69,5.0,2.76
Serie A,2010-2011,Napoli,24,27.7,58,1.53,45,1.18,103,2.71,51,1.34,7,10,101,5.0,2.53
Serie A,2010-2011,Palermo,27,24.9,58,1.53,31,0.82,89,2.34,56,1.47,2,4,82,3.0,2.29
Serie A,2010-2011,Parma,31,28.1,39,1.03,17,0.45,56,1.47,36,0.95,3,3,93,7.0,1.39
Serie A,2010-2011,Roma,29,29.7,57,1.5,33,0.87,90,2.37,46,1.21,11,13,84,9.0,2.08
Serie A,2010-2011,Sampdoria,30,26.0,32,0.84,13,0.34,45,1.18,25,0.66,7,8,84,5.0,1.0
Serie A,2010-2011,Udinese,24,25.6,65,1.71,41,1.08,106,2.79,60,1.58,5,7,77,7.0,2.66
Serie A,2011-2012,Atalanta,30,26.8,39,1.03,22,0.58,61,1.61,36,0.95,3,4,102,4.0,1.53
Serie A,2011-2012,Bologna,27,28.1,41,1.08,25,0.66,66,1.74,39,1.03,2,3,97,3.0,1.68
Serie A,2011-2012,Cagliari,25,26.6,35,0.92,20,0.53,55,1.45,29,0.76,6,6,83,2.0,1.29
Serie A,2011-2012,Catania,33,27.5,46,1.21,24,0.63,70,1.84,37,0.97,9,11,82,6.0,1.61
Serie A,2011-2012,Cesena,34,28.8,23,0.61,10,0.26,33,0.87,19,0.5,4,7,105,10.0,0.76
Serie A,2011-2012,Chievo,26,28.0,35,0.92,22,0.58,57,1.5,32,0.84,3,5,85,1.0,1.42
Serie A,2011-2012,Fiorentina,28,27.0,36,0.95,22,0.58,58,1.53,30,0.79,6,8,93,3.0,1.37
Serie A,2011-2012,Genoa,29,28.3,49,1.29,29,0.76,78,2.05,44,1.16,5,6,95,11.0,1.92
Serie A,2011-2012,Inter,30,29.7,57,1.5,39,1.03,96,2.53,49,1.29,8,11,63,4.0,2.32
Serie A,2011-2012,Juventus,25,28.0,67,1.76,45,1.18,112,2.95,65,1.71,2,4,72,4.0,2.89
Serie A,2011-2012,Lazio,32,29.1,54,1.42,37,0.97,91,2.39,47,1.24,7,7,81,9.0,2.21
Serie A,2011-2012,Lecce,31,27.8,40,1.05,21,0.55,61,1.61,34,0.89,6,7,113,9.0,1.45
Serie A,2011-2012,Milan,32,29.1,72,1.89,44,1.16,116,3.05,62,1.63,10,10,79,4.0,2.79
Serie A,2011-2012,Napoli,25,28.3,65,1.71,40,1.05,105,2.76,61,1.61,4,9,80,5.0,2.66
Serie A,2011-2012,Novara,32,28.7,34,0.89,17,0.45,51,1.34,28,0.74,6,7,83,6.0,1.18
Serie A,2011-2012,Palermo,30,26.3,50,1.32,34,0.89,84,2.21,45,1.18,5,5,91,6.0,2.08
Serie A,2011-2012,Parma,32,28.2,52,1.37,25,0.66,77,2.03,45,1.18,7,8,83,2.0,1.84
Serie A,2011-2012,Roma,30,26.9,59,1.55,40,1.05,99,2.61,57,1.5,2,4,80,10.0,2.55
Serie A,2011-2012,Siena,29,28.2,45,1.18,20,0.53,65,1.71,38,1.0,7,8,96,2.0,1.53
Serie A,2011-2012,Udinese,26,26.7,51,1.34,35,0.92,86,2.26,47,1.24,4,5,88,3.0,2.16
Serie A,2012-2013,Atalanta,35,27.7,38,1.0,25,0.66,63,1.66,33,0.87,5,5,126,12.0,1.53
Serie A,2012-2013,Bologna,31,26.8,45,1.18,28,0.74,73,1.92,41,1.08,4,5,106,3.0,1.82
Serie A,2012-2013,Cagliari,25,26.1,41,1.08,27,0.71,68,1.79,34,0.89,7,9,109,9.0,1.61
Serie A,2012-2013,Catania,29,27.9,50,1.32,38,1.0,88,2.32,49,1.29,1,2,95,7.0,2.29
Serie A,2012-2013,Chievo,35,28.6,37,0.97,24,0.63,61,1.61,32,0.84,5,6,105,4.0,1.47
Serie A,2012-2013,Fiorentina,30,26.8,70,1.84,56,1.47,126,3.32,63,1.66,7,10,93,3.0,3.13
Serie A,2012-2013,Genoa,37,27.7,38,1.0,31,0.82,69,1.82,36,0.95,2,4,105,4.0,1.76
Serie A,2012-2013,Inter,36,28.2,52,1.37,42,1.11,94,2.47,48,1.26,4,5,87,4.0,2.37
Serie A,2012-2013,Juventus,28,27.8,71,1.87,49,1.29,120,3.16,63,1.66,8,11,77,1.0,2.95
Serie A,2012-2013,Lazio,28,29.1,48,1.26,30,0.79,78,2.05,41,1.08,7,9,91,8.0,1.87
Serie A,2012-2013,Milan,29,26.9,64,1.68,36,0.95,100,2.63,54,1.42,10,11,99,7.0,2.37
Serie A,2012-2013,Napoli,27,28.5,72,1.89,55,1.45,127,3.34,65,1.71,7,10,90,0.0,3.16
Serie A,2012-2013,Palermo,36,26.9,34,0.89,26,0.68,60,1.58,32,0.84,2,2,98,8.0,1.53
Serie A,2012-2013,Parma,33,28.1,44,1.16,29,0.76,73,1.92,41,1.08,3,5,109,3.0,1.84
Serie A,2012-2013,Pescara,39,25.8,27,0.71,15,0.39,42,1.11,25,0.66,2,3,103,9.0,1.05
Serie A,2012-2013,Roma,24,26.0,68,1.79,43,1.13,111,2.92,63,1.66,5,7,91,8.0,2.79
Serie A,2012-2013,Sampdoria,29,25.0,41,1.08,29,0.76,70,1.84,35,0.92,6,7,93,9.0,1.68
Serie A,2012-2013,Siena,37,28.9,35,0.92,28,0.74,63,1.66,31,0.82,4,7,108,6.0,1.55
Serie A,2012-2013,Torino,29,27.7,45,1.18,32,0.84,77,2.03,40,1.05,5,6,86,5.0,1.89
Serie A,2012-2013,Udinese,30,26.3,59,1.55,37,0.97,96,2.53,55,1.45,4,6,90,6.0,2.42
Serie A,2013-2014,Atalanta,31,28.4,43,1.13,32,0.84,75,1.97,41,1.08,2,3,90,0.0,1.92
Serie A,2013-2014,Bologna,28,28.6,28,0.74,12,0.32,40,1.05,23,0.61,5,6,104,0.0,0.92
Serie A,2013-2014,Cagliari,31,27.2,34,0.89,21,0.55,55,1.45,29,0.76,5,8,104,0.0,1.32
Serie A,2013-2014,Catania,34,27.2,34,0.89,23,0.61,57,1.5,31,0.82,3,3,102,0.0,1.42
Serie A,2013-2014,Chievo,36,28.9,33,0.87,24,0.63,57,1.5,27,0.71,6,7,107,0.0,1.34
Serie A,2013-2014,Fiorentina,31,27.7,65,1.71,41,1.08,106,2.79,54,1.42,11,11,90,0.0,2.5
Serie A,2013-2014,Genoa,31,27.2,39,1.03,23,0.61,62,1.63,34,0.89,5,9,100,0.0,1.5
Serie A,2013-2014,Hellas Verona,29,28.4,60,1.58,38,1.0,98,2.58,52,1.37,8,8,71,0.0,2.37
Serie A,2013-2014,Inter,28,27.6,59,1.55,48,1.26,107,2.82,59,1.55,0,1,73,0.0,2.82
Serie A,2013-2014,Juventus,26,28.3,78,2.05,54,1.42,132,3.47,74,1.95,4,4,70,0.0,3.37
Serie A,2013-2014,Lazio,30,28.0,51,1.34,30,0.79,81,2.13,44,1.16,7,8,90,0.0,1.95
Serie A,2013-2014,Livorno,31,25.7,37,0.97,23,0.61,60,1.58,33,0.87,4,4,115,0.0,1.47
Serie A,2013-2014,Milan,32,28.0,55,1.45,33,0.87,88,2.32,52,1.37,3,5,92,0.0,2.24
Serie A,2013-2014,Napoli,30,27.1,76,2.0,51,1.34,127,3.34,69,1.82,7,9,79,0.0,3.16
Serie A,2013-2014,Parma,30,29.5,56,1.47,38,1.0,94,2.47,53,1.39,3,6,103,0.0,2.39
Serie A,2013-2014,Roma,29,27.5,70,1.84,51,1.34,121,3.18,64,1.68,6,6,87,0.0,3.03
Serie A,2013-2014,Sampdoria,33,25.3,46,1.21,29,0.76,75,1.97,42,1.11,4,5,110,0.0,1.87
Serie A,2013-2014,Sassuolo,38,26.5,43,1.13,25,0.66,68,1.79,36,0.95,7,8,101,0.0,1.61
Serie A,2013-2014,Torino,26,27.1,57,1.5,35,0.92,92,2.42,52,1.37,5,8,94,0.0,2.29
Serie A,2013-2014,Udinese,27,25.8,45,1.18,25,0.66,70,1.84,39,1.03,6,8,85,0.0,1.68
Serie A,2014-2015,Atalanta,32,28.1,37,0.97,21,0.55,58,1.53,33,0.87,4,5,113,0.0,1.42
Serie A,2014-2015,Cagliari,29,25.7,45,1.18,31,0.82,76,2.0,41,1.08,4,7,115,0.0,1.89
Serie A,2014-2015,Cesena,33,27.3,34,0.89,23,0.61,57,1.5,29,0.76,5,6,107,0.0,1.37
Serie A,2014-2015,Chievo,27,29.1,27,0.71,20,0.53,47,1.24,26,0.68,1,2,86,0.0,1.21
Serie A,2014-2015,Empoli,26,25.1,43,1.13,35,0.92,78,2.05,40,1.05,3,3,64,0.0,1.97
Serie A,2014-2015,Fiorentina,30,27.9,61,1.61,41,1.08,102,2.68,59,1.55,2,7,86,0.0,2.63
Serie A,2014-2015,Genoa,33,26.0,58,1.53,41,1.08,99,2.61,53,1.39,5,7,108,0.0,2.47
Serie A,2014-2015,Hellas Verona,30,29.7,48,1.26,35,0.92,83,2.18,44,1.16,4,6,105,0.0,2.08
Serie A,2014-2015,Inter,34,26.5,58,1.53,36,0.95,94,2.47,53,1.39,5,7,101,0.0,2.34
Serie A,2014-2015,Juventus,28,28.8,71,1.87,44,1.16,115,3.03,65,1.71,6,9,76,0.0,2.87
Serie A,2014-2015,Lazio,29,28.0,70,1.84,47,1.24,117,3.08,67,1.76,3,5,114,0.0,3.0
Serie A,2014-2015,Milan,35,28.1,54,1.42,33,0.87,87,2.29,43,1.13,11,11,96,0.0,2.0
Serie A,2014-2015,Napoli,26,27.0,65,1.71,41,1.08,106,2.79,61,1.61,4,9,86,0.0,2.68
Serie A,2014-2015,Palermo,31,26.8,52,1.37,34,0.89,86,2.26,47,1.24,5,7,89,0.0,2.13
Serie A,2014-2015,Parma,38,28.4,31,0.82,20,0.53,51,1.34,29,0.76,2,2,110,0.0,1.29
Serie A,2014-2015,Roma,32,28.0,53,1.39,40,1.05,93,2.45,47,1.24,6,7,111,0.0,2.29
Serie A,2014-2015,Sampdoria,30,26.2,46,1.21,30,0.79,76,2.0,44,1.16,2,2,103,0.0,1.95
Serie A,2014-2015,Sassuolo,27,27.0,47,1.24,30,0.79,77,2.03,40,1.05,7,9,115,0.0,1.84
Serie A,2014-2015,Torino,31,28.1,48,1.26,32,0.84,80,2.11,45,1.18,3,6,100,0.0,2.03
Serie A,2014-2015,Udinese,28,26.9,41,1.08,27,0.71,68,1.79,40,1.05,1,1,99,0.0,1.76
Serie A,2015-2016,Atalanta,33,27.8,38,1.0,23,0.61,61,1.61,34,0.89,4,6,114,0.0,1.5
Serie A,2015-2016,Bologna,31,27.0,33,0.87,22,0.58,55,1.45,31,0.82,2,3,98,0.0,1.39
Serie A,2015-2016,Carpi,35,25.9,33,0.87,22,0.58,55,1.45,28,0.74,5,8,115,0.0,1.32
Serie A,2015-2016,Chievo,26,30.5,42,1.11,28,0.74,70,1.84,37,0.97,5,8,108,0.0,1.71
Serie A,2015-2016,Empoli,29,25.4,39,1.03,29,0.76,68,1.79,38,1.0,1,2,101,0.0,1.76
Serie A,2015-2016,Fiorentina,26,27.6,58,1.53,38,1.0,96,2.53,50,1.32,8,9,102,0.0,2.32
Serie A,2015-2016,Frosinone,28,26.5,34,0.89,22,0.58,56,1.47,31,0.82,3,3,116,0.0,1.39
Serie A,2015-2016,Genoa,30,26.7,44,1.16,35,0.92,79,2.08,40,1.05,4,4,91,0.0,1.97
Serie A,2015-2016,Hellas Verona,32,27.5,34,0.89,23,0.61,57,1.5,28,0.74,6,7,97,0.0,1.34
Serie A,2015-2016,Inter,28,26.7,49,1.29,35,0.92,84,2.21,47,1.24,2,3,104,0.0,2.16
Serie A,2015-2016,Juventus,28,28.3,72,1.89,54,1.42,126,3.32,63,1.66,9,9,97,0.0,3.08
Serie A,2015-2016,Lazio,27,27.6,52,1.37,31,0.82,83,2.18,43,1.13,9,11,107,0.0,1.95
Serie A,2015-2016,Milan,30,26.4,49,1.29,28,0.74,77,2.03,43,1.13,6,7,96,0.0,1.87
Serie A,2015-2016,Napoli,22,26.5,78,2.05,56,1.47,134,3.53,71,1.87,7,8,72,0.0,3.34
Serie A,2015-2016,Palermo,31,26.8,37,0.97,31,0.82,68,1.79,36,0.95,1,1,103,0.0,1.76
Serie A,2015-2016,Roma,32,26.2,83,2.18,55,1.45,138,3.63,79,2.08,4,4,87,0.0,3.53
Serie A,2015-2016,Sampdoria,35,27.5,45,1.18,30,0.79,75,1.97,42,1.11,3,3,111,0.0,1.89
Serie A,2015-2016,Sassuolo,26,27.0,48,1.26,33,0.87,81,2.13,44,1.16,4,5,98,0.0,2.03
Serie A,2015-2016,Torino,27,27.6,49,1.29,29,0.76,78,2.05,40,1.05,9,11,99,0.0,1.82
Serie A,2015-2016,Udinese,28,27.6,34,0.89,23,0.61,57,1.5,32,0.84,2,2,105,0.0,1.45
Serie A,2016-2017,Atalanta,32,25.2,62,1.63,43,1.13,105,2.76,57,1.5,5,5,90,2.0,2.63
Serie A,2016-2017,Bologna,28,26.3,39,1.03,29,0.76,68,1.79,38,1.0,1,2,87,2.0,1.76
Serie A,2016-2017,Cagliari,34,28.7,53,1.39,30,0.79,83,2.18,49,1.29,4,6,104,3.0,2.08
Serie A,2016-2017,Chievo,29,31.3,42,1.11,29,0.76,71,1.87,38,1.0,4,5,88,3.0,1.76
Serie A,2016-2017,Crotone,31,26.0,34,0.89,22,0.58,56,1.47,30,0.79,4,5,93,3.0,1.37
Serie A,2016-2017,Empoli,29,26.8,29,0.76,19,0.5,48,1.26,25,0.66,4,5,107,0.0,1.16
Serie A,2016-2017,Fiorentina,30,27.3,62,1.63,46,1.21,108,2.84,56,1.47,6,10,98,3.0,2.68
Serie A,2016-2017,Genoa,33,26.9,36,0.95,30,0.79,66,1.74,34,0.89,2,3,97,4.0,1.68
Serie A,2016-2017,Inter,29,27.5,70,1.84,55,1.45,125,3.29,67,1.76,3,5,81,3.0,3.21
Serie A,2016-2017,Juventus,27,29.1,72,1.89,49,1.29,121,3.18,69,1.82,3,3,70,0.0,3.11
Serie A,2016-2017,Lazio,30,26.0,73,1.92,47,1.24,120,3.16,61,1.61,12,14,96,3.0,2.84
Serie A,2016-2017,Milan,28,25.0,55,1.45,39,1.03,94,2.47,48,1.26,7,12,98,9.0,2.29
Serie A,2016-2017,Napoli,26,26.9,94,2.47,68,1.79,162,4.26,89,2.34,5,6,58,0.0,4.13
Serie A,2016-2017,Palermo,30,26.1,33,0.87,24,0.63,57,1.5,32,0.84,1,1,107,6.0,1.47
Serie A,2016-2017,Pescara,34,26.6,32,0.84,27,0.71,59,1.55,30,0.79,2,6,98,3.0,1.5
Serie A,2016-2017,Roma,22,26.7,88,2.32,59,1.55,147,3.87,76,2.0,12,14,64,0.0,3.55
Serie A,2016-2017,Sampdoria,24,26.6,45,1.18,31,0.82,76,2.0,38,1.0,7,8,75,1.0,1.82
Serie A,2016-2017,Sassuolo,28,26.7,59,1.55,36,0.95,95,2.5,50,1.32,9,10,90,0.0,2.26
Serie A,2016-2017,Torino,29,26.4,70,1.84,54,1.42,124,3.26,65,1.71,5,9,88,3.0,3.13
Serie A,2016-2017,Udinese,29,26.7,47,1.24,29,0.76,76,2.0,45,1.18,2,3,85,0.0,1.95
Serie A,2017-2018,Atalanta,25,25.7,57,1.5,38,1.0,95,2.5,52,1.37,5,9,66,,2.37
Serie A,2017-2018,Benevento,41,26.0,32,0.84,23,0.61,55,1.45,30,0.79,2,3,79,,1.39
Serie A,2017-2018,Bologna,30,26.8,37,0.97,18,0.47,55,1.45,35,0.92,2,3,101,,1.39
Serie A,2017-2018,Cagliari,29,27.1,33,0.87,21,0.55,54,1.42,29,0.76,4,7,96,,1.32
Serie A,2017-2018,Chievo,25,30.3,36,0.95,20,0.53,56,1.47,35,0.92,1,2,75,,1.45
Serie A,2017-2018,Crotone,29,25.6,38,1.0,21,0.55,59,1.55,36,0.95,2,3,65,,1.5
Serie A,2017-2018,Fiorentina,27,25.0,53,1.39,32,0.84,85,2.24,46,1.21,7,8,89,,2.05
Serie A,2017-2018,Genoa,33,27.9,31,0.82,18,0.47,49,1.29,27,0.71,4,5,75,,1.18
Serie A,2017-2018,Hellas Verona,32,25.9,30,0.79,19,0.5,49,1.29,23,0.61,7,7,98,,1.11
Serie A,2017-2018,Inter,22,27.6,64,1.68,34,0.89,98,2.58,58,1.53,6,7,69,,2.42
Serie A,2017-2018,Juventus,24,29.2,82,2.16,39,1.03,121,3.18,78,2.05,4,8,66,,3.08
Serie A,2017-2018,Lazio,24,26.5,86,2.26,51,1.34,137,3.61,77,2.03,9,11,79,,3.37
Serie A,2017-2018,Milan,24,25.0,54,1.42,28,0.74,82,2.16,50,1.32,4,6,75,,2.05
Serie A,2017-2018,Napoli,23,28.0,73,1.92,45,1.18,118,3.11,67,1.76,6,8,58,,2.95
Serie A,2017-2018,Roma,27,27.4,56,1.47,37,0.97,93,2.45,53,1.39,3,6,48,,2.37
Serie A,2017-2018,Sampdoria,27,27.0,56,1.47,33,0.87,89,2.34,49,1.29,7,8,69,,2.16
Serie A,2017-2018,Sassuolo,28,27.2,28,0.74,16,0.42,44,1.16,24,0.63,4,10,89,,1.05
Serie A,2017-2018,SPAL,29,26.7,37,0.97,14,0.37,51,1.34,32,0.84,5,6,101,,1.21
Serie A,2017-2018,Torino,27,28.1,53,1.39,36,0.95,89,2.34,53,1.39,0,2,78,,2.34
Serie A,2017-2018,Udinese,27,26.5,45,1.18,27,0.71,72,1.89,38,1.0,7,7,72,,1.71
Serie A,2018-2019,Atalanta,27,26.5,75,1.97,60,1.58,135,3.55,73,1.92,2,4,63,3.0,3.5
Serie A,2018-2019,Bologna,29,27.0,45,1.18,35,0.92,80,2.11,40,1.05,5,5,94,6.0,1.97
Serie A,2018-2019,Cagliari,30,27.9,35,0.92,27,0.71,62,1.63,33,0.87,2,3,99,9.0,1.58
Serie A,2018-2019,Chievo,36,28.3,25,0.66,17,0.45,42,1.11,21,0.55,4,6,116,7.0,1.0
Serie A,2018-2019,Empoli,29,26.4,48,1.26,36,0.95,84,2.21,44,1.16,4,7,74,3.0,2.11
Serie A,2018-2019,Fiorentina,27,24.1,45,1.18,24,0.63,69,1.82,40,1.05,5,6,91,5.0,1.68
Serie A,2018-2019,Frosinone,33,26.4,28,0.74,21,0.55,49,1.29,24,0.63,4,5,99,2.0,1.18
Serie A,2018-2019,Genoa,31,26.0,37,0.97,26,0.68,63,1.66,33,0.87,4,5,96,7.0,1.55
Serie A,2018-2019,Inter,23,27.7,57,1.5,36,0.95,93,2.45,49,1.29,8,9,75,3.0,2.24
Serie A,2018-2019,Juventus,31,28.0,66,1.74,44,1.16,110,2.89,59,1.55,7,8,78,4.0,2.71
Serie A,2018-2019,Lazio,30,27.9,54,1.42,35,0.92,89,2.34,48,1.26,6,6,90,4.0,2.18
Serie A,2018-2019,Milan,23,24.8,51,1.34,35,0.92,86,2.26,48,1.26,3,4,82,5.0,2.18
Serie A,2018-2019,Napoli,26,27.0,73,1.92,54,1.42,127,3.34,70,1.84,3,4,75,5.0,3.26
Serie A,2018-2019,Parma,31,29.4,40,1.05,22,0.58,62,1.63,36,0.95,4,5,84,3.0,1.53
Serie A,2018-2019,Roma,26,27.5,65,1.71,41,1.08,106,2.79,59,1.55,6,6,90,2.0,2.63
Serie A,2018-2019,Sampdoria,24,26.1,60,1.58,41,1.08,101,2.66,50,1.32,10,12,92,3.0,2.39
Serie A,2018-2019,Sassuolo,29,25.4,50,1.32,33,0.87,83,2.18,45,1.18,5,5,90,8.0,2.05
Serie A,2018-2019,SPAL,28,27.8,44,1.16,30,0.79,74,1.95,37,0.97,7,8,113,3.0,1.76
Serie A,2018-2019,Torino,25,27.6,50,1.32,31,0.82,81,2.13,45,1.18,5,6,89,4.0,2.0
Serie A,2018-2019,Udinese,31,25.3,37,0.97,30,0.79,67,1.76,34,0.89,3,8,92,4.0,1.68
Serie A,2019-2020,Atalanta,30,27.2,96,2.53,68,1.79,164,4.32,89,2.34,7,10,80,2.0,4.13
Serie A,2019-2020,Bologna,31,27.2,48,1.26,31,0.82,79,2.08,43,1.13,5,6,109,7.0,1.95
Serie A,2019-2020,Brescia,32,25.6,34,0.89,22,0.58,56,1.47,30,0.79,4,4,95,6.0,1.37
Serie A,2019-2020,Cagliari,33,27.4,50,1.32,34,0.89,84,2.21,46,1.21,4,6,108,6.0,2.11
Serie A,2019-2020,Fiorentina,33,25.1,48,1.26,30,0.79,78,2.05,39,1.03,9,11,105,5.0,1.82
Serie A,2019-2020,Genoa,34,26.8,46,1.21,28,0.74,74,1.95,35,0.92,11,16,107,10.0,1.66
Serie A,2019-2020,Hellas Verona,30,26.1,45,1.18,27,0.71,72,1.89,37,0.97,8,9,87,7.0,1.68
Serie A,2019-2020,Inter,29,27.7,80,2.11,57,1.5,137,3.61,70,1.84,10,11,104,6.0,3.34
Serie A,2019-2020,Juventus,30,28.6,73,1.92,47,1.24,120,3.16,60,1.58,13,14,87,3.0,2.82
Serie A,2019-2020,Lazio,27,27.9,77,2.03,45,1.18,122,3.21,62,1.63,15,18,99,2.0,2.82
Serie A,2019-2020,Lecce,30,28.7,52,1.37,30,0.79,82,2.16,41,1.08,11,15,98,5.0,1.87
Serie A,2019-2020,Milan,32,24.6,60,1.58,38,1.0,98,2.58,52,1.37,8,9,97,6.0,2.37
Serie A,2019-2020,Napoli,25,26.9,60,1.58,45,1.18,105,2.76,55,1.45,5,5,73,2.0,2.63
Serie A,2019-2020,Parma,25,28.8,53,1.39,38,1.0,91,2.39,49,1.29,4,6,81,1.0,2.29
Serie A,2019-2020,Roma,31,26.9,73,1.92,47,1.24,120,3.16,61,1.61,12,14,111,7.0,2.84
Serie A,2019-2020,Sampdoria,31,26.0,48,1.26,25,0.66,73,1.92,39,1.03,9,12,111,7.0,1.68
Serie A,2019-2020,Sassuolo,31,26.4,69,1.82,49,1.29,118,3.11,64,1.68,5,6,99,3.0,2.97
Serie A,2019-2020,SPAL,34,27.5,27,0.71,17,0.45,44,1.16,22,0.58,5,7,98,4.0,1.03
Serie A,2019-2020,Torino,27,27.3,44,1.16,29,0.76,73,1.92,37,0.97,7,8,96,7.0,1.74
Serie A,2019-2020,Udinese,25,26.5,37,0.97,26,0.68,63,1.66,37,0.97,0,0,77,3.0,1.66
Serie A,2020-2021,Atalanta,30,27.3,90,2.37,65,1.71,155,4.08,84,2.21,6,7,67,3.0,3.92
Serie A,2020-2021,Benevento,29,28.7,40,1.05,26,0.68,66,1.74,35,0.92,5,7,95,5.0,1.61
Serie A,2020-2021,Bologna,37,27.2,49,1.29,38,1.0,87,2.29,46,1.21,3,4,82,4.0,2.21
Serie A,2020-2021,Cagliari,32,26.5,43,1.13,30,0.79,73,1.92,39,1.03,4,5,77,3.0,1.82
Serie A,2020-2021,Crotone,31,27.8,44,1.16,27,0.71,71,1.87,35,0.92,9,9,89,4.0,1.63
Serie A,2020-2021,Fiorentina,30,26.6,44,1.16,31,0.82,75,1.97,38,1.0,6,6,86,5.0,1.82
Serie A,2020-2021,Genoa,34,28.3,46,1.21,32,0.84,78,2.05,42,1.11,4,4,87,2.0,1.95
Serie A,2020-2021,Hellas Verona,32,26.2,38,1.0,30,0.79,68,1.79,35,0.92,3,3,91,1.0,1.71
Serie A,2020-2021,Inter,25,27.7,84,2.21,62,1.63,146,3.84,76,2.0,8,9,61,2.0,3.63
Serie A,2020-2021,Juventus,30,27.7,76,2.0,59,1.55,135,3.55,68,1.79,8,10,80,6.0,3.34
Serie A,2020-2021,Lazio,30,29.4,59,1.55,40,1.05,99,2.61,53,1.39,6,10,107,5.0,2.45
Serie A,2020-2021,Milan,29,24.4,72,1.89,47,1.24,119,3.13,57,1.5,15,20,83,4.0,2.74
Serie A,2020-2021,Napoli,25,27.1,83,2.18,56,1.47,139,3.66,76,2.0,7,8,76,3.0,3.47
Serie A,2020-2021,Parma,42,28.0,39,1.03,26,0.68,65,1.71,34,0.89,5,5,91,1.0,1.58
Serie A,2020-2021,Roma,31,26.7,67,1.76,51,1.34,118,3.11,60,1.58,7,8,91,3.0,2.92
Serie A,2020-2021,Sampdoria,27,27.9,52,1.37,37,0.97,89,2.34,47,1.24,5,6,83,3.0,2.21
Serie A,2020-2021,Sassuolo,28,26.5,61,1.61,36,0.95,97,2.55,48,1.26,13,14,79,4.0,2.21
Serie A,2020-2021,Spezia,35,25.2,52,1.37,37,0.97,89,2.34,48,1.26,4,5,100,5.0,2.24
Serie A,2020-2021,Torino,29,26.9,49,1.29,28,0.74,77,2.03,44,1.16,5,6,78,4.0,1.89
Serie A,2020-2021,Udinese,33,27.2,40,1.05,30,0.79,70,1.84,36,0.95,4,4,65,2.0,1.74
Serie A,2021-2022,Atalanta,32,27.5,62,1.63,48,1.26,110,2.89,57,1.5,5,6,87,2.0,2.76
Serie A,2021-2022,Bologna,36,26.6,43,1.13,34,0.89,77,2.03,39,1.03,4,5,92,7.0,1.92
Serie A,2021-2022,Cagliari,33,26.5,34,0.89,26,0.68,60,1.58,31,0.82,3,4,96,5.0,1.5
Serie A,2021-2022,Empoli,28,24.5,47,1.24,27,0.71,74,1.95,40,1.05,7,7,87,5.0,1.76
Serie A,2021-2022,Fiorentina,28,26.4,59,1.55,33,0.87,92,2.42,50,1.32,9,12,89,8.0,2.18
Serie A,2021-2022,Genoa,40,27.0,26,0.68,19,0.5,45,1.18,20,0.53,6,7,92,3.0,1.03
Serie A,2021-2022,Hellas Verona,31,26.8,63,1.66,44,1.16,107,2.82,56,1.47,7,8,100,7.0,2.63
Serie A,2021-2022,Inter,27,28.9,83,2.18,57,1.5,140,3.68,76,2.0,7,11,71,0.0,3.5
Serie A,2021-2022,Juventus,32,27.4,56,1.47,37,0.97,93,2.45,51,1.34,5,6,77,2.0,2.32
Serie A,2021-2022,Lazio,27,29.0,74,1.95,48,1.26,122,3.21,67,1.76,7,9,88,5.0,3.03
Serie A,2021-2022,Milan,28,25.6,66,1.74,39,1.03,105,2.76,61,1.61,5,8,76,3.0,2.63
Serie A,2021-2022,Napoli,27,27.9,74,1.95,46,1.21,120,3.16,64,1.68,10,14,63,2.0,2.89
Serie A,2021-2022,Roma,29,26.4,58,1.53,31,0.82,89,2.34,51,1.34,7,9,111,8.0,2.16
Serie A,2021-2022,Salernitana,42,27.7,32,0.84,19,0.5,51,1.34,28,0.74,4,5,94,5.0,1.24
Serie A,2021-2022,Sampdoria,34,29.0,42,1.11,29,0.76,71,1.87,40,1.05,2,4,94,4.0,1.82
Serie A,2021-2022,Sassuolo,29,26.1,60,1.58,39,1.03,99,2.61,53,1.39,7,7,92,4.0,2.42
Serie A,2021-2022,Spezia,30,24.4,38,1.0,25,0.66,63,1.66,35,0.92,3,5,88,4.0,1.58
Serie A,2021-2022,Torino,31,25.2,43,1.13,27,0.71,70,1.84,37,0.97,6,6,89,3.0,1.68
Serie A,2021-2022,Udinese,29,26.2,58,1.53,36,0.95,94,2.47,55,1.45,3,4,95,6.0,2.39
Serie A,2021-2022,Venezia,39,26.1,34,0.89,23,0.61,57,1.5,31,0.82,3,5,110,9.0,1.42
Serie A,2022-2023,Atalanta,27,26.5,64,1.68,42,1.11,106,2.79,58,1.53,6,8,83,3.0,2.63
Serie A,2022-2023,Bologna,27,26.6,52,1.37,41,1.08,93,2.45,46,1.21,6,6,84,3.0,2.29
Serie A,2022-2023,Cremonese,33,26.0,35,0.92,18,0.47,53,1.39,30,0.79,5,7,81,3.0,1.26
Serie A,2022-2023,Empoli,32,25.3,35,0.92,20,0.53,55,1.45,33,0.87,2,2,88,7.0,1.39
Serie A,2022-2023,Fiorentina,30,26.5,51,1.34,37,0.97,88,2.32,47,1.24,4,6,93,3.0,2.21
Serie A,2022-2023,Hellas Verona,36,26.6,29,0.76,22,0.58,51,1.34,28,0.74,1,1,103,3.0,1.32
Serie A,2022-2023,Inter,25,28.8,68,1.79,50,1.32,118,3.11,64,1.68,4,5,65,3.0,3.0
Serie A,2022-2023,Juventus,29,27.7,56,1.47,41,1.08,97,2.55,53,1.39,3,6,74,6.0,2.47
Serie A,2022-2023,Lazio,24,28.6,59,1.55,37,0.97,96,2.53,53,1.39,6,8,87,2.0,2.37
Serie A,2022-2023,Lecce,29,24.8,31,0.82,21,0.55,52,1.37,27,0.71,4,6,86,2.0,1.26
Serie A,2022-2023,Milan,30,26.0,61,1.61,49,1.29,110,2.89,56,1.47,5,5,90,2.0,2.76
Serie A,2022-2023,Monza,31,26.6,46,1.21,31,0.82,77,2.03,41,1.08,5,6,90,4.0,1.89
Serie A,2022-2023,Napoli,27,26.4,75,1.97,57,1.5,132,3.47,67,1.76,8,10,47,1.0,3.26
Serie A,2022-2023,Roma,30,27.4,50,1.32,33,0.87,83,2.18,43,1.13,7,10,83,4.0,2.0
Serie A,2022-2023,Salernitana,30,27.2,46,1.21,34,0.89,80,2.11,44,1.16,2,2,85,4.0,2.05
Serie A,2022-2023,Sampdoria,40,27.9,23,0.61,18,0.47,41,1.08,22,0.58,1,2,108,3.0,1.05
Serie A,2022-2023,Sassuolo,31,26.1,46,1.21,30,0.79,76,2.0,37,0.97,9,10,90,6.0,1.76
Serie A,2022-2023,Spezia,34,25.7,29,0.76,18,0.47,47,1.24,25,0.66,4,4,103,6.0,1.13
Serie A,2022-2023,Torino,28,25.2,41,1.08,34,0.89,75,1.97,39,1.03,2,2,81,0.0,1.92
Serie A,2022-2023,Udinese,30,26.1,46,1.21,41,1.08,87,2.29,45,1.18,1,2,88,3.0,2.26
Serie A,2023-2024,Atalanta,29,26.3,72,1.89,57,1.5,129,3.39,67,1.76,5,5,76,1.0,3.26
Serie A,2023-2024,Bologna,28,25.2,52,1.37,32,0.84,84,2.21,48,1.26,4,5,85,2.0,2.11
Serie A,2023-2024,Cagliari,29,26.1,41,1.08,30,0.79,71,1.87,37,0.97,4,6,77,4.0,1.76
Serie A,2023-2024,Empoli,34,26.0,26,0.68,19,0.5,45,1.18,21,0.55,5,5,88,1.0,1.05
Serie A,2023-2024,Fiorentina,30,27.0,60,1.58,41,1.08,101,2.66,56,1.47,4,8,80,0.0,2.55
Serie A,2023-2024,Frosinone,34,24.3,44,1.16,29,0.76,73,1.92,36,0.95,8,10,68,2.0,1.71
Serie A,2023-2024,Genoa,34,26.7,43,1.13,27,0.71,70,1.84,38,1.0,5,6,79,3.0,1.71
Serie A,2023-2024,Hellas Verona,36,25.7,38,1.0,29,0.76,67,1.76,35,0.92,3,7,88,6.0,1.68
Serie A,2023-2024,Inter,27,29.1,87,2.29,60,1.58,147,3.87,74,1.95,13,14,46,1.0,3.53
Serie A,2023-2024,Juventus,31,26.5,52,1.37,37,0.97,89,2.34,49,1.29,3,5,87,2.0,2.26
Serie A,2023-2024,Lazio,22,28.2,46,1.21,30,0.79,76,2.0,42,1.11,4,4,101,5.0,1.89
Serie A,2023-2024,Lecce,26,24.9,30,0.79,23,0.61,53,1.39,27,0.71,3,5,89,5.0,1.32
Serie A,2023-2024,Milan,35,26.6,76,2.0,56,1.47,132,3.47,70,1.84,6,8,82,8.0,3.32
Serie A,2023-2024,Monza,31,26.8,38,1.0,29,0.76,67,1.76,34,0.89,4,5,88,5.0,1.66
Serie A,2023-2024,Napoli,29,27.2,54,1.42,36,0.95,90,2.37,48,1.26,6,10,77,5.0,2.21
Serie A,2023-2024,Roma,30,27.7,64,1.68,44,1.16,108,2.84,53,1.39,11,12,95,3.0,2.55
Serie A,2023-2024,Salernitana,39,27.2,32,0.84,25,0.66,57,1.5,30,0.79,2,2,91,3.0,1.45
Serie A,2023-2024,Sassuolo,30,26.4,42,1.11,28,0.74,70,1.84,35,0.92,7,8,71,4.0,1.66
Serie A,2023-2024,Torino,30,26.4,35,0.92,29,0.76,64,1.68,33,0.87,2,2,75,2.0,1.63
Serie A,2023-2024,Udinese,32,25.7,36,0.95,23,0.61,59,1.55,33,0.87,3,4,94,5.0,1.47
Ligue 1,2010-2011,Arles-Avignon,34,27.5,21,0.55,17,0.45,38,1.0,20,0.53,1,1,71,8.0,0.97
Ligue 1,2010-2011,Auxerre,25,26.8,44,1.16,28,0.74,72,1.89,42,1.11,2,2,73,0.0,1.84
Ligue 1,2010-2011,Bordeaux,31,26.4,41,1.08,27,0.71,68,1.79,36,0.95,5,7,78,3.0,1.66
Ligue 1,2010-2011,Brest,25,26.9,36,0.95,24,0.63,60,1.58,31,0.82,5,7,50,0.0,1.45
Ligue 1,2010-2011,Caen,26,25.6,46,1.21,32,0.84,78,2.05,45,1.18,1,1,84,4.0,2.03
Ligue 1,2010-2011,Lens,31,27.0,32,0.84,22,0.58,54,1.42,31,0.82,1,2,54,3.0,1.39
Ligue 1,2010-2011,Lille,22,25.7,66,1.74,45,1.18,111,2.92,64,1.68,2,4,54,1.0,2.87
Ligue 1,2010-2011,Lorient,27,25.6,46,1.21,31,0.82,77,2.03,42,1.11,4,4,53,6.0,1.92
Ligue 1,2010-2011,Lyon,26,25.5,58,1.53,40,1.05,98,2.58,56,1.47,2,4,61,8.0,2.53
Ligue 1,2010-2011,Marseille,24,26.7,60,1.58,41,1.08,101,2.66,58,1.53,2,3,61,4.0,2.61
Ligue 1,2010-2011,Monaco,34,25.5,34,0.89,18,0.47,52,1.37,30,0.79,4,5,78,4.0,1.26
Ligue 1,2010-2011,Montpellier,25,25.8,32,0.84,23,0.61,55,1.45,29,0.76,3,4,83,8.0,1.37
Ligue 1,2010-2011,Nancy,26,26.9,41,1.08,27,0.71,68,1.79,39,1.03,2,4,69,7.0,1.74
Ligue 1,2010-2011,Nice,32,25.7,31,0.82,24,0.63,55,1.45,29,0.76,2,4,80,4.0,1.39
Ligue 1,2010-2011,Paris S-G,25,28.1,51,1.34,35,0.92,86,2.26,48,1.26,3,3,60,4.0,2.18
Ligue 1,2010-2011,Rennes,27,24.9,37,0.97,24,0.63,61,1.61,32,0.84,5,6,58,5.0,1.47
Ligue 1,2010-2011,Saint-Étienne,26,26.3,44,1.16,21,0.55,65,1.71,40,1.05,4,5,65,2.0,1.61
Ligue 1,2010-2011,Sochaux,25,24.8,58,1.53,44,1.16,102,2.68,55,1.45,3,3,49,4.0,2.61
Ligue 1,2010-2011,Toulouse,26,24.1,36,0.95,23,0.61,59,1.55,32,0.84,4,5,62,2.0,1.45
Ligue 1,2010-2011,Valenciennes,26,26.9,45,1.18,35,0.92,80,2.11,44,1.16,1,2,68,2.0,2.08
Ligue 1,2011-2012,Ajaccio,25,27.4,39,1.03,23,0.61,62,1.63,35,0.92,4,6,95,9.0,1.53
Ligue 1,2011-2012,Auxerre,29,27.0,46,1.21,28,0.74,74,1.95,45,1.18,1,1,87,5.0,1.92
Ligue 1,2011-2012,Bordeaux,26,26.7,53,1.39,30,0.79,83,2.18,46,1.21,7,9,64,4.0,2.0
Ligue 1,2011-2012,Brest,31,27.4,31,0.82,15,0.39,46,1.21,27,0.71,4,6,73,5.0,1.11
Ligue 1,2011-2012,Caen,23,26.3,39,1.03,21,0.55,60,1.58,33,0.87,6,6,72,6.0,1.42
Ligue 1,2011-2012,Dijon,29,24.4,38,1.0,19,0.5,57,1.5,35,0.92,3,4,82,7.0,1.42
Ligue 1,2011-2012,Evian,28,27.1,52,1.37,26,0.68,78,2.05,47,1.24,5,6,83,5.0,1.92
Ligue 1,2011-2012,Lille,24,27.0,70,1.84,42,1.11,112,2.95,58,1.53,12,13,68,4.0,2.63
Ligue 1,2011-2012,Lorient,33,25.8,34,0.89,22,0.58,56,1.47,31,0.82,3,3,67,4.0,1.39
Ligue 1,2011-2012,Lyon,28,25.5,62,1.63,35,0.92,97,2.55,56,1.47,6,6,62,6.0,2.39
Ligue 1,2011-2012,Marseille,24,26.3,44,1.16,30,0.79,74,1.95,41,1.08,3,4,74,5.0,1.87
Ligue 1,2011-2012,Montpellier,23,26.3,65,1.71,36,0.95,101,2.66,58,1.53,7,10,71,7.0,2.47
Ligue 1,2011-2012,Nancy,31,25.6,37,0.97,26,0.68,63,1.66,34,0.89,3,4,60,2.0,1.58
Ligue 1,2011-2012,Nice,31,26.0,38,1.0,21,0.55,59,1.55,31,0.82,7,9,70,7.0,1.37
Ligue 1,2011-2012,Paris S-G,24,26.9,74,1.95,53,1.39,127,3.34,64,1.68,10,10,81,4.0,3.08
Ligue 1,2011-2012,Rennes,27,24.1,52,1.37,35,0.92,87,2.29,46,1.21,6,7,68,3.0,2.13
Ligue 1,2011-2012,Saint-Étienne,30,25.1,45,1.18,31,0.82,76,2.0,43,1.13,2,2,72,5.0,1.95
Ligue 1,2011-2012,Sochaux,31,24.9,38,1.0,21,0.55,59,1.55,35,0.92,3,3,50,7.0,1.47
Ligue 1,2011-2012,Toulouse,26,23.9,35,0.92,22,0.58,57,1.5,32,0.84,3,5,76,8.0,1.42
Ligue 1,2011-2012,Valenciennes,26,26.5,38,1.0,19,0.5,57,1.5,33,0.87,5,6,67,4.0,1.37
Ligue 1,2012-2013,Ajaccio,28,28.5,37,0.97,22,0.58,59,1.55,33,0.87,4,5,73,7.0,1.45
Ligue 1,2012-2013,Bastia,29,27.8,49,1.29,32,0.84,81,2.13,44,1.16,5,7,83,7.0,2.0
Ligue 1,2012-2013,Bordeaux,26,27.0,39,1.03,29,0.76,68,1.79,37,0.97,2,4,66,3.0,1.74
Ligue 1,2012-2013,Brest,33,26.3,31,0.82,19,0.5,50,1.32,26,0.68,5,5,70,4.0,1.18
Ligue 1,2012-2013,Evian,30,27.6,44,1.16,32,0.84,76,2.0,41,1.08,3,3,75,3.0,1.92
Ligue 1,2012-2013,Lille,25,26.9,56,1.47,42,1.11,98,2.58,54,1.42,2,3,59,3.0,2.53
Ligue 1,2012-2013,Lorient,30,26.5,56,1.47,38,1.0,94,2.47,52,1.37,4,5,52,7.0,2.37
Ligue 1,2012-2013,Lyon,31,26.0,59,1.55,33,0.87,92,2.42,50,1.32,9,11,65,6.0,2.18
Ligue 1,2012-2013,Marseille,25,26.4,41,1.08,30,0.79,71,1.87,40,1.05,1,3,53,7.0,1.84
Ligue 1,2012-2013,Montpellier,28,26.6,52,1.37,34,0.89,86,2.26,49,1.29,3,4,67,6.0,2.18
Ligue 1,2012-2013,Nancy,29,25.5,38,1.0,27,0.71,65,1.71,37,0.97,1,2,65,5.0,1.68
Ligue 1,2012-2013,Nice,32,24.9,57,1.5,34,0.89,91,2.39,51,1.34,6,8,65,5.0,2.24
Ligue 1,2012-2013,Paris S-G,31,26.8,65,1.71,48,1.26,113,2.97,61,1.61,4,4,74,9.0,2.87
Ligue 1,2012-2013,Reims,26,26.1,30,0.79,18,0.47,48,1.26,27,0.71,3,6,66,6.0,1.18
Ligue 1,2012-2013,Rennes,31,24.8,48,1.26,33,0.87,81,2.13,46,1.21,2,2,46,10.0,2.08
Ligue 1,2012-2013,Saint-Étienne,25,25.9,57,1.5,44,1.16,101,2.66,55,1.45,2,3,59,4.0,2.61
Ligue 1,2012-2013,Sochaux,27,24.8,39,1.03,29,0.76,68,1.79,37,0.97,2,3,63,3.0,1.74
Ligue 1,2012-2013,Toulouse,24,24.1,47,1.24,35,0.92,82,2.16,46,1.21,1,2,64,7.0,2.13
Ligue 1,2012-2013,Troyes,26,26.7,43,1.13,28,0.74,71,1.87,41,1.08,2,3,55,5.0,1.82
Ligue 1,2012-2013,Valenciennes,26,26.7,45,1.18,32,0.84,77,2.03,42,1.11,3,4,58,3.0,1.95
Ligue 1,2013-2014,Ajaccio,37,27.1,36,0.95,28,0.74,64,1.68,36,0.95,0,2,72,0.0,1.68
Ligue 1,2013-2014,Bastia,27,28.7,42,1.11,32,0.84,74,1.95,39,1.03,3,3,67,0.0,1.87
Ligue 1,2013-2014,Bordeaux,32,26.9,49,1.29,33,0.87,82,2.16,43,1.13,6,6,54,0.0,2.0
Ligue 1,2013-2014,Evian,29,26.9,39,1.03,22,0.58,61,1.61,35,0.92,4,5,70,0.0,1.5
Ligue 1,2013-2014,Guingamp,25,27.2,32,0.84,25,0.66,57,1.5,28,0.74,4,6,67,0.0,1.39
Ligue 1,2013-2014,Lille,22,26.9,43,1.13,30,0.79,73,1.92,38,1.0,5,6,58,0.0,1.79
Ligue 1,2013-2014,Lorient,28,25.6,46,1.21,32,0.84,78,2.05,40,1.05,6,6,49,0.0,1.89
Ligue 1,2013-2014,Lyon,28,25.0,56,1.47,36,0.95,92,2.42,55,1.45,1,2,56,0.0,2.39
Ligue 1,2013-2014,Marseille,24,26.4,53,1.39,33,0.87,86,2.26,51,1.34,2,2,60,0.0,2.21
Ligue 1,2013-2014,Monaco,29,26.4,62,1.63,48,1.26,110,2.89,58,1.53,4,5,64,0.0,2.79
Ligue 1,2013-2014,Montpellier,26,26.0,44,1.16,23,0.61,67,1.76,41,1.08,3,5,64,0.0,1.68
Ligue 1,2013-2014,Nantes,28,25.7,36,0.95,25,0.66,61,1.61,36,0.95,0,2,56,0.0,1.61
Ligue 1,2013-2014,Nice,29,24.6,30,0.79,17,0.45,47,1.24,28,0.74,2,3,60,0.0,1.18
Ligue 1,2013-2014,Paris S-G,23,26.6,79,2.08,46,1.21,125,3.29,70,1.84,9,10,61,0.0,3.05
Ligue 1,2013-2014,Reims,25,26.5,43,1.13,27,0.71,70,1.84,40,1.05,3,4,58,0.0,1.76
Ligue 1,2013-2014,Rennes,32,25.5,47,1.24,26,0.68,73,1.92,45,1.18,2,4,50,,1.87
Ligue 1,2013-2014,Saint-Étienne,26,26.9,55,1.45,32,0.84,87,2.29,51,1.34,4,5,69,,2.18
Ligue 1,2013-2014,Sochaux,36,25.2,35,0.92,24,0.63,59,1.55,33,0.87,2,2,73,0.0,1.5
Ligue 1,2013-2014,Toulouse,28,24.2,44,1.16,32,0.84,76,2.0,41,1.08,3,6,80,,1.92
Ligue 1,2013-2014,Valenciennes,26,26.7,35,0.92,23,0.61,58,1.53,31,0.82,4,7,62,0.0,1.42
Ligue 1,2014-2015,Bastia,31,27.2,35,0.92,20,0.53,55,1.45,30,0.79,5,5,80,0.0,1.32
Ligue 1,2014-2015,Bordeaux,30,26.2,46,1.21,34,0.89,80,2.11,38,1.0,8,8,66,0.0,1.89
Ligue 1,2014-2015,Caen,23,27.2,51,1.34,34,0.89,85,2.24,45,1.18,6,6,45,0.0,2.08
Ligue 1,2014-2015,Evian,29,26.8,37,0.97,25,0.66,62,1.63,36,0.95,1,2,70,0.0,1.61
Ligue 1,2014-2015,Guingamp,28,28.3,40,1.05,26,0.68,66,1.74,33,0.87,7,7,62,0.0,1.55
Ligue 1,2014-2015,Lens,27,26.0,32,0.84,19,0.5,51,1.34,27,0.71,5,8,76,,1.21
Ligue 1,2014-2015,Lille,27,26.4,42,1.11,28,0.74,70,1.84,37,0.97,5,8,63,0.0,1.71
Ligue 1,2014-2015,Lorient,32,24.8,41,1.08,27,0.71,68,1.79,36,0.95,5,5,56,0.0,1.66
Ligue 1,2014-2015,Lyon,26,24.6,69,1.82,47,1.24,116,3.05,60,1.58,9,12,64,0.0,2.82
Ligue 1,2014-2015,Marseille,25,25.6,72,1.89,45,1.18,117,3.08,70,1.84,2,4,69,0.0,3.03
Ligue 1,2014-2015,Metz,31,26.3,31,0.82,17,0.45,48,1.26,23,0.61,8,10,76,,1.05
Ligue 1,2014-2015,Monaco,27,25.5,50,1.32,35,0.92,85,2.24,45,1.18,5,7,63,0.0,2.11
Ligue 1,2014-2015,Montpellier,26,27.3,45,1.18,32,0.84,77,2.03,42,1.11,3,6,51,0.0,1.95
Ligue 1,2014-2015,Nantes,27,26.3,26,0.68,17,0.45,43,1.13,22,0.58,4,6,73,0.0,1.03
Ligue 1,2014-2015,Nice,30,24.0,44,1.16,29,0.76,73,1.92,40,1.05,4,4,89,0.0,1.82
Ligue 1,2014-2015,Paris S-G,23,26.8,80,2.11,55,1.45,135,3.55,67,1.76,13,14,66,0.0,3.21
Ligue 1,2014-2015,Reims,30,27.0,45,1.18,31,0.82,76,2.0,42,1.11,3,3,79,0.0,1.92
Ligue 1,2014-2015,Rennes,22,26.0,34,0.89,28,0.74,62,1.63,33,0.87,1,3,56,,1.61
Ligue 1,2014-2015,Saint-Étienne,24,27.1,50,1.32,33,0.87,83,2.18,45,1.18,5,7,70,,2.05
Ligue 1,2014-2015,Toulouse,27,24.4,42,1.11,31,0.82,73,1.92,39,1.03,3,3,63,,1.84
Ligue 1,2015-2016,Angers,29,27.2,40,1.05,25,0.66,65,1.71,36,0.95,4,5,71,0.0,1.61
Ligue 1,2015-2016,Bastia,26,28.7,34,0.89,20,0.53,54,1.42,32,0.84,2,2,85,0.0,1.37
Ligue 1,2015-2016,Bordeaux,35,24.9,48,1.26,33,0.87,81,2.13,47,1.24,1,2,86,0.0,2.11
Ligue 1,2015-2016,Caen,24,28.2,38,1.0,22,0.58,60,1.58,33,0.87,5,6,58,0.0,1.45
Ligue 1,2015-2016,Gazélec Ajaccio,23,28.4,36,0.95,26,0.68,62,1.63,33,0.87,3,3,98,0.0,1.55
Ligue 1,2015-2016,Guingamp,28,28.4,46,1.21,36,0.95,82,2.16,44,1.16,2,3,81,0.0,2.11
Ligue 1,2015-2016,Lille,32,27.1,38,1.0,28,0.74,66,1.74,35,0.92,3,3,86,0.0,1.66
Ligue 1,2015-2016,Lorient,31,25.4,46,1.21,30,0.79,76,2.0,39,1.03,7,7,66,0.0,1.82
Ligue 1,2015-2016,Lyon,30,25.5,66,1.74,44,1.16,110,2.89,63,1.66,3,3,69,0.0,2.82
Ligue 1,2015-2016,Marseille,28,25.0,48,1.26,35,0.92,83,2.18,46,1.21,2,4,74,0.0,2.13
Ligue 1,2015-2016,Monaco,31,26.1,54,1.42,36,0.95,90,2.37,48,1.26,6,8,86,0.0,2.21
Ligue 1,2015-2016,Montpellier,30,27.1,46,1.21,34,0.89,80,2.11,44,1.16,2,2,62,0.0,2.05
Ligue 1,2015-2016,Nantes,29,25.8,30,0.79,25,0.66,55,1.45,30,0.79,0,0,81,0.0,1.45
Ligue 1,2015-2016,Nice,33,24.2,55,1.45,43,1.13,98,2.58,50,1.32,5,5,68,0.0,2.45
Ligue 1,2015-2016,Paris S-G,28,27.0,101,2.66,72,1.89,173,4.55,95,2.5,6,8,47,0.0,4.39
Ligue 1,2015-2016,Reims,31,26.9,43,1.13,30,0.79,73,1.92,41,1.08,2,3,88,0.0,1.87
Ligue 1,2015-2016,Rennes,31,26.2,48,1.26,32,0.84,80,2.11,45,1.18,3,7,74,,2.03
Ligue 1,2015-2016,Saint-Étienne,31,27.2,39,1.03,27,0.71,66,1.74,36,0.95,3,4,76,,1.66
Ligue 1,2015-2016,Toulouse,25,23.8,43,1.13,28,0.74,71,1.87,39,1.03,4,6,80,,1.76
Ligue 1,2015-2016,Troyes,33,26.5,27,0.71,18,0.47,45,1.18,24,0.63,3,3,76,0.0,1.11
Ligue 1,2016-2017,Angers,29,26.7,39,1.03,25,0.66,64,1.68,36,0.95,3,4,60,1.0,1.61
Ligue 1,2016-2017,Bastia,29,26.9,28,0.74,18,0.47,46,1.21,28,0.74,0,1,85,7.0,1.21
Ligue 1,2016-2017,Bordeaux,27,25.9,51,1.34,35,0.92,86,2.26,47,1.24,4,7,67,1.0,2.16
Ligue 1,2016-2017,Caen,27,28.7,35,0.92,28,0.74,63,1.66,31,0.82,4,5,61,1.0,1.55
Ligue 1,2016-2017,Dijon,27,27.7,42,1.11,29,0.76,71,1.87,39,1.03,3,4,74,3.0,1.79
Ligue 1,2016-2017,Guingamp,25,27.6,46,1.21,33,0.87,79,2.08,42,1.11,4,4,63,3.0,1.97
Ligue 1,2016-2017,Lille,31,26.9,40,1.05,26,0.68,66,1.74,34,0.89,6,7,64,3.0,1.58
Ligue 1,2016-2017,Lorient,30,26.8,43,1.13,30,0.79,73,1.92,39,1.03,4,6,68,0.0,1.82
Ligue 1,2016-2017,Lyon,27,25.0,74,1.95,44,1.16,118,3.11,62,1.63,12,14,65,2.0,2.79
Ligue 1,2016-2017,Marseille,27,27.4,56,1.47,37,0.97,93,2.45,52,1.37,4,4,71,1.0,2.34
Ligue 1,2016-2017,Metz,31,26.5,37,0.97,22,0.58,59,1.55,29,0.76,8,9,75,,1.34
Ligue 1,2016-2017,Monaco,29,25.0,103,2.71,62,1.63,165,4.34,92,2.42,11,11,53,1.0,4.05
Ligue 1,2016-2017,Montpellier,32,26.8,48,1.26,30,0.79,78,2.05,45,1.18,3,3,48,2.0,1.97
Ligue 1,2016-2017,Nancy,27,27.2,29,0.76,22,0.58,51,1.34,28,0.74,1,3,78,1.0,1.32
Ligue 1,2016-2017,Nantes,27,24.8,40,1.05,31,0.82,71,1.87,38,1.0,2,4,78,1.0,1.82
Ligue 1,2016-2017,Nice,27,24.3,63,1.66,45,1.18,108,2.84,57,1.5,6,8,60,1.0,2.68
Ligue 1,2016-2017,Paris S-G,28,26.4,79,2.08,54,1.42,133,3.5,70,1.84,9,10,54,1.0,3.26
Ligue 1,2016-2017,Rennes,31,26.3,35,0.92,25,0.66,60,1.58,33,0.87,2,3,59,,1.53
Ligue 1,2016-2017,Saint-Étienne,34,26.1,40,1.05,26,0.68,66,1.74,35,0.92,5,6,58,,1.61
Ligue 1,2016-2017,Toulouse,30,23.3,37,0.97,22,0.58,59,1.55,31,0.82,6,9,90,,1.39
Ligue 1,2017-2018,Amiens,30,27.5,36,0.95,24,0.63,60,1.58,33,0.87,3,4,74,5.0,1.5
Ligue 1,2017-2018,Angers,27,27.1,41,1.08,30,0.79,71,1.87,37,0.97,4,4,70,3.0,1.76
Ligue 1,2017-2018,Bordeaux,31,25.1,52,1.37,36,0.95,88,2.32,48,1.26,4,6,74,2.0,2.21
Ligue 1,2017-2018,Caen,26,27.3,25,0.66,19,0.5,44,1.16,20,0.53,5,8,68,4.0,1.03
Ligue 1,2017-2018,Dijon,26,26.6,52,1.37,36,0.95,88,2.32,47,1.24,5,5,70,5.0,2.18
Ligue 1,2017-2018,Guingamp,23,27.2,46,1.21,27,0.71,73,1.92,40,1.05,6,7,67,2.0,1.76
Ligue 1,2017-2018,Lille,25,22.6,41,1.08,31,0.82,72,1.89,39,1.03,2,2,61,6.0,1.84
Ligue 1,2017-2018,Lyon,26,24.4,85,2.24,62,1.63,147,3.87,79,2.08,6,7,72,2.0,3.71
Ligue 1,2017-2018,Marseille,26,27.2,79,2.08,54,1.42,133,3.5,74,1.95,5,8,81,2.0,3.37
Ligue 1,2017-2018,Metz,36,27.4,33,0.87,27,0.71,60,1.58,30,0.79,3,4,80,7.0,1.5
Ligue 1,2017-2018,Monaco,32,25.8,83,2.18,56,1.47,139,3.66,76,2.0,7,8,71,4.0,3.47
Ligue 1,2017-2018,Montpellier,23,26.4,36,0.95,28,0.74,64,1.68,36,0.95,0,2,72,1.0,1.68
Ligue 1,2017-2018,Nantes,30,25.6,36,0.95,24,0.63,60,1.58,32,0.84,4,5,68,6.0,1.47
Ligue 1,2017-2018,Nice,31,25.0,52,1.37,35,0.92,87,2.29,44,1.16,8,10,82,4.0,2.08
Ligue 1,2017-2018,Paris S-G,28,26.1,100,2.63,75,1.97,175,4.61,93,2.45,7,9,69,6.0,4.42
Ligue 1,2017-2018,Rennes,28,24.2,48,1.26,32,0.84,80,2.11,42,1.11,6,8,67,5.0,1.95
Ligue 1,2017-2018,Saint-Étienne,30,26.6,45,1.18,31,0.82,76,2.0,38,1.0,7,11,72,8.0,1.82
Ligue 1,2017-2018,Strasbourg,25,27.2,43,1.13,26,0.68,69,1.82,36,0.95,7,7,72,4.0,1.63
Ligue 1,2017-2018,Toulouse,25,23.9,35,0.92,24,0.63,59,1.55,27,0.71,8,11,93,3.0,1.34
Ligue 1,2017-2018,Troyes,25,26.7,30,0.79,21,0.55,51,1.34,28,0.74,2,3,78,7.0,1.29
Ligue 1,2018-2019,Amiens,26,26.5,30,0.79,22,0.58,52,1.37,28,0.74,2,3,62,6.0,1.32
Ligue 1,2018-2019,Angers,24,28.0,42,1.11,27,0.71,69,1.82,37,0.97,5,10,49,4.0,1.68
Ligue 1,2018-2019,Bordeaux,33,25.3,34,0.89,26,0.68,60,1.58,29,0.76,5,6,74,5.0,1.45
Ligue 1,2018-2019,Caen,26,25.8,29,0.76,17,0.45,46,1.21,25,0.66,4,4,83,6.0,1.11
Ligue 1,2018-2019,Dijon,26,27.1,29,0.76,21,0.55,50,1.32,26,0.68,3,4,79,7.0,1.24
Ligue 1,2018-2019,Guingamp,30,26.0,28,0.74,21,0.55,49,1.29,23,0.61,5,6,58,5.0,1.16
Ligue 1,2018-2019,Lille,25,24.1,66,1.74,49,1.29,115,3.03,55,1.45,11,13,71,4.0,2.74
Ligue 1,2018-2019,Lyon,25,24.4,70,1.84,54,1.42,124,3.26,65,1.71,5,10,57,3.0,3.13
Ligue 1,2018-2019,Marseille,24,26.9,59,1.55,45,1.18,104,2.74,55,1.45,4,5,83,8.0,2.63
Ligue 1,2018-2019,Monaco,42,25.6,38,1.0,25,0.66,63,1.66,34,0.89,4,5,92,6.0,1.55
Ligue 1,2018-2019,Montpellier,25,28.0,50,1.32,28,0.74,78,2.05,47,1.24,3,3,61,4.0,1.97
Ligue 1,2018-2019,Nantes,33,25.9,46,1.21,28,0.74,74,1.95,40,1.05,6,8,75,6.0,1.79
Ligue 1,2018-2019,Nice,30,24.2,28,0.74,18,0.47,46,1.21,23,0.61,5,9,73,5.0,1.08
Ligue 1,2018-2019,Nîmes,23,24.1,55,1.45,37,0.97,92,2.42,51,1.34,4,6,71,5.0,2.32
Ligue 1,2018-2019,Paris S-G,30,26.2,103,2.71,72,1.89,175,4.61,93,2.45,10,12,64,4.0,4.34
Ligue 1,2018-2019,Reims,27,26.2,39,1.03,27,0.71,66,1.74,37,0.97,2,2,67,2.0,1.68
Ligue 1,2018-2019,Rennes,28,25.7,52,1.37,34,0.89,86,2.26,45,1.18,7,10,70,3.0,2.08
Ligue 1,2018-2019,Saint-Étienne,29,27.8,56,1.47,40,1.05,96,2.53,51,1.34,5,5,67,7.0,2.39
Ligue 1,2018-2019,Strasbourg,26,26.2,57,1.5,43,1.13,100,2.63,52,1.37,5,7,71,4.0,2.5
Ligue 1,2018-2019,Toulouse,29,25.5,35,0.92,16,0.42,51,1.34,28,0.74,7,11,77,5.0,1.16
Ligue 1,2019-2020,Amiens,27,27.4,30,1.07,20,0.71,50,1.79,27,0.96,3,5,59,4.0,1.68
Ligue 1,2019-2020,Angers,26,28.0,27,0.96,21,0.75,48,1.71,26,0.93,1,1,43,2.0,1.68
Ligue 1,2019-2020,Bordeaux,26,26.9,40,1.43,29,1.04,69,2.46,38,1.36,2,2,55,0.0,2.39
Ligue 1,2019-2020,Brest,24,26.1,32,1.14,27,0.96,59,2.11,31,1.11,1,5,45,2.0,2.07
Ligue 1,2019-2020,Dijon,28,26.9,26,0.93,17,0.61,43,1.54,25,0.89,1,1,43,2.0,1.5
Ligue 1,2019-2020,Lille,25,24.3,35,1.25,25,0.89,60,2.14,30,1.07,5,8,51,3.0,1.96
Ligue 1,2019-2020,Lyon,27,24.8,42,1.5,29,1.04,71,2.54,37,1.32,5,6,50,4.0,2.36
Ligue 1,2019-2020,Marseille,23,27.1,38,1.36,28,1.0,66,2.36,34,1.21,4,6,68,3.0,2.21
Ligue 1,2019-2020,Metz,24,25.9,27,0.96,20,0.71,47,1.68,25,0.89,2,4,45,4.0,1.61
Ligue 1,2019-2020,Monaco,28,26.0,44,1.57,29,1.04,73,2.61,40,1.43,4,4,61,10.0,2.46
Ligue 1,2019-2020,Montpellier,27,28.5,33,1.18,19,0.68,52,1.86,31,1.11,2,5,57,5.0,1.79
Ligue 1,2019-2020,Nantes,29,25.4,23,0.82,16,0.57,39,1.39,21,0.75,2,2,52,2.0,1.32
Ligue 1,2019-2020,Nice,31,23.9,41,1.46,30,1.07,71,2.54,36,1.29,5,5,58,7.0,2.36
Ligue 1,2019-2020,Nîmes,28,25.4,29,1.04,20,0.71,49,1.75,27,0.96,2,2,44,6.0,1.68
Ligue 1,2019-2020,Paris S-G,31,27.2,71,2.63,51,1.89,122,4.52,65,2.41,6,8,51,1.0,4.3
Ligue 1,2019-2020,Reims,26,25.3,26,0.93,16,0.57,42,1.5,21,0.75,5,5,57,5.0,1.32
Ligue 1,2019-2020,Rennes,26,25.5,37,1.32,26,0.93,63,2.25,34,1.21,3,5,51,1.0,2.14
Ligue 1,2019-2020,Saint-Étienne,31,27.0,28,1.0,20,0.71,48,1.71,23,0.82,5,5,61,3.0,1.54
Ligue 1,2019-2020,Strasbourg,25,25.8,32,1.19,21,0.78,53,1.96,29,1.07,3,4,47,1.0,1.85
Ligue 1,2019-2020,Toulouse,30,25.1,21,0.75,14,0.5,35,1.25,17,0.61,4,6,49,5.0,1.11
Ligue 1,2020-2021,Angers,31,27.9,40,1.05,23,0.61,63,1.66,35,0.92,5,6,65,2.0,1.53
Ligue 1,2020-2021,Bordeaux,28,27.6,41,1.08,32,0.84,73,1.92,37,0.97,4,4,78,4.0,1.82
Ligue 1,2020-2021,Brest,26,24.9,48,1.26,31,0.82,79,2.08,45,1.18,3,4,62,4.0,2.0
Ligue 1,2020-2021,Dijon,33,25.7,25,0.66,15,0.39,40,1.05,22,0.58,3,5,76,5.0,0.97
Ligue 1,2020-2021,Lens,27,26.4,53,1.39,35,0.92,88,2.32,43,1.13,10,12,94,7.0,2.05
Ligue 1,2020-2021,Lille,21,25.4,62,1.63,39,1.03,101,2.66,57,1.5,5,5,68,2.0,2.53
Ligue 1,2020-2021,Lorient,27,26.8,49,1.29,26,0.68,75,1.97,40,1.05,9,10,69,3.0,1.74
Ligue 1,2020-2021,Lyon,29,25.8,76,2.0,46,1.21,122,3.21,65,1.71,11,11,66,10.0,2.92
Ligue 1,2020-2021,Marseille,31,27.2,53,1.39,45,1.18,98,2.58,49,1.29,4,7,98,9.0,2.47
Ligue 1,2020-2021,Metz,27,25.7,42,1.11,28,0.74,70,1.84,35,0.92,7,11,84,4.0,1.66
Ligue 1,2020-2021,Monaco,30,24.8,76,2.0,52,1.37,128,3.37,64,1.68,12,15,78,7.0,3.05
Ligue 1,2020-2021,Montpellier,25,28.0,60,1.58,42,1.11,102,2.68,58,1.53,2,5,65,7.0,2.63
Ligue 1,2020-2021,Nantes,25,25.8,47,1.24,28,0.74,75,1.97,39,1.03,8,9,70,4.0,1.76
Ligue 1,2020-2021,Nice,31,23.5,49,1.29,26,0.68,75,1.97,42,1.11,7,7,73,4.0,1.79
Ligue 1,2020-2021,Nîmes,33,25.8,40,1.05,26,0.68,66,1.74,33,0.87,7,8,60,5.0,1.55
Ligue 1,2020-2021,Paris S-G,33,26.7,84,2.21,52,1.37,136,3.58,72,1.89,12,13,79,7.0,3.26
Ligue 1,2020-2021,Reims,29,24.6,39,1.03,23,0.61,62,1.63,34,0.89,5,5,77,8.0,1.5
Ligue 1,2020-2021,Rennes,32,25.5,50,1.32,39,1.03,89,2.34,47,1.24,3,3,79,5.0,2.26
Ligue 1,2020-2021,Saint-Étienne,40,25.4,40,1.05,28,0.74,68,1.79,34,0.89,6,9,76,2.0,1.63
Ligue 1,2020-2021,Strasbourg,26,26.8,49,1.29,26,0.68,75,1.97,39,1.03,10,12,58,3.0,1.71
Ligue 1,2021-2022,Angers,30,27.4,41,1.08,25,0.66,66,1.74,32,0.84,9,9,70,4.0,1.5
Ligue 1,2021-2022,Bordeaux,39,25.7,50,1.32,39,1.03,89,2.34,48,1.26,2,4,91,5.0,2.29
Ligue 1,2021-2022,Brest,25,25.4,48,1.26,32,0.84,80,2.11,41,1.08,7,8,59,2.0,1.92
Ligue 1,2021-2022,Clermont Foot,28,26.9,36,0.95,25,0.66,61,1.61,34,0.89,2,3,65,8.0,1.55
Ligue 1,2021-2022,Lens,28,26.1,60,1.58,39,1.03,99,2.61,55,1.45,5,5,73,7.0,2.47
Ligue 1,2021-2022,Lille,26,26.1,45,1.18,29,0.76,74,1.95,41,1.08,4,5,98,6.0,1.84
Ligue 1,2021-2022,Lorient,29,26.2,35,0.92,20,0.53,55,1.45,32,0.84,3,3,69,4.0,1.37
Ligue 1,2021-2022,Lyon,30,25.6,64,1.68,45,1.18,109,2.87,56,1.47,8,8,65,6.0,2.66
Ligue 1,2021-2022,Marseille,27,25.0,61,1.61,40,1.05,101,2.66,51,1.34,10,10,61,3.0,2.39
Ligue 1,2021-2022,Metz,36,25.9,33,0.87,24,0.63,57,1.5,32,0.84,1,1,94,9.0,1.47
Ligue 1,2021-2022,Monaco,27,24.4,62,1.63,45,1.18,107,2.82,53,1.39,9,9,85,4.0,2.58
Ligue 1,2021-2022,Montpellier,27,25.8,48,1.26,31,0.82,79,2.08,45,1.18,3,4,77,8.0,2.0
Ligue 1,2021-2022,Nantes,26,26.1,53,1.39,37,0.97,90,2.37,48,1.26,5,5,80,4.0,2.24
Ligue 1,2021-2022,Nice,27,25.0,52,1.37,35,0.92,87,2.29,44,1.16,8,10,77,6.0,2.08
Ligue 1,2021-2022,Paris S-G,36,27.8,88,2.32,65,1.71,153,4.03,81,2.13,7,8,79,4.0,3.84
Ligue 1,2021-2022,Reims,35,24.0,42,1.11,27,0.71,69,1.82,38,1.0,4,6,68,7.0,1.71
Ligue 1,2021-2022,Rennes,28,25.3,81,2.13,61,1.61,142,3.74,77,2.03,4,4,56,2.0,3.63
Ligue 1,2021-2022,Saint-Étienne,39,25.1,41,1.08,25,0.66,66,1.74,36,0.95,5,5,81,5.0,1.61
Ligue 1,2021-2022,Strasbourg,26,27.0,56,1.47,40,1.05,96,2.53,50,1.32,6,8,72,3.0,2.37
Ligue 1,2021-2022,Troyes,35,27.1,35,0.92,23,0.61,58,1.53,29,0.76,6,7,75,6.0,1.37
Ligue 1,2022-2023,Ajaccio,36,29.1,22,0.58,12,0.32,34,0.89,16,0.42,6,9,86,10.0,0.74
Ligue 1,2022-2023,Angers,33,25.7,31,0.82,18,0.47,49,1.29,27,0.71,4,4,69,5.0,1.18
Ligue 1,2022-2023,Auxerre,33,27.3,32,0.84,17,0.45,49,1.29,25,0.66,7,9,54,6.0,1.11
Ligue 1,2022-2023,Brest,29,26.6,43,1.13,28,0.74,71,1.87,36,0.95,7,8,63,2.0,1.68
Ligue 1,2022-2023,Clermont Foot,28,27.2,44,1.16,26,0.68,70,1.84,37,0.97,7,10,72,5.0,1.66
Ligue 1,2022-2023,Lens,29,26.4,66,1.74,49,1.29,115,3.03,60,1.58,6,9,63,3.0,2.87
Ligue 1,2022-2023,Lille,26,26.0,65,1.71,40,1.05,105,2.76,54,1.42,11,12,82,1.0,2.47
Ligue 1,2022-2023,Lorient,30,25.2,49,1.29,32,0.84,81,2.13,45,1.18,4,6,48,4.0,2.03
Ligue 1,2022-2023,Lyon,29,25.5,63,1.66,45,1.18,108,2.84,57,1.5,6,8,61,3.0,2.68
Ligue 1,2022-2023,Marseille,30,27.3,61,1.61,38,1.0,99,2.61,55,1.45,6,7,63,4.0,2.45
Ligue 1,2022-2023,Monaco,27,24.7,69,1.82,47,1.24,116,3.05,64,1.68,5,8,64,5.0,2.92
Ligue 1,2022-2023,Montpellier,31,26.0,64,1.68,41,1.08,105,2.76,57,1.5,7,7,68,10.0,2.58
Ligue 1,2022-2023,Nantes,29,26.7,35,0.92,27,0.71,62,1.63,32,0.84,3,5,65,4.0,1.55
Ligue 1,2022-2023,Nice,34,26.5,47,1.24,32,0.84,79,2.08,41,1.08,6,7,53,3.0,1.92
Ligue 1,2022-2023,Paris S-G,26,26.9,86,2.26,62,1.63,148,3.89,81,2.13,5,7,57,5.0,3.76
Ligue 1,2022-2023,Reims,34,24.9,45,1.18,31,0.82,76,2.0,38,1.0,7,8,70,9.0,1.82
Ligue 1,2022-2023,Rennes,32,25.2,66,1.74,47,1.24,113,2.97,63,1.66,3,3,58,6.0,2.89
Ligue 1,2022-2023,Strasbourg,29,27.3,48,1.26,28,0.74,76,2.0,43,1.13,5,7,73,7.0,1.87
Ligue 1,2022-2023,Toulouse,29,25.1,50,1.32,33,0.87,83,2.18,46,1.21,4,4,62,3.0,2.08
Ligue 1,2022-2023,Troyes,32,25.8,43,1.13,26,0.68,69,1.82,38,1.0,5,5,55,5.0,1.68
Ligue 1,2023-2024,Brest,25,27.0,51,1.5,33,0.97,84,2.47,47,1.38,4,4,84,5.0,2.35
Ligue 1,2023-2024,Clermont Foot,31,26.8,26,0.76,18,0.53,44,1.29,20,0.59,6,8,60,7.0,1.12
Ligue 1,2023-2024,Le Havre,27,26.2,33,0.97,23,0.68,56,1.65,27,0.79,6,7,67,6.0,1.47
Ligue 1,2023-2024,Lens,27,26.7,45,1.32,29,0.85,74,2.18,39,1.15,6,7,78,4.0,2.0
Ligue 1,2023-2024,Lille,28,25.1,50,1.47,32,0.94,82,2.41,48,1.41,2,3,67,3.0,2.35
Ligue 1,2023-2024,Lorient,38,24.7,41,1.21,27,0.79,68,2.0,40,1.18,1,1,66,1.0,1.97
Ligue 1,2023-2024,Lyon,35,26.6,48,1.41,32,0.94,80,2.35,44,1.29,4,4,57,6.0,2.24
Ligue 1,2023-2024,Marseille,33,27.3,50,1.47,32,0.94,82,2.41,46,1.35,4,4,61,5.0,2.29
Ligue 1,2023-2024,Metz,30,26.5,35,1.03,25,0.74,60,1.76,31,0.91,4,6,54,3.0,1.65
Ligue 1,2023-2024,Monaco,30,25.0,66,1.94,45,1.32,111,3.26,64,1.88,2,5,79,8.0,3.21
Ligue 1,2023-2024,Montpellier,31,26.1,41,1.21,26,0.76,67,1.97,34,1.0,7,7,68,4.0,1.76
Ligue 1,2023-2024,Nantes,35,26.8,30,0.88,17,0.5,47,1.38,26,0.76,4,5,67,3.0,1.26
Ligue 1,2023-2024,Nice,27,25.8,39,1.15,23,0.68,62,1.82,33,0.97,6,7,62,4.0,1.65
Ligue 1,2023-2024,Paris S-G,29,24.7,78,2.29,61,1.79,139,4.09,71,2.09,7,9,51,3.0,3.88
Ligue 1,2023-2024,Reims,29,25.9,40,1.18,28,0.82,68,2.0,37,1.09,3,4,70,3.0,1.91
Ligue 1,2023-2024,Rennes,29,25.2,53,1.56,29,0.85,82,2.41,43,1.26,10,11,66,4.0,2.12
Ligue 1,2023-2024,Strasbourg,30,24.1,36,1.06,24,0.71,60,1.76,33,0.97,3,4,59,2.0,1.68
Ligue 1,2023-2024,Toulouse,26,23.8,42,1.24,30,0.88,72,2.12,36,1.06,6,9,77,1.0,1.94
MLS,2010-2011,Chicago Fire,28,26.7,35,1.17,23,0.77,58,1.93,33,1.1,2,2,41,3.0,1.87
MLS,2010-2011,Chivas USA,31,26.7,30,1.0,20,0.67,50,1.67,29,0.97,1,1,47,2.0,1.63
MLS,2010-2011,Colorado Rapids,23,27.1,41,1.37,26,0.87,67,2.23,37,1.23,4,4,49,2.0,2.1
MLS,2010-2011,Columbus Crew,24,27.0,38,1.27,18,0.6,56,1.87,33,1.1,5,7,41,4.0,1.7
MLS,2010-2011,D.C. United,30,25.8,20,0.67,9,0.3,29,0.97,18,0.6,2,2,49,2.0,0.9
MLS,2010-2011,FC Dallas,25,27.4,40,1.33,23,0.77,63,2.1,32,1.07,8,9,48,3.0,1.83
MLS,2010-2011,Houston Dynamo,25,28.1,39,1.3,30,1.0,69,2.3,36,1.2,3,4,48,8.0,2.2
MLS,2010-2011,KC Wizards,23,27.2,35,1.17,23,0.77,58,1.93,33,1.1,2,2,48,4.0,1.87
MLS,2010-2011,LA Galaxy,25,26.6,43,1.43,31,1.03,74,2.47,40,1.33,3,4,51,1.0,2.37
MLS,2010-2011,NE Revolution,24,26.1,31,1.03,19,0.63,50,1.67,30,1.0,1,1,45,4.0,1.63
MLS,2010-2011,NY Red Bulls,27,27.7,36,1.2,21,0.7,57,1.9,32,1.07,4,5,50,3.0,1.77
MLS,2010-2011,Philadelphia Union,25,26.2,35,1.17,24,0.8,59,1.97,32,1.07,3,3,43,5.0,1.87
MLS,2010-2011,Real Salt Lake,22,27.5,45,1.5,26,0.87,71,2.37,42,1.4,3,4,50,,2.27
MLS,2010-2011,Seattle Sounders,28,27.7,38,1.27,32,1.07,70,2.33,37,1.23,1,2,46,2.0,2.3
MLS,2010-2011,SJ Earthquakes,28,27.3,34,1.13,21,0.7,55,1.83,31,1.03,3,3,39,4.0,1.73
MLS,2010-2011,Toronto FC,27,26.1,33,1.1,22,0.73,55,1.83,30,1.0,3,3,60,7.0,1.73
MLS,2011-2012,Chicago Fire,27,25.8,44,1.29,30,0.88,74,2.18,42,1.24,2,2,68,3.0,2.12
MLS,2011-2012,Chivas USA,27,27.4,41,1.21,30,0.88,71,2.09,41,1.21,0,0,53,4.0,2.09
MLS,2011-2012,Colorado Rapids,23,28.3,44,1.29,28,0.82,72,2.12,41,1.21,3,4,57,5.0,2.03
MLS,2011-2012,Columbus Crew,26,26.5,41,1.21,24,0.71,65,1.91,32,0.94,9,9,51,3.0,1.65
MLS,2011-2012,D.C. United,29,24.8,49,1.44,30,0.88,79,2.32,41,1.21,8,10,44,4.0,2.09
MLS,2011-2012,FC Dallas,27,27.2,42,1.24,34,1.0,76,2.24,41,1.21,1,2,56,4.0,2.21
MLS,2011-2012,Houston Dynamo,26,26.1,44,1.29,32,0.94,76,2.24,41,1.21,3,3,51,7.0,2.15
MLS,2011-2012,LA Galaxy,29,27.3,46,1.35,32,0.94,78,2.29,42,1.24,4,4,53,4.0,2.18
MLS,2011-2012,NE Revolution,27,26.1,38,1.12,19,0.56,57,1.68,32,0.94,6,7,56,10.0,1.5
MLS,2011-2012,NY Red Bulls,31,28.6,47,1.38,42,1.24,89,2.62,44,1.29,3,5,55,5.0,2.53
MLS,2011-2012,Philadelphia Union,23,26.6,43,1.26,32,0.94,75,2.21,39,1.15,4,4,46,3.0,2.09
MLS,2011-2012,Portland Timbers,27,25.3,37,1.09,29,0.85,66,1.94,34,1.0,3,5,51,3.0,1.85
MLS,2011-2012,Real Salt Lake,27,27.5,43,1.26,31,0.91,74,2.18,38,1.12,5,5,58,7.0,2.03
MLS,2011-2012,Seattle Sounders,26,28.0,54,1.59,35,1.03,89,2.62,48,1.41,6,9,63,2.0,2.44
MLS,2011-2012,SJ Earthquakes,31,27.3,40,1.18,29,0.85,69,2.03,39,1.15,1,2,65,5.0,2.0
MLS,2011-2012,Sporting KC,29,26.4,48,1.41,31,0.91,79,2.32,44,1.29,4,4,52,8.0,2.21
MLS,2011-2012,Toronto FC,38,25.1,36,1.06,23,0.68,59,1.74,34,1.0,2,2,56,4.0,1.68
MLS,2011-2012,Vancouver W'caps,31,26.0,35,1.03,25,0.74,60,1.76,30,0.88,5,6,55,5.0,1.62
MLS,2012-2013,Chicago Fire,27,27.4,46,1.35,34,1.0,80,2.35,44,1.29,2,3,50,5.0,2.29
MLS,2012-2013,Chivas USA,30,28.0,24,0.71,14,0.41,38,1.12,21,0.62,3,3,53,1.0,1.03
MLS,2012-2013,Colorado Rapids,31,28.3,44,1.29,28,0.82,72,2.12,41,1.21,3,4,41,3.0,2.03
MLS,2012-2013,Columbus Crew,29,27.0,44,1.29,29,0.85,73,2.15,42,1.24,2,3,54,2.0,2.09
MLS,2012-2013,D.C. United,24,25.8,52,1.53,41,1.21,93,2.74,51,1.5,1,2,47,3.0,2.71
MLS,2012-2013,FC Dallas,27,27.3,41,1.21,24,0.71,65,1.91,39,1.15,2,5,47,6.0,1.85
MLS,2012-2013,Houston Dynamo,25,26.9,47,1.38,33,0.97,80,2.35,41,1.21,6,7,34,1.0,2.18
MLS,2012-2013,LA Galaxy,32,28.0,57,1.68,43,1.26,100,2.94,54,1.59,3,4,50,2.0,2.85
MLS,2012-2013,Montreal Impact,31,27.9,44,1.29,29,0.85,73,2.15,35,1.03,9,9,55,3.0,1.88
MLS,2012-2013,NE Revolution,29,26.1,37,1.09,25,0.74,62,1.82,35,1.03,2,2,41,3.0,1.76
MLS,2012-2013,NY Red Bulls,27,27.8,56,1.65,40,1.18,96,2.82,53,1.56,3,3,61,2.0,2.74
MLS,2012-2013,Philadelphia Union,31,24.3,36,1.06,18,0.53,54,1.59,31,0.91,5,6,59,5.0,1.44
MLS,2012-2013,Portland Timbers,29,26.1,32,0.94,21,0.62,53,1.56,32,0.94,0,0,55,2.0,1.56
MLS,2012-2013,Real Salt Lake,24,27.8,44,1.29,31,0.91,75,2.21,40,1.18,4,4,58,4.0,2.09
MLS,2012-2013,Seattle Sounders,28,27.5,48,1.41,38,1.12,86,2.53,46,1.35,2,2,54,4.0,2.47
MLS,2012-2013,SJ Earthquakes,25,27.7,71,2.09,52,1.53,123,3.62,65,1.91,6,8,60,5.0,3.44
MLS,2012-2013,Sporting KC,25,26.7,41,1.21,32,0.94,73,2.15,38,1.12,3,4,52,3.0,2.06
MLS,2012-2013,Toronto FC,29,25.5,36,1.06,30,0.88,66,1.94,36,1.06,0,2,55,2.0,1.94
MLS,2012-2013,Vancouver W'caps,29,28.8,35,1.03,25,0.74,60,1.76,34,1.0,1,1,69,3.0,1.74
MLS,2013-2014,Chicago Fire,27,27.0,45,1.32,33,0.97,78,2.29,42,1.24,3,5,50,,2.21
MLS,2013-2014,Chivas USA,34,25.2,28,0.82,18,0.53,46,1.35,27,0.79,1,2,66,0.0,1.32
MLS,2013-2014,Colorado Rapids,31,25.9,43,1.26,33,0.97,76,2.24,40,1.18,3,4,43,,2.15
MLS,2013-2014,Columbus Crew,25,26.4,41,1.21,28,0.82,69,2.03,35,1.03,6,9,64,,1.85
MLS,2013-2014,D.C. United,33,25.7,21,0.62,15,0.44,36,1.06,19,0.56,2,3,52,,1.0
MLS,2013-2014,FC Dallas,25,27.3,46,1.35,34,1.0,80,2.35,43,1.26,3,4,56,,2.26
MLS,2013-2014,Houston Dynamo,25,26.7,40,1.18,35,1.03,75,2.21,37,1.09,3,5,40,,2.12
MLS,2013-2014,LA Galaxy,27,27.4,52,1.53,39,1.15,91,2.68,46,1.35,6,8,36,,2.5
MLS,2013-2014,Montreal Impact,25,28.9,50,1.47,37,1.09,87,2.56,46,1.35,4,4,62,,2.44
MLS,2013-2014,NE Revolution,26,24.8,47,1.38,36,1.06,83,2.44,44,1.29,3,4,49,,2.35
MLS,2013-2014,NY Red Bulls,27,29.1,56,1.65,44,1.29,100,2.94,53,1.56,3,3,42,,2.85
MLS,2013-2014,Philadelphia Union,24,25.6,42,1.24,35,1.03,77,2.26,42,1.24,0,0,64,,2.26
MLS,2013-2014,Portland Timbers,26,27.3,53,1.56,38,1.12,91,2.68,50,1.47,3,3,48,,2.59
MLS,2013-2014,Real Salt Lake,27,27.5,56,1.65,34,1.0,90,2.65,50,1.47,6,7,62,,2.47
MLS,2013-2014,Seattle Sounders,29,28.4,39,1.15,30,0.88,69,2.03,36,1.06,3,4,46,,1.94
MLS,2013-2014,SJ Earthquakes,28,28.3,34,1.0,27,0.79,61,1.79,32,0.94,2,2,64,,1.74
MLS,2013-2014,Sporting KC,24,26.5,45,1.32,33,0.97,78,2.29,41,1.21,4,4,67,,2.18
MLS,2013-2014,Toronto FC,35,25.0,28,0.82,17,0.5,45,1.32,26,0.76,2,2,70,0.0,1.26
MLS,2013-2014,Vancouver W'caps,26,27.8,53,1.56,31,0.91,84,2.47,47,1.38,6,6,46,,2.29
MLS,2014-2015,Chicago Fire,29,27.1,41,1.21,29,0.85,70,2.06,34,1.0,7,11,65,,1.85
MLS,2014-2015,Chivas USA,33,27.4,28,0.82,16,0.47,44,1.29,22,0.65,6,7,72,0.0,1.12
MLS,2014-2015,Colorado Rapids,29,25.6,42,1.24,26,0.76,68,2.0,33,0.97,9,10,54,,1.74
MLS,2014-2015,Columbus Crew,27,26.0,51,1.5,41,1.21,92,2.71,44,1.29,7,10,60,,2.5
MLS,2014-2015,D.C. United,26,27.2,47,1.38,42,1.24,89,2.62,43,1.26,4,5,52,,2.5
MLS,2014-2015,FC Dallas,26,26.4,53,1.56,34,1.0,87,2.56,46,1.35,7,9,54,,2.35
MLS,2014-2015,Houston Dynamo,24,27.0,37,1.09,33,0.97,70,2.06,34,1.0,3,6,52,,1.97
MLS,2014-2015,LA Galaxy,29,28.5,68,2.0,58,1.71,126,3.71,64,1.88,4,8,49,,3.59
MLS,2014-2015,Montreal Impact,32,27.6,38,1.12,37,1.09,75,2.21,38,1.12,0,2,58,,2.21
MLS,2014-2015,NE Revolution,26,25.6,49,1.44,45,1.32,94,2.76,45,1.32,4,4,56,,2.65
MLS,2014-2015,NY Red Bulls,27,29.5,55,1.62,47,1.38,102,3.0,48,1.41,7,8,54,,2.79
MLS,2014-2015,Philadelphia Union,29,25.9,49,1.44,38,1.12,87,2.56,42,1.24,7,7,37,,2.35
MLS,2014-2015,Portland Timbers,25,28.1,59,1.74,42,1.24,101,2.97,55,1.62,4,4,52,,2.85
MLS,2014-2015,Real Salt Lake,25,28.3,53,1.56,39,1.15,92,2.71,46,1.35,7,8,51,,2.5
MLS,2014-2015,Seattle Sounders,24,28.4,64,1.88,54,1.59,118,3.47,58,1.71,6,7,56,,3.29
MLS,2014-2015,SJ Earthquakes,27,29.4,34,1.0,25,0.74,59,1.74,32,0.94,2,3,56,,1.68
MLS,2014-2015,Sporting KC,30,26.3,48,1.41,33,0.97,81,2.38,41,1.21,7,8,64,,2.18
MLS,2014-2015,Toronto FC,27,26.2,43,1.26,36,1.06,79,2.32,40,1.18,3,5,59,0.0,2.24
MLS,2014-2015,Vancouver W'caps,26,26.5,41,1.21,28,0.82,69,2.03,31,0.91,10,12,60,,1.74
MLS,2015-2016,Chicago Fire,30,27.4,43,1.26,37,1.09,80,2.35,36,1.06,7,8,69,,2.15
MLS,2015-2016,Colorado Rapids,30,27.4,33,0.97,31,0.91,64,1.88,31,0.91,2,1,77,,1.82
MLS,2015-2016,Columbus Crew,25,27.3,57,1.68,53,1.56,110,3.24,56,1.65,1,2,57,,3.21
MLS,2015-2016,D.C. United,25,27.6,42,1.24,31,0.91,73,2.15,38,1.12,4,5,49,,2.03
MLS,2015-2016,FC Dallas,24,25.5,51,1.5,38,1.12,89,2.62,47,1.38,4,4,52,,2.5
MLS,2015-2016,Houston Dynamo,26,27.6,42,1.24,28,0.82,70,2.06,40,1.18,2,4,57,,2.0
MLS,2015-2016,LA Galaxy,29,28.3,56,1.65,56,1.65,112,3.29,51,1.5,5,6,56,,3.15
MLS,2015-2016,Montreal Impact,30,27.2,48,1.41,27,0.79,75,2.21,43,1.26,5,6,85,,2.06
MLS,2015-2016,NE Revolution,21,26.5,47,1.38,40,1.18,87,2.56,44,1.29,3,3,59,,2.47
MLS,2015-2016,NY Red Bulls,24,27.2,62,1.82,52,1.53,114,3.35,55,1.62,7,11,64,,3.15
MLS,2015-2016,NYCFC,30,28.6,48,1.41,36,1.06,84,2.47,40,1.18,8,9,78,,2.24
MLS,2015-2016,Orlando City,30,26.3,41,1.21,33,0.97,74,2.18,37,1.09,4,5,75,0.0,2.06
MLS,2015-2016,Philadelphia Union,28,26.4,40,1.18,33,0.97,73,2.15,39,1.15,1,2,55,,2.12
MLS,2015-2016,Portland Timbers,23,27.1,41,1.21,33,0.97,74,2.18,37,1.09,4,5,47,,2.06
MLS,2015-2016,Real Salt Lake,27,27.5,37,1.09,26,0.76,63,1.85,33,0.97,4,6,73,,1.74
MLS,2015-2016,Seattle Sounders,29,29.0,44,1.29,33,0.97,77,2.26,42,1.24,2,3,53,,2.21
MLS,2015-2016,SJ Earthquakes,26,27.8,41,1.21,26,0.76,67,1.97,35,1.03,6,6,60,,1.79
MLS,2015-2016,Sporting KC,28,26.6,47,1.38,43,1.26,90,2.65,42,1.24,5,6,67,,2.5
MLS,2015-2016,Toronto FC,27,26.9,57,1.68,47,1.38,104,3.06,51,1.5,6,7,58,0.0,2.88
MLS,2015-2016,Vancouver W'caps,26,26.0,45,1.32,30,0.88,75,2.21,40,1.18,5,5,79,,2.06
MLS,2016-2017,Chicago Fire,26,26.1,40,1.18,32,0.94,72,2.12,38,1.12,2,2,43,,2.06
MLS,2016-2017,Colorado Rapids,24,27.5,39,1.15,34,1.0,73,2.15,37,1.09,2,3,84,,2.09
MLS,2016-2017,Columbus Crew,28,27.5,48,1.41,39,1.15,87,2.56,42,1.24,6,7,33,,2.38
MLS,2016-2017,D.C. United,27,27.6,53,1.56,39,1.15,92,2.71,50,1.47,3,4,66,,2.62
MLS,2016-2017,FC Dallas,27,25.5,49,1.44,35,1.03,84,2.47,44,1.29,5,5,60,,2.32
MLS,2016-2017,Houston Dynamo,26,28.2,38,1.12,27,0.79,65,1.91,37,1.09,1,1,43,,1.88
MLS,2016-2017,LA Galaxy,28,28.8,52,1.53,42,1.24,94,2.76,48,1.41,4,6,52,,2.65
MLS,2016-2017,Montreal Impact,27,28.6,49,1.44,39,1.15,88,2.59,44,1.29,5,6,66,,2.44
MLS,2016-2017,NE Revolution,24,27.0,41,1.21,32,0.94,73,2.15,38,1.12,3,4,55,,2.06
MLS,2016-2017,NY Red Bulls,27,27.8,59,1.74,52,1.53,111,3.26,58,1.71,1,2,60,,3.24
MLS,2016-2017,NYCFC,25,29.1,62,1.82,48,1.41,110,3.24,56,1.65,6,7,66,,3.06
MLS,2016-2017,Orlando City,26,26.4,53,1.56,41,1.21,94,2.76,48,1.41,5,7,71,0.0,2.62
MLS,2016-2017,Philadelphia Union,25,26.9,50,1.47,32,0.94,82,2.41,44,1.29,6,8,60,,2.24
MLS,2016-2017,Portland Timbers,26,27.5,48,1.41,26,0.76,74,2.18,41,1.21,7,9,55,,1.97
MLS,2016-2017,Real Salt Lake,24,29.0,42,1.24,30,0.88,72,2.12,36,1.06,6,9,63,,1.94
MLS,2016-2017,Seattle Sounders,25,28.4,43,1.26,31,0.91,74,2.18,40,1.18,3,3,48,,2.09
MLS,2016-2017,SJ Earthquakes,26,28.4,32,0.94,24,0.71,56,1.65,29,0.85,3,5,53,,1.56
MLS,2016-2017,Sporting KC,27,27.7,42,1.24,29,0.85,71,2.09,37,1.09,5,5,60,,1.94
MLS,2016-2017,Toronto FC,26,26.7,51,1.5,46,1.35,97,2.85,47,1.38,4,6,53,2.0,2.74
MLS,2016-2017,Vancouver W'caps,29,27.0,42,1.24,22,0.65,64,1.88,35,1.03,7,8,59,,1.68
MLS,2017-2018,Atlanta Utd,26,26.9,69,2.03,53,1.56,122,3.59,65,1.91,4,4,63,,3.47
MLS,2017-2018,Chicago Fire,25,27.5,59,1.74,45,1.32,104,3.06,53,1.56,6,7,47,,2.88
MLS,2017-2018,Colorado Rapids,27,27.0,31,0.91,25,0.74,56,1.65,30,0.88,1,2,77,,1.62
MLS,2017-2018,Columbus Crew,23,26.1,53,1.56,42,1.24,95,2.79,49,1.44,4,6,51,,2.68
MLS,2017-2018,D.C. United,31,27.2,27,0.79,18,0.53,45,1.32,25,0.74,2,4,53,,1.26
MLS,2017-2018,FC Dallas,27,26.5,48,1.41,36,1.06,84,2.47,45,1.32,3,4,62,,2.38
MLS,2017-2018,Houston Dynamo,26,28.2,55,1.62,40,1.18,95,2.79,49,1.44,6,8,69,,2.62
MLS,2017-2018,LA Galaxy,29,26.9,42,1.24,30,0.88,72,2.12,37,1.09,5,5,72,,1.97
MLS,2017-2018,Minnesota Utd,29,27.7,45,1.32,32,0.94,77,2.26,42,1.24,3,4,68,,2.18
MLS,2017-2018,Montreal Impact,30,28.6,52,1.53,36,1.06,88,2.59,46,1.35,6,7,70,,2.41
MLS,2017-2018,NE Revolution,24,27.1,53,1.56,38,1.12,91,2.68,49,1.44,4,4,55,,2.56
MLS,2017-2018,NY Red Bulls,26,26.9,50,1.47,38,1.12,88,2.59,43,1.26,7,8,72,,2.38
MLS,2017-2018,NYCFC,26,26.9,56,1.65,43,1.26,99,2.91,52,1.53,4,6,75,,2.79
MLS,2017-2018,Orlando City,28,27.1,39,1.15,34,1.0,73,2.15,39,1.15,0,1,66,,2.15
MLS,2017-2018,Philadelphia Union,26,27.6,49,1.44,32,0.94,81,2.38,44,1.29,5,7,52,,2.24
MLS,2017-2018,Portland Timbers,25,28.1,59,1.74,43,1.26,102,3.0,50,1.47,9,11,66,,2.74
MLS,2017-2018,Real Salt Lake,28,27.4,49,1.44,36,1.06,85,2.5,45,1.32,4,4,65,,2.38
MLS,2017-2018,Seattle Sounders,25,27.8,51,1.5,36,1.06,87,2.56,46,1.35,5,6,45,,2.41
MLS,2017-2018,SJ Earthquakes,23,27.5,39,1.15,33,0.97,72,2.12,38,1.12,1,1,58,,2.09
MLS,2017-2018,Sporting KC,27,27.4,39,1.15,25,0.74,64,1.88,37,1.09,2,3,55,,1.82
MLS,2017-2018,Toronto FC,26,27.3,71,2.09,47,1.38,118,3.47,64,1.88,7,11,44,,3.26
MLS,2017-2018,Vancouver W'caps,31,27.3,49,1.44,37,1.09,86,2.53,46,1.35,3,6,55,,2.44
MLS,2018-2019,Atlanta Utd,26,27.1,67,1.97,43,1.26,110,3.24,55,1.62,12,14,60,3.0,2.88
MLS,2018-2019,Chicago Fire,31,26.7,46,1.35,33,0.97,79,2.32,43,1.26,3,4,62,3.0,2.24
MLS,2018-2019,Colorado Rapids,29,27.1,34,1.0,23,0.68,57,1.68,31,0.91,3,5,90,6.0,1.59
MLS,2018-2019,Columbus Crew,27,26.2,41,1.21,26,0.76,67,1.97,35,1.03,6,7,48,3.0,1.79
MLS,2018-2019,D.C. United,27,26.2,59,1.74,45,1.32,104,3.06,55,1.62,4,5,42,2.0,2.94
MLS,2018-2019,FC Dallas,27,25.9,50,1.47,37,1.09,87,2.56,46,1.35,4,6,51,4.0,2.44
MLS,2018-2019,Houston Dynamo,27,27.4,58,1.71,36,1.06,94,2.76,54,1.59,4,4,69,7.0,2.65
MLS,2018-2019,LA Galaxy,24,28.8,66,1.94,52,1.53,118,3.47,61,1.79,5,5,71,3.0,3.32
MLS,2018-2019,LAFC,27,27.2,65,1.91,45,1.32,110,3.24,61,1.79,4,5,42,4.0,3.12
MLS,2018-2019,Minnesota Utd,30,28.1,48,1.41,33,0.97,81,2.38,47,1.38,1,1,72,7.0,2.35
MLS,2018-2019,Montreal Impact,26,28.1,45,1.32,33,0.97,78,2.29,39,1.15,6,6,47,3.0,2.12
MLS,2018-2019,NE Revolution,25,26.0,48,1.41,34,1.0,82,2.41,45,1.32,3,5,83,4.0,2.32
MLS,2018-2019,NY Red Bulls,29,25.7,61,1.79,49,1.44,110,3.24,57,1.68,4,6,54,2.0,3.12
MLS,2018-2019,NYCFC,25,26.6,57,1.68,35,1.03,92,2.71,54,1.59,3,4,61,4.0,2.62
MLS,2018-2019,Orlando City,30,27.3,41,1.21,31,0.91,72,2.12,36,1.06,5,7,68,5.0,1.97
MLS,2018-2019,Philadelphia Union,24,26.6,49,1.44,35,1.03,84,2.47,44,1.29,5,7,60,4.0,2.32
MLS,2018-2019,Portland Timbers,28,27.9,52,1.53,34,1.0,86,2.53,47,1.38,5,6,58,2.0,2.38
MLS,2018-2019,Real Salt Lake,27,26.2,55,1.62,41,1.21,96,2.82,49,1.44,6,8,54,0.0,2.65
MLS,2018-2019,Seattle Sounders,26,28.0,49,1.44,38,1.12,87,2.56,44,1.29,5,5,57,5.0,2.41
MLS,2018-2019,SJ Earthquakes,27,26.7,47,1.38,29,0.85,76,2.24,41,1.21,6,7,47,2.0,2.06
MLS,2018-2019,Sporting KC,24,28.0,65,1.91,52,1.53,117,3.44,60,1.76,5,7,51,3.0,3.29
MLS,2018-2019,Toronto FC,32,26.9,58,1.71,42,1.24,100,2.94,53,1.56,5,9,54,4.0,2.79
MLS,2018-2019,Vancouver W'caps,25,26.5,53,1.56,40,1.18,93,2.74,48,1.41,5,5,60,7.0,2.59
MLS,2019-2020,Atlanta Utd,24,26.8,55,1.62,37,1.09,92,2.71,47,1.38,8,10,56,1.0,2.47
MLS,2019-2020,Chicago Fire,26,28.8,53,1.56,37,1.09,90,2.65,50,1.47,3,5,62,3.0,2.56
MLS,2019-2020,Colorado Rapids,24,26.6,57,1.68,37,1.09,94,2.76,52,1.53,5,8,72,8.0,2.62
MLS,2019-2020,Columbus Crew,33,27.4,37,1.09,26,0.76,63,1.85,33,0.97,4,5,57,1.0,1.74
MLS,2019-2020,D.C. United,26,26.8,41,1.21,25,0.74,66,1.94,37,1.09,4,4,49,5.0,1.82
MLS,2019-2020,FC Cincinnati,30,27.2,29,0.85,20,0.59,49,1.44,25,0.74,4,5,58,4.0,1.32
MLS,2019-2020,FC Dallas,27,24.9,51,1.5,34,1.0,85,2.5,47,1.38,4,5,67,1.0,2.38
MLS,2019-2020,Houston Dynamo,26,27.8,45,1.32,36,1.06,81,2.38,41,1.21,4,5,67,4.0,2.26
MLS,2019-2020,LA Galaxy,26,27.6,58,1.71,45,1.32,103,3.03,51,1.5,7,8,70,3.0,2.82
MLS,2019-2020,LAFC,28,25.7,84,2.47,58,1.71,142,4.18,75,2.21,9,11,54,1.0,3.91
MLS,2019-2020,Minnesota Utd,26,28.6,50,1.47,34,1.0,84,2.47,44,1.29,6,7,57,4.0,2.29
MLS,2019-2020,Montreal Impact,29,27.7,44,1.29,30,0.88,74,2.18,38,1.12,6,6,55,3.0,2.0
MLS,2019-2020,NE Revolution,23,26.7,49,1.44,38,1.12,87,2.56,44,1.29,5,7,72,6.0,2.41
MLS,2019-2020,NY Red Bulls,28,26.1,50,1.47,34,1.0,84,2.47,46,1.35,4,5,54,5.0,2.35
MLS,2019-2020,NYCFC,25,26.2,63,1.85,43,1.26,106,3.12,58,1.71,5,9,79,1.0,2.97
MLS,2019-2020,Orlando City,27,27.0,44,1.29,29,0.85,73,2.15,41,1.21,3,5,61,3.0,2.06
MLS,2019-2020,Philadelphia Union,28,26.7,57,1.68,42,1.24,99,2.91,53,1.56,4,8,59,3.0,2.79
MLS,2019-2020,Portland Timbers,27,27.9,50,1.47,35,1.03,85,2.5,47,1.38,3,5,77,6.0,2.41
MLS,2019-2020,Real Salt Lake,25,27.4,46,1.35,31,0.91,77,2.26,40,1.18,6,7,66,5.0,2.09
MLS,2019-2020,Seattle Sounders,29,27.7,50,1.47,34,1.0,84,2.47,47,1.38,3,3,55,4.0,2.38
MLS,2019-2020,SJ Earthquakes,25,27.7,50,1.47,40,1.18,90,2.65,49,1.44,1,1,74,5.0,2.62
MLS,2019-2020,Sporting KC,29,28.7,46,1.35,29,0.85,75,2.21,40,1.18,6,9,76,7.0,2.03
MLS,2019-2020,Toronto FC,29,27.8,57,1.68,39,1.15,96,2.82,52,1.53,5,7,52,3.0,2.68
MLS,2019-2020,Vancouver W'caps,26,26.0,37,1.09,22,0.65,59,1.74,32,0.94,5,7,61,1.0,1.59
MLS,2020-2021,Atlanta Utd,27,25.6,23,1.0,17,0.74,40,1.74,20,0.87,3,4,49,3.0,1.61
MLS,2020-2021,Chicago Fire,25,26.7,33,1.43,26,1.13,59,2.57,31,1.35,2,4,40,1.0,2.48
MLS,2020-2021,Colorado Rapids,22,25.8,30,1.67,26,1.44,56,3.11,30,1.67,0,0,30,2.0,3.11
MLS,2020-2021,Columbus Crew,26,27.4,34,1.48,26,1.13,60,2.61,33,1.43,1,4,45,0.0,2.57
MLS,2020-2021,D.C. United,26,26.6,24,1.04,12,0.52,36,1.57,20,0.87,4,4,44,3.0,1.39
MLS,2020-2021,FC Cincinnati,30,27.5,11,0.48,5,0.22,16,0.7,10,0.43,1,2,40,0.0,0.65
MLS,2020-2021,FC Dallas,27,27.0,28,1.27,18,0.82,46,2.09,25,1.14,3,3,41,1.0,1.95
MLS,2020-2021,Houston Dynamo,26,27.7,30,1.3,20,0.87,50,2.17,28,1.22,2,4,55,3.0,2.09
MLS,2020-2021,Inter Miami,28,26.8,24,1.04,18,0.78,42,1.83,23,1.0,1,2,57,4.0,1.78
MLS,2020-2021,LA Galaxy,25,27.2,26,1.18,17,0.77,43,1.95,23,1.05,3,4,42,4.0,1.82
MLS,2020-2021,LAFC,28,24.8,45,2.05,32,1.45,77,3.5,43,1.95,2,2,36,1.0,3.41
MLS,2020-2021,Minnesota Utd,28,27.5,33,1.57,27,1.29,60,2.86,31,1.48,2,3,40,2.0,2.76
MLS,2020-2021,Montreal Impact,26,26.2,33,1.43,21,0.91,54,2.35,29,1.26,4,4,32,5.0,2.17
MLS,2020-2021,Nashville SC,26,26.9,24,1.04,20,0.87,44,1.91,24,1.04,0,1,34,1.0,1.91
MLS,2020-2021,NE Revolution,25,26.6,25,1.09,17,0.74,42,1.83,24,1.04,1,3,36,2.0,1.78
MLS,2020-2021,NY Red Bulls,27,25.0,29,1.26,21,0.91,50,2.17,28,1.22,1,1,30,1.0,2.13
MLS,2020-2021,NYCFC,22,26.7,36,1.57,26,1.13,62,2.7,33,1.43,3,3,50,1.0,2.57
MLS,2020-2021,Orlando City,28,26.2,39,1.7,30,1.3,69,3.0,38,1.65,1,1,48,2.0,2.96
MLS,2020-2021,Philadelphia Union,23,25.8,43,1.87,30,1.3,73,3.17,41,1.78,2,2,55,0.0,3.09
MLS,2020-2021,Portland Timbers,27,27.9,46,2.0,34,1.48,80,3.48,43,1.87,3,3,45,1.0,3.35
MLS,2020-2021,Real Salt Lake,26,27.0,23,1.05,14,0.64,37,1.68,21,0.95,2,3,49,2.0,1.59
MLS,2020-2021,Seattle Sounders,27,27.9,42,1.91,30,1.36,72,3.27,37,1.68,5,5,32,0.0,3.05
MLS,2020-2021,SJ Earthquakes,27,27.3,34,1.48,23,1.0,57,2.48,30,1.3,4,5,38,1.0,2.3
MLS,2020-2021,Sporting KC,23,27.9,37,1.76,24,1.14,61,2.9,36,1.71,1,1,45,2.0,2.86
MLS,2020-2021,Toronto FC,29,28.0,33,1.43,22,0.96,55,2.39,28,1.22,5,5,35,0.0,2.17
MLS,2020-2021,Vancouver W'caps,27,25.5,24,1.04,18,0.78,42,1.83,22,0.96,2,4,45,4.0,1.74
MLS,2021-2022,Atlanta Utd,30,24.6,42,1.24,29,0.85,71,2.09,36,1.06,6,6,63,3.0,1.91
MLS,2021-2022,Austin,27,26.2,34,1.0,27,0.79,61,1.79,33,0.97,1,2,61,4.0,1.76
MLS,2021-2022,CF Montréal,28,24.9,45,1.32,33,0.97,78,2.29,41,1.21,4,4,63,5.0,2.18
MLS,2021-2022,Chicago Fire,25,26.4,34,1.0,26,0.76,60,1.76,34,1.0,0,0,62,2.0,1.76
MLS,2021-2022,Colorado Rapids,27,26.6,50,1.47,38,1.12,88,2.59,48,1.41,2,3,72,2.0,2.53
MLS,2021-2022,Columbus Crew,27,29.0,41,1.21,23,0.68,64,1.88,38,1.12,3,4,51,1.0,1.79
MLS,2021-2022,D.C. United,29,27.0,55,1.62,39,1.15,94,2.76,45,1.32,10,11,70,2.0,2.47
MLS,2021-2022,FC Cincinnati,29,27.2,36,1.06,25,0.74,61,1.79,34,1.0,2,3,75,3.0,1.74
MLS,2021-2022,FC Dallas,26,25.0,46,1.35,36,1.06,82,2.41,45,1.32,1,3,80,1.0,2.38
MLS,2021-2022,Houston Dynamo,30,27.5,34,1.0,23,0.68,57,1.68,30,0.88,4,4,70,1.0,1.56
MLS,2021-2022,Inter Miami,26,28.1,35,1.03,28,0.82,63,1.85,31,0.91,4,4,86,4.0,1.74
MLS,2021-2022,LA Galaxy,29,26.4,47,1.38,33,0.97,80,2.35,42,1.24,5,6,54,1.0,2.21
MLS,2021-2022,LAFC,30,24.0,51,1.5,35,1.03,86,2.53,44,1.29,7,8,53,1.0,2.32
MLS,2021-2022,Minnesota Utd,27,28.4,41,1.21,29,0.85,70,2.06,40,1.18,1,3,57,3.0,2.03
MLS,2021-2022,Nashville SC,28,27.7,54,1.59,42,1.24,96,2.82,52,1.53,2,3,53,1.0,2.76
MLS,2021-2022,NE Revolution,25,26.6,62,1.82,48,1.41,110,3.24,60,1.76,2,3,55,3.0,3.18
MLS,2021-2022,NY Red Bulls,28,23.0,39,1.15,30,0.88,69,2.03,36,1.06,3,4,74,2.0,1.94
MLS,2021-2022,NYCFC,26,26.3,55,1.62,38,1.12,93,2.74,51,1.5,4,5,76,8.0,2.62
MLS,2021-2022,Orlando City,29,27.0,49,1.44,38,1.12,87,2.56,44,1.29,5,8,67,3.0,2.41
MLS,2021-2022,Philadelphia Union,27,25.9,45,1.32,32,0.94,77,2.26,42,1.24,3,3,73,3.0,2.18
MLS,2021-2022,Portland Timbers,29,28.4,54,1.59,38,1.12,92,2.71,51,1.5,3,4,71,2.0,2.62
MLS,2021-2022,Real Salt Lake,26,26.7,54,1.59,46,1.35,100,2.94,51,1.5,3,3,73,1.0,2.85
MLS,2021-2022,Seattle Sounders,29,27.3,53,1.56,32,0.94,85,2.5,48,1.41,5,6,58,0.0,2.35
MLS,2021-2022,SJ Earthquakes,24,26.5,42,1.24,30,0.88,72,2.12,39,1.15,3,5,82,4.0,2.03
MLS,2021-2022,Sporting KC,25,28.6,58,1.71,38,1.12,96,2.82,52,1.53,6,6,50,2.0,2.65
MLS,2021-2022,Toronto FC,30,27.5,37,1.09,29,0.85,66,1.94,36,1.06,1,3,58,4.0,1.91
MLS,2021-2022,Vancouver W'caps,27,25.4,43,1.26,31,0.91,74,2.18,39,1.15,4,4,56,0.0,2.06
MLS,2022-2023,Atlanta Utd,32,24.6,48,1.41,37,1.09,85,2.5,47,1.38,1,3,69,3.0,2.47
MLS,2022-2023,Austin,26,27.6,64,1.88,47,1.38,111,3.26,60,1.76,4,4,73,4.0,3.15
MLS,2022-2023,CF Montréal,25,25.8,61,1.79,47,1.38,108,3.18,56,1.65,5,7,79,3.0,3.03
MLS,2022-2023,Charlotte,32,26.3,42,1.24,31,0.91,73,2.15,38,1.12,4,4,62,2.0,2.03
MLS,2022-2023,Chicago Fire,28,25.3,39,1.15,29,0.85,68,2.0,35,1.03,4,5,86,5.0,1.88
MLS,2022-2023,Colorado Rapids,28,28.1,46,1.35,29,0.85,75,2.21,41,1.21,5,5,94,6.0,2.06
MLS,2022-2023,Columbus Crew,26,28.3,46,1.35,34,1.0,80,2.35,45,1.32,1,2,65,1.0,2.32
MLS,2022-2023,D.C. United,38,26.7,36,1.06,25,0.74,61,1.79,34,1.0,2,4,73,5.0,1.74
MLS,2022-2023,FC Cincinnati,28,26.6,60,1.76,47,1.38,107,3.15,56,1.65,4,5,77,4.0,3.03
MLS,2022-2023,FC Dallas,24,25.1,46,1.35,34,1.0,80,2.35,45,1.32,1,1,78,3.0,2.32
MLS,2022-2023,Houston Dynamo,27,27.8,43,1.26,30,0.88,73,2.15,38,1.12,5,6,95,6.0,2.0
MLS,2022-2023,Inter Miami,30,26.5,46,1.35,31,0.91,77,2.26,41,1.21,5,5,69,5.0,2.12
MLS,2022-2023,LA Galaxy,25,27.0,57,1.68,42,1.24,99,2.91,48,1.41,9,14,80,4.0,2.65
MLS,2022-2023,LAFC,30,26.9,65,1.91,41,1.21,106,3.12,60,1.76,5,7,79,2.0,2.97
MLS,2022-2023,Minnesota Utd,26,27.5,46,1.35,31,0.91,77,2.26,43,1.26,3,4,79,2.0,2.18
MLS,2022-2023,Nashville SC,23,28.7,52,1.53,37,1.09,89,2.62,45,1.32,7,9,73,2.0,2.41
MLS,2022-2023,NE Revolution,32,27.1,47,1.38,36,1.06,83,2.44,41,1.21,6,6,56,2.0,2.26
MLS,2022-2023,NY Red Bulls,28,23.6,48,1.41,29,0.85,77,2.26,39,1.15,9,10,85,5.0,2.0
MLS,2022-2023,NYCFC,25,25.9,56,1.65,39,1.15,95,2.79,49,1.44,7,9,81,2.0,2.59
MLS,2022-2023,Orlando City,27,27.1,42,1.24,34,1.0,76,2.24,39,1.15,3,4,81,3.0,2.15
MLS,2022-2023,Philadelphia Union,22,26.1,70,2.06,49,1.44,119,3.5,61,1.79,9,10,68,3.0,3.24
MLS,2022-2023,Portland Timbers,27,27.9,52,1.53,35,1.03,87,2.56,42,1.24,10,11,94,5.0,2.26
MLS,2022-2023,Real Salt Lake,31,27.6,43,1.26,33,0.97,76,2.24,42,1.24,1,2,69,1.0,2.21
MLS,2022-2023,Seattle Sounders,26,27.7,44,1.29,27,0.79,71,2.09,38,1.12,6,7,64,4.0,1.91
MLS,2022-2023,SJ Earthquakes,27,25.7,52,1.53,35,1.03,87,2.56,45,1.32,7,7,66,1.0,2.35
MLS,2022-2023,Sporting KC,25,28.0,40,1.18,21,0.62,61,1.79,37,1.09,3,5,64,6.0,1.71
MLS,2022-2023,Toronto FC,33,26.9,48,1.41,31,0.91,79,2.32,42,1.24,6,8,66,2.0,2.15
MLS,2022-2023,Vancouver W'caps,33,25.6,40,1.18,23,0.68,63,1.85,36,1.06,4,5,70,3.0,1.74
MLS,2023-2024,Atlanta Utd,33,25.8,64,1.88,44,1.29,108,3.18,62,1.82,2,4,73,4.0,3.12
MLS,2023-2024,Austin,26,27.9,48,1.41,37,1.09,85,2.5,46,1.35,2,2,59,2.0,2.44
MLS,2023-2024,CF Montréal,31,24.4,33,0.97,22,0.65,55,1.62,31,0.91,2,3,68,3.0,1.56
MLS,2023-2024,Charlotte,32,27.2,43,1.26,29,0.85,72,2.12,38,1.12,5,5,88,0.0,1.97
MLS,2023-2024,Chicago Fire,26,26.5,36,1.06,29,0.85,65,1.91,34,1.0,2,2,86,6.0,1.85
MLS,2023-2024,Colorado Rapids,35,26.5,26,0.76,20,0.59,46,1.35,24,0.71,2,4,83,4.0,1.29
MLS,2023-2024,Columbus Crew,28,25.8,63,1.85,49,1.44,112,3.29,56,1.65,7,7,61,1.0,3.09
MLS,2023-2024,D.C. United,31,28.4,44,1.29,27,0.79,71,2.09,42,1.24,2,2,70,2.0,2.03
MLS,2023-2024,FC Cincinnati,27,26.3,56,1.65,35,1.03,91,2.68,48,1.41,8,9,79,5.0,2.44
MLS,2023-2024,FC Dallas,29,25.8,41,1.21,34,1.0,75,2.21,40,1.18,1,1,69,2.0,2.18
MLS,2023-2024,Houston Dynamo,25,27.2,51,1.5,36,1.06,87,2.56,45,1.32,6,6,95,5.0,2.38
MLS,2023-2024,Inter Miami,36,26.1,41,1.21,29,0.85,70,2.06,36,1.06,5,6,83,3.0,1.91
MLS,2023-2024,LA Galaxy,34,27.4,50,1.47,37,1.09,87,2.56,45,1.32,5,5,76,4.0,2.41
MLS,2023-2024,LAFC,28,27.5,53,1.56,32,0.94,85,2.5,46,1.35,7,9,73,1.0,2.29
MLS,2023-2024,Minnesota Utd,30,27.5,43,1.26,23,0.68,66,1.94,39,1.15,4,5,57,1.0,1.82
MLS,2023-2024,Nashville SC,24,29.2,38,1.12,23,0.68,61,1.79,33,0.97,5,5,74,6.0,1.65
MLS,2023-2024,NE Revolution,32,27.3,55,1.62,37,1.09,92,2.71,52,1.53,3,3,49,2.0,2.62
MLS,2023-2024,NY Red Bulls,28,23.8,35,1.03,24,0.71,59,1.74,32,0.94,3,4,90,4.0,1.65
MLS,2023-2024,NYCFC,29,24.3,34,1.0,26,0.76,60,1.76,33,0.97,1,3,79,1.0,1.74
MLS,2023-2024,Orlando City,28,26.5,54,1.59,41,1.21,95,2.79,49,1.44,5,5,67,1.0,2.65
MLS,2023-2024,Philadelphia Union,23,26.7,54,1.59,35,1.03,89,2.62,43,1.26,11,11,85,5.0,2.29
MLS,2023-2024,Portland Timbers,31,27.8,45,1.32,36,1.06,81,2.38,44,1.29,1,1,82,0.0,2.35
MLS,2023-2024,Real Salt Lake,31,26.4,48,1.41,36,1.06,84,2.47,48,1.41,0,0,75,2.0,2.47
MLS,2023-2024,Seattle Sounders,27,28.2,38,1.12,29,0.85,67,1.97,37,1.09,1,1,61,2.0,1.94
MLS,2023-2024,SJ Earthquakes,25,27.0,38,1.12,28,0.82,66,1.94,33,0.97,5,6,73,4.0,1.79
MLS,2023-2024,Sporting KC,30,28.6,47,1.38,33,0.97,80,2.35,43,1.26,4,6,58,4.0,2.24
MLS,2023-2024,St. Louis,29,25.7,59,1.74,34,1.0,93,2.74,54,1.59,5,5,80,4.0,2.59
MLS,2023-2024,Toronto FC,39,27.0,26,0.76,20,0.59,46,1.35,25,0.74,1,1,51,3.0,1.32
MLS,2023-2024,Vancouver W'caps,28,25.8,51,1.5,34,1.0,85,2.5,45,1.32,6,8,66,1.0,2.32
