league,season,team,avg_scored_home,avg_conceded_home,home_win_pct,home_close_match_pct,avg_scored_away,avg_conceded_away,away_win_pct,away_close_match_pct,overall_avg_conceded,players_used,avg_age,goals,goals_per90,assists,assists_per90,goals_and_assists,goals_and_assists_per90,goals_excluding_pk,goals_excluding_pk_per90,penalty_kicks,penalty_attempts,yellow_cards,red_cards,goals_and_assists_excl_pk
Bundesliga,2010-2011,BAYERN MUNICH,2.82,0.76,76.47,23.53,1.94,1.59,35.29,17.65,1.18,24,26.5,77,2.26,54,1.59,131,3.85,74,2.18,3,6,43,2.0,3.76
Bundesliga,2010-2011,DORTMUND,2.06,0.47,70.59,5.88,1.88,0.82,64.71,29.41,0.65,23,23.4,63,1.85,42,1.24,105,3.09,63,1.85,0,3,41,1.0,3.09
Bundesliga,2010-2011,EINT FRANKFURT,0.76,1.41,29.41,29.41,1.06,1.47,23.53,41.18,1.44,27,26.2,31,0.91,20,0.59,51,1.5,27,0.79,4,4,75,3.0,1.38
Bundesliga,2010-2011,FREIBURG,1.41,1.41,47.06,64.71,1.0,1.53,29.41,52.94,1.47,27,25.5,38,1.12,21,0.62,59,1.74,34,1.0,4,6,48,3.0,1.62
Bundesliga,2010-2011,GLADBACH,1.53,1.82,29.41,47.06,1.29,2.0,29.41,41.18,1.91,28,25.8,47,1.38,29,0.85,76,2.24,43,1.26,4,4,56,8.0,2.12
Bundesliga,2010-2011,HAMBURGER SV,1.71,1.41,41.18,29.41,1.0,1.65,29.41,47.06,1.53,25,28.0,45,1.32,28,0.82,73,2.15,42,1.24,3,3,55,2.0,2.06
Bundesliga,2010-2011,HANNOVER 96,1.88,1.0,70.59,47.06,1.0,1.65,41.18,35.29,1.32,23,25.6,48,1.41,30,0.88,78,2.29,45,1.32,3,3,60,5.0,2.21
Bundesliga,2010-2011,HOFFENHEIM,1.65,1.24,41.18,47.06,1.29,1.71,23.53,41.18,1.47,28,23.9,48,1.41,27,0.79,75,2.21,43,1.26,5,5,63,4.0,2.06
Bundesliga,2010-2011,KAISERSLAUTERN,1.47,1.12,35.29,29.41,1.35,1.88,41.18,52.94,1.5,25,25.2,47,1.38,32,0.94,79,2.32,46,1.35,1,2,63,4.0,2.29
Bundesliga,2010-2011,KÖLN,1.76,1.24,64.71,47.06,1.0,2.41,11.76,29.41,1.82,30,26.3,47,1.38,25,0.74,72,2.12,45,1.32,2,2,79,1.0,2.06
Bundesliga,2010-2011,LEVERKUSEN,1.94,1.41,52.94,29.41,1.82,1.18,64.71,41.18,1.29,21,25.2,62,1.82,39,1.15,101,2.97,56,1.65,6,6,57,1.0,2.79
Bundesliga,2010-2011,MAINZ 05,1.29,0.94,47.06,47.06,1.76,1.35,58.82,52.94,1.15,26,26.1,49,1.44,37,1.09,86,2.53,46,1.35,3,5,54,1.0,2.44
Bundesliga,2010-2011,NÜRNBERG,1.65,1.12,52.94,41.18,1.12,1.53,23.53,23.53,1.32,28,25.2,45,1.32,28,0.82,73,2.15,43,1.26,2,4,69,3.0,2.09
Bundesliga,2010-2011,SCHALKE 04,1.41,1.06,41.18,47.06,0.82,1.53,23.53,47.06,1.29,31,25.3,37,1.09,23,0.68,60,1.76,35,1.03,2,3,57,4.0,1.71
Bundesliga,2010-2011,ST. PAULI,1.24,2.06,23.53,35.29,0.82,1.94,23.53,41.18,2.0,28,26.7,34,1.0,23,0.68,57,1.68,31,0.91,3,3,60,5.0,1.59
Bundesliga,2010-2011,STUTTGART,1.94,1.59,41.18,35.29,1.59,1.88,29.41,41.18,1.74,27,24.8,60,1.76,35,1.03,95,2.79,54,1.59,6,8,64,4.0,2.62
Bundesliga,2010-2011,WERDER BREMEN,1.53,1.35,35.29,35.29,1.24,2.24,23.53,5.88,1.79,28,26.6,43,1.26,29,0.85,72,2.12,36,1.06,7,11,71,4.0,1.91
Bundesliga,2010-2011,WOLFSBURG,1.59,1.53,29.41,41.18,0.94,1.29,23.53,41.18,1.41,28,26.4,43,1.26,28,0.82,71,2.09,43,1.26,0,4,73,2.0,2.09
Bundesliga,2011-2012,AUGSBURG,1.18,1.12,35.29,29.41,0.94,1.76,11.76,35.29,1.44,29,26.8,36,1.06,28,0.82,64,1.88,32,0.94,4,5,66,2.0,1.76
Bundesliga,2011-2012,BAYERN MUNICH,2.88,0.35,82.35,23.53,1.65,0.94,52.94,47.06,0.65,21,25.4,75,2.21,49,1.44,124,3.65,66,1.94,9,11,44,3.0,3.38
Bundesliga,2011-2012,DORTMUND,2.59,0.71,82.35,29.41,2.12,0.76,64.71,35.29,0.74,23,24.4,80,2.35,58,1.71,138,4.06,79,2.32,1,1,35,2.0,4.03
Bundesliga,2011-2012,FREIBURG,1.41,1.18,35.29,41.18,1.24,2.41,23.53,23.53,1.79,31,24.9,44,1.29,31,0.91,75,2.21,41,1.21,3,4,56,1.0,2.12
Bundesliga,2011-2012,GLADBACH,1.71,0.59,52.94,29.41,1.18,0.82,47.06,64.71,0.71,25,25.6,49,1.44,35,1.03,84,2.47,46,1.35,3,3,51,1.0,2.38
Bundesliga,2011-2012,HAMBURGER SV,1.12,1.71,17.65,23.53,0.94,1.65,29.41,41.18,1.68,26,25.2,35,1.03,15,0.44,50,1.47,32,0.94,3,3,64,2.0,1.38
Bundesliga,2011-2012,HANNOVER 96,1.82,1.0,58.82,41.18,0.59,1.65,11.76,35.29,1.32,23,26.5,38,1.12,25,0.74,63,1.85,33,0.97,5,5,66,3.0,1.71
Bundesliga,2011-2012,HERTHA BSC,1.12,1.71,23.53,58.82,1.12,2.06,17.65,23.53,1.88,25,26.0,37,1.09,25,0.74,62,1.82,36,1.06,1,2,74,8.0,1.79
Bundesliga,2011-2012,HOFFENHEIM,1.24,1.0,23.53,35.29,1.18,1.76,35.29,23.53,1.38,27,24.2,38,1.12,22,0.65,60,1.76,30,0.88,8,9,72,3.0,1.53
Bundesliga,2011-2012,KAISERSLAUTERN,0.71,1.65,11.76,29.41,0.71,1.53,11.76,35.29,1.59,32,25.4,21,0.62,15,0.44,36,1.06,20,0.59,1,1,71,4.0,1.03
Bundesliga,2011-2012,KÖLN,1.18,1.71,29.41,17.65,1.12,2.71,17.65,35.29,2.21,26,26.3,39,1.15,29,0.85,68,2.0,36,1.06,3,3,69,6.0,1.91
Bundesliga,2011-2012,LEVERKUSEN,1.65,1.41,47.06,29.41,1.41,1.18,41.18,29.41,1.29,26,24.4,51,1.5,34,1.0,85,2.5,50,1.47,1,2,48,4.0,2.47
Bundesliga,2011-2012,MAINZ 05,1.59,1.53,41.18,23.53,1.18,1.47,11.76,29.41,1.5,27,27.1,46,1.35,31,0.91,77,2.26,41,1.21,5,5,51,2.0,2.12
Bundesliga,2011-2012,NÜRNBERG,1.29,1.47,35.29,41.18,0.94,1.41,35.29,52.94,1.44,27,25.4,38,1.12,27,0.79,65,1.91,35,1.03,3,3,74,2.0,1.82
Bundesliga,2011-2012,SCHALKE 04,2.76,0.82,76.47,17.65,1.59,1.76,41.18,35.29,1.29,28,24.5,74,2.18,50,1.47,124,3.65,68,2.0,6,7,65,2.0,3.47
Bundesliga,2011-2012,STUTTGART,2.12,1.0,58.82,35.29,1.59,1.71,29.41,23.53,1.35,26,26.2,63,1.85,42,1.24,105,3.09,58,1.71,5,5,67,4.0,2.94
Bundesliga,2011-2012,WERDER BREMEN,1.82,1.35,47.06,29.41,1.06,2.06,17.65,29.41,1.71,31,25.2,49,1.44,37,1.09,86,2.53,46,1.35,3,3,67,5.0,2.44
Bundesliga,2011-2012,WOLFSBURG,1.71,1.29,58.82,70.59,1.06,2.24,17.65,5.88,1.76,36,26.5,44,1.29,36,1.06,80,2.35,42,1.24,2,2,67,4.0,2.29
Bundesliga,2012-2013,AUGSBURG,1.12,1.29,29.41,11.76,0.82,1.71,17.65,35.29,1.5,29,25.9,33,0.97,22,0.65,55,1.62,33,0.97,0,1,68,2.0,1.62
Bundesliga,2012-2013,BAYERN MUNICH,3.29,0.65,82.35,17.65,2.47,0.41,88.24,23.53,0.53,24,26.1,94,2.76,79,2.32,173,5.09,90,2.65,4,5,37,1.0,4.97
Bundesliga,2012-2013,DORTMUND,2.35,1.12,58.82,23.53,2.41,1.35,52.94,35.29,1.24,23,24.9,81,2.38,63,1.85,144,4.24,76,2.24,5,7,43,4.0,4.09
Bundesliga,2012-2013,DÜSSELDORF,1.41,1.65,29.41,29.41,0.88,1.71,11.76,47.06,1.68,28,26.6,36,1.06,21,0.62,57,1.68,33,0.97,3,4,80,3.0,1.59
Bundesliga,2012-2013,EINT FRANKFURT,1.88,1.35,52.94,47.06,1.0,1.35,29.41,17.65,1.35,27,24.9,46,1.35,36,1.06,82,2.41,43,1.26,3,3,66,3.0,2.32
Bundesliga,2012-2013,FREIBURG,1.47,1.06,47.06,23.53,1.18,1.29,35.29,47.06,1.18,27,24.4,44,1.29,30,0.88,74,2.18,40,1.18,4,4,58,3.0,2.06
Bundesliga,2012-2013,GLADBACH,1.59,1.18,47.06,52.94,1.06,1.71,23.53,23.53,1.44,22,25.3,44,1.29,29,0.85,73,2.15,40,1.18,4,4,57,1.0,2.03
Bundesliga,2012-2013,GREUTHER FÜRTH,0.59,2.12,0.0,35.29,0.94,1.41,23.53,35.29,1.76,32,24.9,24,0.71,19,0.56,43,1.26,23,0.68,1,4,83,6.0,1.24
Bundesliga,2012-2013,HAMBURGER SV,1.06,1.06,47.06,64.71,1.41,2.06,35.29,23.53,1.56,25,24.9,42,1.24,36,1.06,78,2.29,40,1.18,2,3,69,4.0,2.24
Bundesliga,2012-2013,HANNOVER 96,2.0,1.35,52.94,35.29,1.53,2.29,23.53,35.29,1.82,25,26.8,59,1.74,41,1.21,100,2.94,53,1.56,6,6,81,4.0,2.76
Bundesliga,2012-2013,HOFFENHEIM,1.24,1.76,29.41,35.29,1.24,2.18,17.65,29.41,1.97,33,24.3,41,1.21,31,0.91,72,2.12,36,1.06,5,5,78,5.0,1.97
Bundesliga,2012-2013,LEVERKUSEN,2.12,0.88,70.59,41.18,1.71,1.41,41.18,35.29,1.15,24,24.3,65,1.91,51,1.5,116,3.41,61,1.79,4,8,61,2.0,3.29
Bundesliga,2012-2013,MAINZ 05,1.29,1.12,41.18,41.18,1.18,1.47,17.65,17.65,1.29,29,28.4,42,1.24,26,0.76,68,2.0,38,1.12,4,5,73,4.0,1.88
Bundesliga,2012-2013,NÜRNBERG,1.41,1.12,41.18,35.29,0.88,1.65,23.53,47.06,1.38,25,27.0,39,1.15,27,0.79,66,1.94,36,1.06,3,4,70,2.0,1.85
Bundesliga,2012-2013,SCHALKE 04,2.06,1.29,58.82,41.18,1.35,1.65,35.29,29.41,1.47,26,25.1,56,1.65,48,1.41,104,3.06,53,1.56,3,5,58,3.0,2.97
Bundesliga,2012-2013,STUTTGART,1.18,1.65,29.41,35.29,1.0,1.59,41.18,41.18,1.62,27,25.6,34,1.0,21,0.62,55,1.62,28,0.82,6,8,77,7.0,1.44
Bundesliga,2012-2013,WERDER BREMEN,1.35,1.76,29.41,23.53,1.59,2.12,17.65,41.18,1.94,24,24.2,49,1.44,37,1.09,86,2.53,44,1.29,5,6,63,6.0,2.38
Bundesliga,2012-2013,WOLFSBURG,1.24,1.76,17.65,0.0,1.53,1.29,41.18,29.41,1.53,29,27.1,46,1.35,36,1.06,82,2.41,43,1.26,3,3,61,4.0,2.32
Bundesliga,2013-2014,AUGSBURG,1.59,1.29,52.94,47.06,1.18,1.47,35.29,41.18,1.38,27,26.7,46,1.35,33,0.97,79,2.32,44,1.29,2,2,61,0.0,2.26
Bundesliga,2013-2014,BTSV,1.06,1.41,29.41,41.18,0.65,2.12,5.88,11.76,1.76,27,26.0,28,0.82,22,0.65,50,1.47,27,0.79,1,3,66,0.0,1.44
Bundesliga,2013-2014,BAYERN MUNICH,2.82,0.88,88.24,23.53,2.71,0.47,82.35,23.53,0.68,25,26.5,93,2.74,74,2.18,167,4.91,88,2.59,5,7,45,0.0,4.76
Bundesliga,2013-2014,DORTMUND,2.41,1.12,64.71,47.06,2.29,1.12,64.71,29.41,1.12,26,25.9,80,2.35,51,1.5,131,3.85,70,2.06,10,10,45,,3.56
Bundesliga,2013-2014,EINT FRANKFURT,1.29,1.41,29.41,47.06,1.06,1.94,23.53,23.53,1.68,27,25.6,38,1.12,28,0.82,66,1.94,37,1.09,1,2,79,0.0,1.91
Bundesliga,2013-2014,FREIBURG,1.47,1.76,35.29,29.41,1.06,1.82,17.65,23.53,1.79,30,23.9,42,1.24,31,0.91,73,2.15,41,1.21,1,2,66,0.0,2.12
Bundesliga,2013-2014,GLADBACH,2.24,1.0,64.71,23.53,1.24,1.53,29.41,29.41,1.26,21,25.6,57,1.68,38,1.12,95,2.79,51,1.5,6,8,56,0.0,2.62
Bundesliga,2013-2014,HAMBURGER SV,1.41,2.0,29.41,23.53,1.59,2.41,11.76,29.41,2.21,28,25.0,50,1.47,31,0.91,81,2.38,47,1.38,3,3,58,0.0,2.29
Bundesliga,2013-2014,HANNOVER 96,1.59,1.47,47.06,29.41,1.12,2.0,23.53,23.53,1.74,26,25.7,46,1.35,32,0.94,78,2.29,43,1.26,3,4,75,0.0,2.21
Bundesliga,2013-2014,HERTHA BSC,1.18,1.41,35.29,35.29,1.18,1.41,29.41,35.29,1.41,25,26.1,40,1.18,30,0.88,70,2.06,36,1.06,4,5,58,0.0,1.94
Bundesliga,2013-2014,HOFFENHEIM,2.53,1.82,41.18,23.53,1.71,2.29,23.53,29.41,2.06,25,24.0,72,2.12,46,1.35,118,3.47,62,1.82,10,14,63,0.0,3.18
Bundesliga,2013-2014,LEVERKUSEN,2.06,1.29,58.82,47.06,1.47,1.12,52.94,58.82,1.21,24,25.4,58,1.71,43,1.26,101,2.97,56,1.65,2,2,70,0.0,2.91
Bundesliga,2013-2014,MAINZ 05,1.65,1.0,58.82,23.53,1.41,2.18,35.29,35.29,1.59,28,26.8,50,1.47,34,1.0,84,2.47,47,1.38,3,3,53,0.0,2.38
Bundesliga,2013-2014,NÜRNBERG,0.94,1.88,17.65,11.76,1.24,2.24,11.76,17.65,2.06,27,25.9,37,1.09,27,0.79,64,1.88,35,1.03,2,3,76,0.0,1.82
Bundesliga,2013-2014,SCHALKE 04,2.18,0.94,70.59,11.76,1.53,1.59,41.18,35.29,1.26,30,24.6,60,1.76,39,1.15,99,2.91,55,1.62,5,8,59,0.0,2.76
Bundesliga,2013-2014,STUTTGART,1.65,1.65,29.41,41.18,1.24,2.0,17.65,35.29,1.82,27,24.8,48,1.41,37,1.09,85,2.5,46,1.35,2,5,62,0.0,2.44
Bundesliga,2013-2014,WERDER BREMEN,1.24,1.76,35.29,29.41,1.24,2.12,23.53,29.41,1.94,27,25.8,39,1.15,28,0.82,67,1.97,37,1.09,2,3,77,0.0,1.91
Bundesliga,2013-2014,WOLFSBURG,2.18,1.29,64.71,17.65,1.53,1.65,41.18,41.18,1.47,26,25.9,62,1.82,38,1.12,100,2.94,58,1.71,4,5,64,0.0,2.82
Bundesliga,2014-2015,AUGSBURG,1.65,1.24,52.94,35.29,0.88,1.29,35.29,76.47,1.26,25,27.6,43,1.26,29,0.85,72,2.12,36,1.06,7,9,63,0.0,1.91
Bundesliga,2014-2015,BAYERN MUNICH,2.71,0.41,82.35,29.41,2.0,0.65,64.71,23.53,0.53,28,26.6,78,2.29,49,1.44,127,3.74,72,2.12,6,6,37,0.0,3.56
Bundesliga,2014-2015,DORTMUND,1.53,0.88,52.94,41.18,1.24,1.59,23.53,52.94,1.24,28,26.5,46,1.35,39,1.15,85,2.5,44,1.29,2,3,54,,2.44
Bundesliga,2014-2015,EINT FRANKFURT,2.12,1.53,52.94,41.18,1.18,2.12,11.76,23.53,1.82,26,25.9,54,1.59,33,0.97,87,2.56,51,1.5,3,4,89,0.0,2.47
Bundesliga,2014-2015,FREIBURG,1.24,1.29,29.41,35.29,0.88,1.47,11.76,29.41,1.38,27,25.1,36,1.06,26,0.76,62,1.82,30,0.88,6,9,66,0.0,1.65
Bundesliga,2014-2015,GLADBACH,1.88,0.82,70.59,29.41,1.24,0.71,41.18,41.18,0.76,19,25.7,53,1.56,39,1.15,92,2.71,50,1.47,3,3,56,0.0,2.62
Bundesliga,2014-2015,HAMBURGER SV,0.94,1.06,33.33,38.89,0.61,1.83,22.22,38.89,1.44,31,27.3,22,0.65,15,0.44,37,1.09,19,0.56,3,3,89,0.0,1.0
Bundesliga,2014-2015,HANNOVER 96,1.24,1.47,35.29,41.18,1.12,1.82,17.65,35.29,1.65,25,26.0,38,1.12,26,0.76,64,1.88,36,1.06,2,3,83,0.0,1.82
Bundesliga,2014-2015,HERTHA BSC,1.0,1.29,35.29,41.18,1.12,1.76,17.65,41.18,1.53,26,26.2,35,1.03,18,0.53,53,1.56,31,0.91,4,4,78,0.0,1.44
Bundesliga,2014-2015,HOFFENHEIM,1.82,1.53,52.94,52.94,1.06,1.71,17.65,17.65,1.62,23,24.8,48,1.41,33,0.97,81,2.38,44,1.29,4,5,68,0.0,2.26
Bundesliga,2014-2015,KÖLN,1.06,1.0,23.53,29.41,0.94,1.35,29.41,47.06,1.18,23,25.1,33,0.97,20,0.59,53,1.56,29,0.85,4,4,48,0.0,1.44
Bundesliga,2014-2015,LEVERKUSEN,2.29,0.88,58.82,23.53,1.35,1.29,41.18,47.06,1.09,22,24.9,62,1.82,36,1.06,98,2.88,62,1.82,0,1,80,0.0,2.88
Bundesliga,2014-2015,MAINZ 05,1.59,1.12,35.29,29.41,1.06,1.65,17.65,11.76,1.38,29,25.3,44,1.29,26,0.76,70,2.06,39,1.15,5,5,52,0.0,1.91
Bundesliga,2014-2015,PADERBORN 07,1.24,1.82,23.53,23.53,0.59,2.0,17.65,23.53,1.91,24,26.8,30,0.88,21,0.62,51,1.5,29,0.85,1,1,53,0.0,1.47
Bundesliga,2014-2015,SCHALKE 04,1.53,0.82,58.82,52.94,0.94,1.53,17.65,29.41,1.18,29,25.2,40,1.18,29,0.85,69,2.03,38,1.12,2,3,68,0.0,1.97
Bundesliga,2014-2015,STUTTGART,1.06,1.65,29.41,35.29,1.41,1.88,23.53,41.18,1.76,24,24.9,41,1.21,29,0.85,70,2.06,40,1.18,1,1,64,0.0,2.03
Bundesliga,2014-2015,WERDER BREMEN,1.47,1.41,47.06,35.29,1.47,2.41,17.65,35.29,1.91,31,25.7,49,1.44,36,1.06,85,2.5,45,1.32,4,5,70,0.0,2.38
Bundesliga,2014-2015,WOLFSBURG,2.24,0.76,76.47,35.29,2.0,1.47,41.18,41.18,1.12,22,26.1,71,2.09,50,1.47,121,3.56,68,2.0,3,4,45,0.0,3.47
Bundesliga,2015-2016,AUGSBURG,1.06,1.59,17.65,29.41,1.41,1.47,35.29,41.18,1.53,27,27.4,40,1.18,20,0.59,60,1.76,33,0.97,7,7,82,0.0,1.56
Bundesliga,2015-2016,BAYERN MUNICH,3.0,0.47,88.24,17.65,1.71,0.53,76.47,35.29,0.5,25,26.8,79,2.32,54,1.59,133,3.91,71,2.09,8,9,50,0.0,3.68
Bundesliga,2015-2016,DARMSTADT 98,0.88,1.71,11.76,29.41,1.35,1.41,41.18,35.29,1.56,23,27.5,38,1.12,30,0.88,68,2.0,36,1.06,2,4,88,0.0,1.94
Bundesliga,2015-2016,DORTMUND,2.88,0.82,82.35,17.65,1.94,1.18,58.82,23.53,1.0,26,25.6,80,2.35,64,1.88,144,4.24,76,2.24,4,6,39,,4.12
Bundesliga,2015-2016,EINT FRANKFURT,1.28,1.39,33.33,33.33,0.72,1.56,22.22,38.89,1.47,30,26.7,32,0.94,25,0.74,57,1.68,30,0.88,2,2,99,0.0,1.62
Bundesliga,2015-2016,GLADBACH,2.47,1.06,76.47,29.41,1.47,1.88,23.53,41.18,1.47,26,24.9,64,1.88,47,1.38,111,3.26,60,1.76,4,5,49,0.0,3.15
Bundesliga,2015-2016,HAMBURGER SV,1.18,1.35,29.41,52.94,1.18,1.35,35.29,35.29,1.35,28,27.1,37,1.09,26,0.76,63,1.85,34,1.0,3,3,75,0.0,1.76
Bundesliga,2015-2016,HANNOVER 96,0.88,1.76,23.53,47.06,0.94,1.88,17.65,41.18,1.82,33,25.6,30,0.88,21,0.62,51,1.5,28,0.82,2,3,66,0.0,1.44
Bundesliga,2015-2016,HERTHA BSC,1.41,0.88,52.94,29.41,1.06,1.59,29.41,35.29,1.24,26,26.1,41,1.21,31,0.91,72,2.12,38,1.12,3,3,71,0.0,2.03
Bundesliga,2015-2016,HOFFENHEIM,1.29,1.47,35.29,47.06,1.0,1.71,17.65,23.53,1.59,26,24.1,39,1.15,26,0.76,65,1.91,36,1.06,3,6,63,0.0,1.82
Bundesliga,2015-2016,INGOLSTADT 04,1.29,1.06,41.18,41.18,0.65,1.41,17.65,41.18,1.24,25,26.3,33,0.97,20,0.59,53,1.56,24,0.71,9,10,83,0.0,1.29
Bundesliga,2015-2016,KÖLN,0.94,1.06,29.41,41.18,1.29,1.41,29.41,17.65,1.24,23,25.1,38,1.12,30,0.88,68,2.0,35,1.03,3,4,56,0.0,1.91
Bundesliga,2015-2016,LEVERKUSEN,1.82,1.0,58.82,52.94,1.47,1.35,47.06,41.18,1.18,27,24.1,51,1.5,36,1.06,87,2.56,49,1.44,2,3,70,0.0,2.5
Bundesliga,2015-2016,MAINZ 05,1.35,1.06,47.06,29.41,1.35,1.41,35.29,52.94,1.24,29,25.0,46,1.35,31,0.91,77,2.26,45,1.32,1,1,54,0.0,2.24
Bundesliga,2015-2016,SCHALKE 04,1.65,1.41,47.06,35.29,1.35,1.47,41.18,29.41,1.44,28,24.9,47,1.38,37,1.09,84,2.47,44,1.29,3,5,64,0.0,2.38
Bundesliga,2015-2016,STUTTGART,1.29,1.88,35.29,23.53,1.65,2.53,17.65,23.53,2.21,31,26.0,48,1.41,34,1.0,82,2.41,44,1.29,4,4,72,0.0,2.29
Bundesliga,2015-2016,WERDER BREMEN,1.59,1.76,29.41,35.29,1.35,2.06,29.41,35.29,1.91,30,26.6,49,1.44,32,0.94,81,2.38,43,1.26,6,9,80,0.0,2.21
Bundesliga,2015-2016,WOLFSBURG,1.88,1.0,52.94,23.53,0.88,1.88,17.65,29.41,1.44,29,27.0,46,1.35,39,1.15,85,2.5,43,1.26,3,3,59,0.0,2.41
Bundesliga,2016-2017,AUGSBURG,1.29,1.47,29.41,29.41,0.76,1.53,23.53,35.29,1.5,28,27.1,35,1.03,22,0.65,57,1.68,32,0.94,3,4,71,2.0,1.59
Bundesliga,2016-2017,BAYERN MUNICH,3.24,0.53,76.47,11.76,2.0,0.76,70.59,47.06,0.65,22,28.0,88,2.59,64,1.88,152,4.47,83,2.44,5,5,47,0.0,4.32
Bundesliga,2016-2017,DARMSTADT 98,1.06,1.47,35.29,41.18,0.59,2.24,5.88,47.06,1.85,31,27.6,28,0.82,16,0.47,44,1.29,23,0.68,5,7,76,5.0,1.15
Bundesliga,2016-2017,DORTMUND,2.41,0.71,76.47,35.29,1.82,1.65,29.41,35.29,1.18,27,25.3,71,2.09,49,1.44,120,3.53,66,1.94,5,7,57,,3.38
Bundesliga,2016-2017,EINT FRANKFURT,1.41,1.06,41.18,29.41,0.71,1.47,23.53,41.18,1.26,26,25.9,35,1.03,24,0.71,59,1.74,33,0.97,2,6,86,1.0,1.68
Bundesliga,2016-2017,FREIBURG,1.35,1.41,58.82,52.94,1.12,2.12,23.53,29.41,1.76,25,24.7,42,1.24,28,0.82,70,2.06,36,1.06,6,8,56,0.0,1.88
Bundesliga,2016-2017,GLADBACH,1.53,1.06,41.18,47.06,1.12,1.82,29.41,35.29,1.44,24,25.3,44,1.29,27,0.79,71,2.09,43,1.26,1,4,50,2.0,2.06
Bundesliga,2016-2017,HAMBURGER SV,1.24,1.47,47.06,58.82,0.71,2.12,11.76,17.65,1.79,29,25.8,32,0.94,26,0.76,58,1.71,32,0.94,0,2,77,2.0,1.71
Bundesliga,2016-2017,HERTHA BSC,1.65,1.12,70.59,41.18,0.88,1.65,17.65,35.29,1.38,26,27.1,42,1.24,26,0.76,68,2.0,37,1.09,5,5,67,2.0,1.85
Bundesliga,2016-2017,HOFFENHEIM,2.06,0.82,64.71,35.29,1.71,1.35,29.41,29.41,1.09,23,25.0,64,1.88,47,1.38,111,3.26,59,1.74,5,5,63,0.0,3.12
Bundesliga,2016-2017,INGOLSTADT 04,1.24,1.76,23.53,29.41,0.88,1.59,23.53,47.06,1.68,22,26.9,35,1.03,20,0.59,55,1.62,29,0.85,6,8,75,3.0,1.44
Bundesliga,2016-2017,KÖLN,1.71,1.0,52.94,29.41,1.29,1.47,17.65,35.29,1.24,26,26.2,49,1.44,36,1.06,85,2.5,46,1.35,3,4,74,1.0,2.41
Bundesliga,2016-2017,LEVERKUSEN,1.59,1.65,29.41,23.53,1.53,1.59,35.29,64.71,1.62,24,24.2,53,1.56,39,1.15,92,2.71,49,1.44,4,9,56,3.0,2.59
Bundesliga,2016-2017,MAINZ 05,1.76,1.53,41.18,35.29,0.82,1.71,17.65,41.18,1.62,28,25.1,43,1.26,28,0.82,71,2.09,36,1.06,7,7,73,3.0,1.88
Bundesliga,2016-2017,RB LEIPZIG,2.06,0.94,70.59,41.18,1.82,1.35,47.06,35.29,1.15,23,24.0,62,1.82,49,1.44,111,3.26,59,1.74,3,4,68,1.0,3.18
Bundesliga,2016-2017,SCHALKE 04,1.71,0.88,47.06,17.65,0.94,1.47,17.65,41.18,1.18,29,25.3,45,1.32,30,0.88,75,2.21,43,1.26,2,4,69,0.0,2.15
Bundesliga,2016-2017,WERDER BREMEN,1.65,1.41,47.06,58.82,1.94,2.35,29.41,29.41,1.88,31,27.0,61,1.79,39,1.15,100,2.94,55,1.62,6,6,67,0.0,2.76
Bundesliga,2016-2017,WOLFSBURG,0.89,1.39,33.33,66.67,1.11,1.5,33.33,38.89,1.44,31,25.7,32,0.94,23,0.68,55,1.62,29,0.85,3,3,69,2.0,1.53
Bundesliga,2017-2018,AUGSBURG,1.41,1.41,35.29,41.18,1.12,1.29,23.53,17.65,1.35,27,26.6,41,1.21,30,0.88,71,2.09,37,1.09,4,4,68,,1.97
Bundesliga,2017-2018,BAYERN MUNICH,3.29,0.88,82.35,11.76,2.12,0.76,76.47,35.29,0.82,28,27.4,90,2.65,72,2.12,162,4.76,84,2.47,6,8,42,,4.59
Bundesliga,2017-2018,DORTMUND,2.35,1.24,52.94,35.29,1.41,1.53,35.29,23.53,1.38,30,25.9,62,1.82,44,1.29,106,3.12,59,1.74,3,6,41,,3.03
Bundesliga,2017-2018,EINT FRANKFURT,1.53,1.12,47.06,47.06,1.12,1.53,35.29,58.82,1.32,28,26.4,44,1.29,34,1.0,78,2.29,42,1.24,2,2,72,,2.24
Bundesliga,2017-2018,FREIBURG,1.0,1.0,41.18,47.06,0.88,2.29,5.88,17.65,1.65,29,24.8,32,0.94,21,0.62,53,1.56,26,0.76,6,10,56,,1.38
Bundesliga,2017-2018,GLADBACH,1.65,1.18,52.94,41.18,1.12,1.88,23.53,29.41,1.53,27,25.7,46,1.35,26,0.76,72,2.12,40,1.18,6,7,47,,1.94
Bundesliga,2017-2018,HAMBURGER SV,1.0,1.12,35.29,47.06,0.71,2.0,11.76,23.53,1.56,29,25.0,28,0.82,18,0.53,46,1.35,25,0.74,3,5,63,,1.26
Bundesliga,2017-2018,HANNOVER 96,1.65,1.47,47.06,47.06,0.94,1.71,11.76,41.18,1.59,26,26.4,44,1.29,26,0.76,70,2.06,40,1.18,4,5,63,,1.94
Bundesliga,2017-2018,HERTHA BSC,1.35,1.59,29.41,23.53,1.18,1.12,29.41,35.29,1.35,25,26.4,43,1.26,32,0.94,75,2.21,39,1.15,4,5,49,,2.09
Bundesliga,2017-2018,HOFFENHEIM,2.24,0.94,64.71,11.76,1.65,1.88,23.53,23.53,1.41,26,25.0,64,1.88,47,1.38,111,3.26,60,1.76,4,5,71,,3.15
Bundesliga,2017-2018,KÖLN,1.18,1.76,17.65,41.18,0.88,2.35,11.76,47.06,2.06,31,25.3,33,0.97,24,0.71,57,1.68,30,0.88,3,3,70,,1.59
Bundesliga,2017-2018,LEVERKUSEN,1.71,1.12,47.06,23.53,1.71,1.47,41.18,23.53,1.29,24,24.0,58,1.71,46,1.35,104,3.06,55,1.62,3,5,57,,2.97
Bundesliga,2017-2018,MAINZ 05,1.29,1.24,41.18,47.06,0.94,1.82,11.76,23.53,1.53,27,25.3,38,1.12,27,0.79,65,1.91,34,1.0,4,4,63,,1.79
Bundesliga,2017-2018,RB LEIPZIG,2.0,1.53,52.94,35.29,1.35,1.59,35.29,41.18,1.56,23,23.4,57,1.68,43,1.26,100,2.94,53,1.56,4,5,48,,2.82
Bundesliga,2017-2018,SCHALKE 04,1.59,0.88,58.82,29.41,1.53,1.29,47.06,47.06,1.09,24,26.1,50,1.47,33,0.97,83,2.44,40,1.18,10,10,66,,2.15
Bundesliga,2017-2018,STUTTGART,1.06,0.53,58.82,47.06,1.06,1.59,29.41,52.94,1.06,26,25.6,35,1.03,22,0.65,57,1.68,34,1.0,1,3,59,,1.65
Bundesliga,2017-2018,WERDER BREMEN,1.18,1.0,35.29,23.53,1.0,1.35,23.53,47.06,1.18,25,26.3,34,1.0,27,0.79,61,1.79,34,1.0,0,0,55,,1.79
Bundesliga,2017-2018,WOLFSBURG,1.44,1.44,22.22,16.67,0.78,1.28,22.22,33.33,1.36,29,25.1,36,1.06,26,0.76,62,1.82,35,1.03,1,6,65,,1.79
Bundesliga,2018-2019,AUGSBURG,2.0,1.94,29.41,35.29,1.0,2.24,17.65,41.18,2.09,30,26.5,50,1.47,33,0.97,83,2.44,45,1.32,5,5,55,1.0,2.29
Bundesliga,2018-2019,BAYERN MUNICH,2.88,0.82,76.47,17.65,2.29,1.06,64.71,23.53,0.94,24,27.4,86,2.53,62,1.82,148,4.35,83,2.44,3,4,44,2.0,4.26
Bundesliga,2018-2019,DORTMUND,3.06,1.47,82.35,41.18,1.71,1.12,52.94,41.18,1.29,23,24.8,80,2.35,60,1.76,140,4.12,76,2.24,4,4,40,3.0,4.0
Bundesliga,2018-2019,DÜSSELDORF,1.59,1.65,52.94,41.18,1.29,2.18,23.53,23.53,1.91,24,26.9,48,1.41,35,1.03,83,2.44,43,1.26,5,7,67,1.0,2.29
Bundesliga,2018-2019,EINT FRANKFURT,1.88,1.24,47.06,29.41,1.65,1.59,41.18,17.65,1.41,30,26.4,60,1.76,42,1.24,102,3.0,56,1.65,4,4,60,3.0,2.88
Bundesliga,2018-2019,FREIBURG,1.88,1.59,35.29,11.76,0.82,2.0,11.76,17.65,1.79,28,25.8,44,1.29,25,0.74,69,2.03,39,1.15,5,6,57,3.0,1.88
Bundesliga,2018-2019,GLADBACH,1.82,1.29,52.94,11.76,1.41,1.18,41.18,29.41,1.24,22,26.5,53,1.56,43,1.26,96,2.82,49,1.44,4,7,43,0.0,2.71
Bundesliga,2018-2019,HANNOVER 96,0.88,1.53,29.41,47.06,0.94,2.65,0.0,11.76,2.09,32,26.3,30,0.88,20,0.59,50,1.47,27,0.79,3,3,64,4.0,1.38
Bundesliga,2018-2019,HERTHA BSC,1.53,1.59,35.29,35.29,1.35,1.76,29.41,23.53,1.68,26,25.9,49,1.44,32,0.94,81,2.38,45,1.32,4,4,67,5.0,2.26
Bundesliga,2018-2019,HOFFENHEIM,1.65,1.18,41.18,29.41,2.47,1.88,35.29,11.76,1.53,29,25.5,69,2.03,49,1.44,118,3.47,63,1.85,6,7,69,2.0,3.29
Bundesliga,2018-2019,LEVERKUSEN,1.88,1.47,52.94,17.65,2.18,1.59,52.94,35.29,1.53,21,25.3,68,2.0,51,1.5,119,3.5,64,1.88,4,5,50,1.0,3.38
Bundesliga,2018-2019,MAINZ 05,1.82,1.29,47.06,41.18,0.88,2.06,23.53,41.18,1.68,28,24.2,44,1.29,30,0.88,74,2.18,41,1.21,3,3,56,0.0,2.09
Bundesliga,2018-2019,NÜRNBERG,0.94,1.29,17.65,11.76,0.59,2.71,0.0,29.41,2.0,27,24.9,25,0.74,16,0.47,41,1.21,23,0.68,2,6,59,4.0,1.15
Bundesliga,2018-2019,RB LEIPZIG,2.0,0.53,58.82,23.53,1.71,1.18,52.94,41.18,0.85,23,24.0,63,1.85,41,1.21,104,3.06,58,1.71,5,7,61,1.0,2.91
Bundesliga,2018-2019,SCHALKE 04,0.94,1.65,23.53,35.29,1.24,1.59,23.53,23.53,1.62,32,25.8,37,1.09,23,0.68,60,1.76,30,0.88,7,9,73,5.0,1.56
Bundesliga,2018-2019,STUTTGART,1.33,1.61,33.33,33.33,0.56,2.39,5.56,5.56,2.0,26,26.3,32,0.94,26,0.76,58,1.71,31,0.91,1,1,66,5.0,1.68
Bundesliga,2018-2019,WERDER BREMEN,2.06,1.53,47.06,17.65,1.35,1.35,35.29,52.94,1.44,24,27.1,57,1.68,38,1.12,95,2.79,53,1.56,4,4,64,3.0,2.68
Bundesliga,2018-2019,WOLFSBURG,2.12,1.35,47.06,17.65,1.53,1.59,47.06,29.41,1.47,25,25.4,59,1.74,38,1.12,97,2.85,54,1.59,5,5,62,0.0,2.71
Bundesliga,2019-2020,AUGSBURG,1.65,1.71,29.41,41.18,1.0,2.0,23.53,17.65,1.85,28,26.2,45,1.32,29,0.85,74,2.18,42,1.24,3,5,68,2.0,2.09
Bundesliga,2019-2020,BAYERN MUNICH,3.12,0.88,76.47,29.41,2.76,1.0,76.47,23.53,0.94,29,26.7,97,2.85,75,2.21,172,5.06,91,2.68,6,6,54,3.0,4.88
Bundesliga,2019-2020,DORTMUND,2.71,1.0,64.71,23.53,2.24,1.41,58.82,29.41,1.21,27,25.8,84,2.47,74,2.18,158,4.65,82,2.41,2,2,49,1.0,4.59
Bundesliga,2019-2020,DÜSSELDORF,1.06,1.65,23.53,35.29,1.06,2.29,11.76,11.76,1.97,28,27.1,36,1.06,26,0.76,62,1.82,32,0.94,4,4,78,0.0,1.71
Bundesliga,2019-2020,EINT FRANKFURT,2.12,1.59,47.06,29.41,1.35,1.94,29.41,52.94,1.76,27,27.0,57,1.68,45,1.32,102,3.0,55,1.62,2,2,71,4.0,2.94
Bundesliga,2019-2020,FREIBURG,1.35,1.0,52.94,52.94,1.47,1.76,23.53,23.53,1.38,26,26.4,46,1.35,27,0.79,73,2.15,41,1.21,5,6,43,2.0,2.0
Bundesliga,2019-2020,GLADBACH,2.35,1.24,70.59,29.41,1.53,1.12,47.06,41.18,1.18,25,26.3,64,1.88,53,1.56,117,3.44,60,1.76,4,6,77,3.0,3.32
Bundesliga,2019-2020,HERTHA BSC,1.35,1.88,35.29,23.53,1.47,1.59,29.41,47.06,1.74,32,26.2,45,1.32,35,1.03,80,2.35,42,1.24,3,3,78,4.0,2.26
Bundesliga,2019-2020,HOFFENHEIM,1.53,2.18,41.18,29.41,1.59,0.94,47.06,35.29,1.56,31,26.0,52,1.53,36,1.06,88,2.59,49,1.44,3,4,66,2.0,2.5
Bundesliga,2019-2020,KÖLN,1.65,1.59,35.29,23.53,1.35,2.47,23.53,23.53,2.03,29,25.6,50,1.47,38,1.12,88,2.59,48,1.41,2,4,79,4.0,2.53
Bundesliga,2019-2020,LEVERKUSEN,1.88,1.29,52.94,35.29,1.71,1.29,58.82,29.41,1.29,24,26.1,57,1.68,48,1.41,105,3.09,55,1.62,2,2,61,6.0,3.03
Bundesliga,2019-2020,MAINZ 05,1.06,1.71,29.41,47.06,1.53,2.12,35.29,29.41,1.91,25,24.6,42,1.24,34,1.0,76,2.24,39,1.15,3,3,75,3.0,2.15
Bundesliga,2019-2020,PADERBORN 07,1.24,2.71,11.76,41.18,0.94,1.65,11.76,35.29,2.18,27,25.7,37,1.09,26,0.76,63,1.85,35,1.03,2,4,84,3.0,1.79
Bundesliga,2019-2020,RB LEIPZIG,2.24,1.24,41.18,5.88,2.53,0.94,64.71,17.65,1.09,29,24.2,81,2.38,58,1.71,139,4.09,76,2.24,5,5,53,3.0,3.94
Bundesliga,2019-2020,SCHALKE 04,1.18,1.59,29.41,23.53,1.06,1.82,23.53,29.41,1.71,29,24.6,35,1.03,25,0.74,60,1.76,33,0.97,2,2,64,2.0,1.71
Bundesliga,2019-2020,UNION BERLIN,1.41,1.18,47.06,29.41,1.0,2.24,23.53,41.18,1.71,26,27.7,38,1.12,27,0.79,65,1.91,34,1.0,4,5,71,5.0,1.79
Bundesliga,2019-2020,WERDER BREMEN,0.83,2.0,11.11,27.78,1.61,1.94,33.33,44.44,1.97,30,26.7,40,1.18,30,0.88,70,2.06,37,1.09,3,6,80,4.0,1.97
Bundesliga,2019-2020,WOLFSBURG,1.12,1.35,23.53,35.29,1.71,1.35,52.94,29.41,1.35,26,26.0,48,1.41,33,0.97,81,2.38,44,1.29,4,4,71,4.0,2.26
Bundesliga,2020-2021,ARMINIA,0.76,1.35,35.29,52.94,0.76,1.71,17.65,29.41,1.53,26,26.0,23,0.68,16,0.47,39,1.15,22,0.65,1,2,52,1.0,1.12
Bundesliga,2020-2021,AUGSBURG,1.24,1.47,35.29,23.53,0.88,1.71,23.53,41.18,1.59,25,27.0,35,1.03,23,0.68,58,1.71,33,0.97,2,5,71,4.0,1.65
Bundesliga,2020-2021,BAYERN MUNICH,3.76,1.24,76.47,17.65,2.06,1.35,64.71,58.82,1.29,29,27.3,98,2.88,75,2.21,173,5.09,89,2.62,9,10,44,3.0,4.82
Bundesliga,2020-2021,DORTMUND,2.35,1.18,64.71,23.53,2.06,1.53,52.94,35.29,1.35,26,25.6,74,2.18,57,1.68,131,3.85,71,2.09,3,7,44,1.0,3.76
Bundesliga,2020-2021,EINT FRANKFURT,2.18,1.18,58.82,23.53,1.88,1.94,35.29,23.53,1.56,25,27.2,63,1.85,52,1.53,115,3.38,55,1.62,8,8,82,1.0,3.15
Bundesliga,2020-2021,FREIBURG,1.94,1.35,41.18,17.65,1.12,1.71,29.41,35.29,1.53,24,26.2,51,1.5,34,1.0,85,2.5,45,1.32,6,6,62,0.0,2.32
Bundesliga,2020-2021,GLADBACH,1.88,1.12,47.06,52.94,1.88,2.18,29.41,29.41,1.65,23,26.9,63,1.85,44,1.29,107,3.15,53,1.56,10,11,61,2.0,2.85
Bundesliga,2020-2021,HERTHA BSC,1.24,1.53,29.41,11.76,1.18,1.53,17.65,29.41,1.53,32,25.4,40,1.18,29,0.85,69,2.03,36,1.06,4,6,67,3.0,1.91
Bundesliga,2020-2021,HOFFENHEIM,1.88,1.41,47.06,35.29,1.18,1.76,17.65,29.41,1.59,30,25.7,51,1.5,38,1.12,89,2.62,46,1.35,5,6,68,4.0,2.47
Bundesliga,2020-2021,KÖLN,1.11,1.78,16.67,50.0,1.06,1.67,33.33,44.44,1.72,28,24.9,33,0.97,23,0.68,56,1.65,29,0.85,4,6,63,1.0,1.53
Bundesliga,2020-2021,LEVERKUSEN,2.0,1.29,47.06,41.18,1.12,1.0,35.29,35.29,1.15,30,25.4,52,1.53,41,1.21,93,2.74,49,1.44,3,3,58,0.0,2.65
Bundesliga,2020-2021,MAINZ 05,0.94,1.53,23.53,52.94,1.35,1.76,35.29,35.29,1.65,31,25.8,39,1.15,23,0.68,62,1.82,34,1.0,5,5,63,1.0,1.68
Bundesliga,2020-2021,RB LEIPZIG,1.71,0.76,64.71,41.18,1.82,1.12,47.06,47.06,0.94,25,25.0,59,1.74,44,1.29,103,3.03,51,1.5,8,10,57,0.0,2.79
Bundesliga,2020-2021,SCHALKE 04,0.82,2.0,17.65,29.41,0.65,3.06,0.0,17.65,2.53,42,25.9,24,0.71,20,0.59,44,1.29,24,0.71,0,3,74,2.0,1.29
Bundesliga,2020-2021,STUTTGART,1.59,1.53,29.41,29.41,1.71,1.71,41.18,35.29,1.62,29,24.1,54,1.59,42,1.24,96,2.82,48,1.41,6,8,65,2.0,2.65
Bundesliga,2020-2021,UNION BERLIN,1.88,1.06,47.06,29.41,1.06,1.47,23.53,29.41,1.26,27,27.3,50,1.47,39,1.15,89,2.62,45,1.32,5,7,57,2.0,2.47
Bundesliga,2020-2021,WERDER BREMEN,0.94,1.65,17.65,35.29,1.18,1.71,23.53,17.65,1.68,27,26.3,35,1.03,25,0.74,60,1.76,30,0.88,5,5,67,3.0,1.62
Bundesliga,2020-2021,WOLFSBURG,1.88,0.94,58.82,41.18,1.71,1.24,41.18,29.41,1.09,26,25.6,57,1.68,48,1.41,105,3.09,55,1.62,2,3,58,3.0,3.03
Bundesliga,2021-2022,ARMINIA,0.88,1.35,11.76,17.65,0.71,1.76,17.65,29.41,1.56,26,25.8,26,0.76,18,0.53,44,1.29,24,0.71,2,2,55,2.0,1.24
Bundesliga,2021-2022,AUGSBURG,1.47,1.53,41.18,41.18,0.82,1.76,17.65,35.29,1.65,26,26.6,39,1.15,26,0.76,65,1.91,34,1.0,5,5,74,0.0,1.76
Bundesliga,2021-2022,BAYERN MUNICH,2.82,0.88,76.47,47.06,2.88,1.29,64.71,17.65,1.09,30,26.8,92,2.71,70,2.06,162,4.76,87,2.56,5,5,36,2.0,4.62
Bundesliga,2021-2022,BOCHUM,1.24,1.0,47.06,35.29,1.0,2.06,23.53,64.71,1.53,28,28.0,37,1.09,22,0.65,59,1.74,33,0.97,4,6,55,2.0,1.62
Bundesliga,2021-2022,DORTMUND,3.06,1.65,76.47,41.18,1.94,1.41,52.94,47.06,1.53,33,25.9,81,2.38,57,1.68,138,4.06,70,2.06,11,11,63,1.0,3.74
Bundesliga,2021-2022,EINT FRANKFURT,1.18,1.29,23.53,41.18,1.47,1.59,35.29,35.29,1.44,27,26.2,43,1.26,33,0.97,76,2.24,42,1.24,1,2,61,1.0,2.21
Bundesliga,2021-2022,FREIBURG,1.88,1.47,47.06,23.53,1.53,1.24,41.18,52.94,1.35,26,26.5,55,1.62,37,1.09,92,2.71,50,1.47,5,6,34,0.0,2.56
Bundesliga,2021-2022,GLADBACH,1.94,1.59,47.06,35.29,1.24,2.0,23.53,29.41,1.79,26,26.0,54,1.59,38,1.12,92,2.71,49,1.44,5,7,67,1.0,2.56
Bundesliga,2021-2022,GREUTHER FÜRTH,0.88,1.94,17.65,29.41,0.76,2.88,0.0,17.65,2.41,29,25.9,26,0.76,15,0.44,41,1.21,21,0.62,5,5,61,0.0,1.06
Bundesliga,2021-2022,HERTHA BSC,1.33,1.89,33.33,38.89,0.83,2.11,22.22,27.78,2.0,36,26.7,35,1.03,23,0.68,58,1.71,32,0.94,3,3,62,2.0,1.62
Bundesliga,2021-2022,HOFFENHEIM,2.0,1.41,47.06,29.41,1.41,2.12,29.41,29.41,1.76,32,26.1,55,1.62,42,1.24,97,2.85,55,1.62,0,0,75,0.0,2.85
Bundesliga,2021-2022,KÖLN,1.59,1.24,52.94,41.18,1.47,1.65,29.41,29.41,1.44,26,27.0,52,1.53,40,1.18,92,2.71,51,1.5,1,1,68,1.0,2.68
Bundesliga,2021-2022,LEVERKUSEN,2.29,1.35,58.82,41.18,2.41,1.41,52.94,17.65,1.38,29,24.4,76,2.24,58,1.71,134,3.94,74,2.18,2,6,66,2.0,3.88
Bundesliga,2021-2022,MAINZ 05,1.94,0.65,58.82,29.41,1.0,2.0,17.65,52.94,1.32,28,26.2,49,1.44,36,1.06,85,2.5,45,1.32,4,4,62,4.0,2.38
Bundesliga,2021-2022,RB LEIPZIG,2.53,1.0,64.71,11.76,1.71,1.18,35.29,35.29,1.09,29,25.3,72,2.12,53,1.56,125,3.68,64,1.88,8,9,49,0.0,3.44
Bundesliga,2021-2022,STUTTGART,1.65,1.88,35.29,41.18,0.76,1.59,5.88,17.65,1.74,34,24.0,40,1.18,31,0.91,71,2.09,39,1.15,1,3,64,2.0,2.06
Bundesliga,2021-2022,UNION BERLIN,1.47,1.0,58.82,35.29,1.47,1.59,35.29,47.06,1.29,28,28.3,50,1.47,33,0.97,83,2.44,45,1.32,5,5,62,1.0,2.29
Bundesliga,2021-2022,WOLFSBURG,1.47,1.24,41.18,35.29,1.06,1.94,29.41,23.53,1.59,30,26.0,42,1.24,25,0.74,67,1.97,39,1.15,3,4,61,3.0,1.88
Bundesliga,2022-2023,AUGSBURG,0.94,1.41,35.29,52.94,1.53,2.29,17.65,52.94,1.85,34,25.9,41,1.21,29,0.85,70,2.06,37,1.09,4,5,96,5.0,1.94
Bundesliga,2022-2023,BAYERN MUNICH,3.12,1.0,64.71,0.0,2.29,1.24,58.82,47.06,1.12,28,26.6,90,2.65,67,1.97,157,4.62,87,2.56,3,5,49,3.0,4.53
Bundesliga,2022-2023,BOCHUM,1.65,1.88,47.06,35.29,0.71,2.35,11.76,17.65,2.12,26,29.4,37,1.09,28,0.82,65,1.91,34,1.0,3,3,64,1.0,1.82
Bundesliga,2022-2023,DORTMUND,3.24,1.0,82.35,41.18,1.65,1.59,47.06,29.41,1.29,30,25.8,81,2.38,61,1.79,142,4.18,77,2.26,4,6,66,0.0,4.06
Bundesliga,2022-2023,EINT FRANKFURT,2.06,1.06,52.94,17.65,1.35,2.0,23.53,17.65,1.53,28,26.4,56,1.65,33,0.97,89,2.62,50,1.47,6,6,71,1.0,2.44
Bundesliga,2022-2023,FREIBURG,1.65,0.76,58.82,35.29,1.35,1.82,41.18,29.41,1.29,27,27.4,51,1.5,34,1.0,85,2.5,44,1.29,7,8,62,2.0,2.29
Bundesliga,2022-2023,GLADBACH,1.94,1.06,58.82,29.41,1.12,2.18,5.88,23.53,1.62,27,26.8,52,1.53,39,1.15,91,2.68,48,1.41,4,6,62,3.0,2.56
Bundesliga,2022-2023,HERTHA BSC,1.41,1.59,29.41,29.41,1.06,2.47,11.76,29.41,2.03,32,26.0,42,1.24,23,0.68,65,1.91,35,1.03,7,7,82,1.0,1.71
Bundesliga,2022-2023,HOFFENHEIM,1.65,1.71,41.18,29.41,1.18,1.65,17.65,41.18,1.68,31,26.8,46,1.35,30,0.88,76,2.24,39,1.15,7,9,80,5.0,2.03
Bundesliga,2022-2023,KÖLN,1.65,1.18,35.29,35.29,1.24,2.0,23.53,5.88,1.59,27,26.0,46,1.35,31,0.91,77,2.26,42,1.24,4,4,75,3.0,2.15
Bundesliga,2022-2023,LEVERKUSEN,2.06,1.35,47.06,29.41,1.29,1.53,35.29,29.41,1.44,27,24.7,57,1.68,44,1.29,101,2.97,52,1.53,5,7,75,7.0,2.82
Bundesliga,2022-2023,MAINZ 05,1.82,1.47,35.29,17.65,1.35,1.76,35.29,41.18,1.62,27,27.0,54,1.59,35,1.03,89,2.62,50,1.47,4,6,69,1.0,2.5
Bundesliga,2022-2023,RB LEIPZIG,2.24,1.06,76.47,41.18,1.53,1.35,41.18,35.29,1.21,25,26.3,64,1.88,39,1.15,103,3.03,58,1.71,6,7,69,2.0,2.85
Bundesliga,2022-2023,SCHALKE 04,1.35,2.12,29.41,23.53,0.71,2.06,11.76,23.53,2.09,35,27.5,32,0.94,24,0.71,56,1.65,28,0.82,4,5,68,1.0,1.53
Bundesliga,2022-2023,STUTTGART,1.44,1.22,33.33,38.89,1.39,2.0,16.67,33.33,1.61,30,24.7,45,1.32,34,1.0,79,2.32,40,1.18,5,5,72,5.0,2.18
Bundesliga,2022-2023,UNION BERLIN,1.76,0.65,64.71,23.53,1.24,1.59,41.18,47.06,1.12,28,27.9,49,1.44,38,1.12,87,2.56,46,1.35,3,7,65,2.0,2.47
Bundesliga,2022-2023,WERDER BREMEN,1.53,1.65,29.41,64.71,1.47,2.12,29.41,35.29,1.88,25,27.4,50,1.47,37,1.09,87,2.56,45,1.32,5,6,76,1.0,2.41
Bundesliga,2022-2023,WOLFSBURG,2.0,1.47,35.29,17.65,1.35,1.35,41.18,23.53,1.41,28,24.8,55,1.62,44,1.29,99,2.91,51,1.5,4,7,63,0.0,2.79
Bundesliga,2023-2024,AUGSBURG,1.53,1.53,35.29,52.94,1.41,2.0,23.53,17.65,1.76,29,26.0,49,1.44,35,1.03,84,2.47,44,1.29,5,7,71,3.0,2.32
Bundesliga,2023-2024,BAYERN MUNICH,3.12,0.71,82.35,23.53,2.41,1.94,52.94,35.29,1.32,30,27.4,93,2.74,71,2.09,164,4.82,88,2.59,5,5,47,2.0,4.68
Bundesliga,2023-2024,BOCHUM,1.53,1.71,29.41,23.53,0.94,2.65,11.76,29.41,2.18,25,29.1,41,1.21,30,0.88,71,2.09,37,1.09,4,4,97,2.0,1.97
Bundesliga,2023-2024,DARMSTADT 98,0.88,2.59,5.88,35.29,0.88,2.47,11.76,23.53,2.53,32,27.1,28,0.82,21,0.62,49,1.44,25,0.74,3,3,83,4.0,1.35
Bundesliga,2023-2024,DORTMUND,2.18,1.29,58.82,35.29,1.82,1.24,47.06,17.65,1.26,32,26.8,68,2.0,49,1.44,117,3.44,62,1.82,6,6,59,4.0,3.26
Bundesliga,2023-2024,EINT FRANKFURT,1.71,1.24,41.18,23.53,1.29,1.71,23.53,23.53,1.47,34,25.3,48,1.41,36,1.06,84,2.47,46,1.35,2,3,70,5.0,2.41
Bundesliga,2023-2024,FREIBURG,1.65,1.76,29.41,29.41,1.0,1.65,35.29,52.94,1.71,25,27.0,43,1.26,32,0.94,75,2.21,36,1.06,7,9,64,4.0,2.0
Bundesliga,2023-2024,GLADBACH,1.59,1.53,29.41,35.29,1.71,2.41,11.76,11.76,1.97,27,25.4,55,1.62,43,1.26,98,2.88,50,1.47,5,6,66,2.0,2.74
Bundesliga,2023-2024,HEIDENHEIM,1.76,1.53,41.18,47.06,1.18,1.71,17.65,35.29,1.62,22,26.7,46,1.35,34,1.0,80,2.35,44,1.29,2,3,54,1.0,2.29
Bundesliga,2023-2024,HOFFENHEIM,1.82,1.82,35.29,29.41,2.06,2.06,41.18,47.06,1.94,30,27.7,65,1.91,47,1.38,112,3.29,59,1.74,6,6,86,5.0,3.12
Bundesliga,2023-2024,KÖLN,0.88,1.65,23.53,29.41,0.76,1.88,5.88,17.65,1.76,26,25.4,28,0.82,17,0.5,45,1.32,23,0.68,5,6,71,4.0,1.18
Bundesliga,2023-2024,LEVERKUSEN,2.76,0.65,82.35,29.41,2.47,0.76,82.35,41.18,0.71,24,26.2,87,2.56,71,2.09,158,4.65,79,2.32,8,8,59,0.0,4.41
Bundesliga,2023-2024,MAINZ 05,1.35,1.06,35.29,23.53,0.94,1.94,5.88,17.65,1.5,30,26.7,38,1.12,31,0.91,69,2.03,37,1.09,1,5,99,3.0,2.0
Bundesliga,2023-2024,RB LEIPZIG,2.35,0.71,64.71,17.65,2.18,1.59,47.06,35.29,1.15,26,25.6,74,2.18,53,1.56,127,3.74,70,2.06,4,7,61,1.0,3.62
Bundesliga,2023-2024,STUTTGART,2.94,0.88,76.47,11.76,1.65,1.41,58.82,41.18,1.15,27,25.0,78,2.29,60,1.76,138,4.06,73,2.15,5,8,56,1.0,3.91
Bundesliga,2023-2024,UNION BERLIN,1.29,1.76,41.18,35.29,0.65,1.65,11.76,29.41,1.71,30,28.1,33,0.97,23,0.68,56,1.65,30,0.88,3,6,67,7.0,1.56
Bundesliga,2023-2024,WERDER BREMEN,1.71,1.53,41.18,29.41,1.12,1.65,23.53,41.18,1.59,30,27.0,45,1.32,33,0.97,78,2.29,40,1.18,5,6,73,2.0,2.15
Bundesliga,2023-2024,WOLFSBURG,1.47,1.47,35.29,41.18,0.94,1.82,23.53,35.29,1.65,28,25.6,41,1.21,27,0.79,68,2.0,39,1.15,2,3,86,5.0,1.94
La Liga,2010-2011,ALMERÍA,1.21,1.84,15.79,26.32,0.68,1.84,15.79,42.11,1.84,26,25.7,36,0.95,27,0.71,63,1.66,36,0.95,0,1,104,4.0,1.66
La Liga,2010-2011,ATHLETIC CLUB,1.68,1.05,63.16,57.89,1.42,1.84,31.58,57.89,1.45,29,25.4,57,1.5,34,0.89,91,2.39,50,1.32,7,11,110,7.0,2.21
La Liga,2010-2011,ATLÉTICO MADRID,1.84,1.05,52.63,31.58,1.42,1.74,36.84,36.84,1.39,24,26.0,61,1.61,44,1.16,105,2.76,59,1.55,2,5,106,5.0,2.71
La Liga,2010-2011,BARCELONA,2.42,0.53,84.21,31.58,2.58,0.58,73.68,21.05,0.55,28,26.5,94,2.47,73,1.92,167,4.39,89,2.34,5,5,72,2.0,4.26
La Liga,2010-2011,ESPANYOL,1.74,1.16,57.89,57.89,0.68,1.74,21.05,52.63,1.45,31,24.9,44,1.16,28,0.74,72,1.89,38,1.0,6,6,113,5.0,1.74
La Liga,2010-2011,GETAFE,1.74,1.37,47.37,21.05,0.84,1.79,15.79,26.32,1.58,23,26.2,47,1.24,30,0.79,77,2.03,42,1.11,5,5,117,7.0,1.89
La Liga,2010-2011,HÉRCULES,1.42,1.42,36.84,36.84,0.47,1.74,10.53,26.32,1.58,26,28.6,36,0.95,17,0.45,53,1.39,33,0.87,3,4,101,8.0,1.32
La Liga,2010-2011,LA CORUÑA,1.16,1.0,42.11,36.84,0.47,1.47,10.53,31.58,1.24,30,27.2,30,0.79,21,0.55,51,1.34,25,0.66,5,5,95,5.0,1.21
La Liga,2010-2011,LEVANTE,1.32,1.05,47.37,52.63,0.84,1.68,15.79,47.37,1.37,28,28.8,41,1.08,29,0.76,70,1.84,39,1.03,2,2,127,3.0,1.79
La Liga,2010-2011,MALLORCA,1.32,1.0,47.37,36.84,0.84,1.95,15.79,36.84,1.47,24,26.5,41,1.08,31,0.82,72,1.89,37,0.97,4,7,88,4.0,1.79
La Liga,2010-2011,MÁLAGA,1.53,1.53,36.84,31.58,1.32,2.05,31.58,21.05,1.79,34,26.3,53,1.39,36,0.95,89,2.34,50,1.32,3,6,107,7.0,2.26
La Liga,2010-2011,OSASUNA,1.47,0.74,52.63,36.84,0.89,1.68,15.79,47.37,1.21,26,29.5,44,1.16,27,0.71,71,1.87,39,1.03,5,5,116,7.0,1.74
La Liga,2010-2011,RACING SANT,1.32,1.11,42.11,42.11,0.84,1.84,21.05,42.11,1.47,29,27.5,38,1.0,21,0.55,59,1.55,37,0.97,1,6,92,7.0,1.53
La Liga,2010-2011,REAL MADRID,3.21,0.63,84.21,26.32,2.16,1.11,68.42,31.58,0.87,32,25.5,100,2.63,67,1.76,167,4.39,89,2.34,11,12,102,8.0,4.11
La Liga,2010-2011,REAL SOCIEDAD,1.42,1.11,57.89,57.89,1.16,2.37,15.79,42.11,1.74,23,26.2,45,1.18,32,0.84,77,2.03,41,1.08,4,4,80,0.0,1.92
La Liga,2010-2011,SEVILLA,1.84,1.42,52.63,31.58,1.42,1.79,36.84,57.89,1.61,32,26.5,62,1.63,41,1.08,103,2.71,52,1.37,10,12,108,7.0,2.45
La Liga,2010-2011,SPORTING GIJÓN,1.21,0.84,47.37,36.84,0.63,1.37,10.53,26.32,1.11,31,26.7,33,0.87,21,0.55,54,1.42,26,0.68,7,7,115,6.0,1.24
La Liga,2010-2011,VALENCIA,1.79,1.11,52.63,42.11,1.58,1.21,57.89,42.11,1.16,27,27.0,63,1.66,47,1.24,110,2.89,61,1.61,2,2,121,8.0,2.84
La Liga,2010-2011,VILLARREAL,1.74,0.74,68.42,42.11,1.11,1.58,26.32,47.37,1.16,28,26.4,54,1.42,39,1.03,93,2.45,50,1.32,4,4,94,5.0,2.34
La Liga,2010-2011,ZARAGOZA,1.37,1.42,47.37,52.63,0.74,1.37,15.79,52.63,1.39,24,27.5,40,1.05,22,0.58,62,1.63,34,0.89,6,6,128,9.0,1.47
La Liga,2011-2012,ATHLETIC CLUB,1.53,1.11,42.11,26.32,1.05,1.63,21.05,47.37,1.37,22,24.4,49,1.29,33,0.87,82,2.16,48,1.26,1,2,116,8.0,2.13
La Liga,2011-2012,ATLÉTICO MADRID,1.89,0.89,57.89,21.05,0.89,1.53,21.05,36.84,1.21,24,25.1,51,1.34,32,0.84,83,2.18,46,1.21,5,6,132,4.0,2.05
La Liga,2011-2012,BARCELONA,3.84,0.58,89.47,10.53,2.16,0.95,57.89,31.58,0.76,29,26.6,112,2.95,69,1.82,181,4.76,102,2.68,10,11,81,4.0,4.5
La Liga,2011-2012,BETIS,1.47,1.32,36.84,47.37,1.0,1.63,31.58,52.63,1.47,31,27.4,47,1.24,25,0.66,72,1.89,44,1.16,3,3,107,7.0,1.82
La Liga,2011-2012,ESPANYOL,1.63,1.26,47.37,36.84,0.79,1.68,15.79,42.11,1.47,29,24.2,45,1.18,32,0.84,77,2.03,44,1.16,1,1,135,6.0,2.0
La Liga,2011-2012,GETAFE,1.26,1.0,42.11,36.84,0.84,1.68,21.05,42.11,1.34,29,27.6,38,1.0,20,0.53,58,1.53,35,0.92,3,3,134,8.0,1.45
La Liga,2011-2012,GRANADA,1.16,1.05,42.11,63.16,0.68,1.89,21.05,52.63,1.47,25,26.5,35,0.92,18,0.47,53,1.39,31,0.82,4,4,116,10.0,1.29
La Liga,2011-2012,LEVANTE,1.74,1.0,57.89,31.58,1.11,1.63,26.32,47.37,1.32,27,30.4,54,1.42,30,0.79,84,2.21,46,1.21,8,8,125,4.0,2.0
La Liga,2011-2012,MALLORCA,1.11,0.79,47.37,63.16,1.11,1.63,26.32,36.84,1.21,28,26.4,38,1.0,25,0.66,63,1.66,33,0.87,5,5,122,6.0,1.53
La Liga,2011-2012,MÁLAGA,1.84,1.11,68.42,42.11,1.0,1.68,21.05,42.11,1.39,26,27.3,51,1.34,26,0.68,77,2.03,50,1.32,1,2,77,7.0,2.0
La Liga,2011-2012,OSASUNA,1.37,1.0,52.63,42.11,0.95,2.21,15.79,10.53,1.61,28,27.8,43,1.13,30,0.79,73,1.92,42,1.11,1,2,110,8.0,1.89
La Liga,2011-2012,RACING SANT,0.58,1.26,15.79,36.84,0.89,2.05,5.26,15.79,1.66,32,25.6,27,0.71,21,0.55,48,1.26,23,0.61,4,4,121,8.0,1.16
La Liga,2011-2012,RAYO VALLECANO,1.53,1.37,42.11,47.37,1.26,2.47,26.32,26.32,1.92,32,26.8,51,1.34,26,0.68,77,2.03,46,1.21,5,6,129,3.0,1.89
La Liga,2011-2012,REAL MADRID,3.68,1.0,84.21,0.0,2.68,0.68,84.21,47.37,0.84,25,26.1,120,3.16,85,2.24,205,5.39,108,2.84,12,13,97,5.0,5.08
La Liga,2011-2012,REAL SOCIEDAD,1.53,0.89,47.37,31.58,0.89,1.84,15.79,47.37,1.37,24,25.0,45,1.18,27,0.71,72,1.89,45,1.18,0,1,85,8.0,1.89
La Liga,2011-2012,SEVILLA,1.68,1.32,47.37,42.11,0.84,1.16,21.05,36.84,1.24,28,26.9,47,1.24,32,0.84,79,2.08,46,1.21,1,4,116,8.0,2.05
La Liga,2011-2012,SPORTING GIJÓN,1.26,1.37,36.84,68.42,0.95,2.26,15.79,26.32,1.82,30,26.4,41,1.08,21,0.55,62,1.63,38,1.0,3,3,125,5.0,1.55
La Liga,2011-2012,VALENCIA,2.11,1.05,57.89,47.37,1.0,1.26,31.58,42.11,1.16,26,25.9,55,1.45,34,0.89,89,2.34,52,1.37,3,4,129,7.0,2.26
La Liga,2011-2012,VILLARREAL,1.37,1.05,31.58,21.05,0.68,1.74,15.79,47.37,1.39,28,26.6,38,1.0,22,0.58,60,1.58,32,0.84,6,10,103,5.0,1.42
La Liga,2011-2012,ZARAGOZA,1.0,1.26,42.11,52.63,0.89,1.95,21.05,36.84,1.61,28,27.1,35,0.92,20,0.53,55,1.45,31,0.82,4,6,126,9.0,1.34
La Liga,2012-2013,ATHLETIC CLUB,1.16,1.42,42.11,47.37,1.16,2.0,21.05,42.11,1.71,25,25.4,44,1.16,38,1.0,82,2.16,43,1.13,1,2,126,9.0,2.13
La Liga,2012-2013,ATLÉTICO MADRID,2.21,0.63,73.68,47.37,1.21,1.0,47.37,26.32,0.82,27,25.9,63,1.66,37,0.97,100,2.63,55,1.45,8,8,107,5.0,2.42
La Liga,2012-2013,BARCELONA,3.32,0.79,94.74,21.05,2.74,1.32,73.68,42.11,1.05,25,26.6,112,2.95,91,2.39,203,5.34,108,2.84,4,5,60,2.0,5.24
La Liga,2012-2013,BETIS,1.47,0.95,47.37,47.37,1.53,2.0,36.84,36.84,1.47,33,26.8,55,1.45,41,1.08,96,2.53,52,1.37,3,4,122,7.0,2.45
La Liga,2012-2013,CELTA VIGO,1.21,1.11,36.84,42.11,0.74,1.63,15.79,63.16,1.37,28,26.9,37,0.97,27,0.71,64,1.68,34,0.89,3,3,105,4.0,1.61
La Liga,2012-2013,ESPANYOL,1.32,1.47,31.58,42.11,0.95,1.26,26.32,36.84,1.37,25,26.5,42,1.11,32,0.84,74,1.95,38,1.0,4,4,158,11.0,1.84
La Liga,2012-2013,GETAFE,1.32,1.21,47.37,47.37,0.95,1.79,21.05,36.84,1.5,27,26.9,43,1.13,31,0.82,74,1.95,39,1.03,4,4,117,9.0,1.84
La Liga,2012-2013,GRANADA,1.11,1.11,31.58,47.37,0.84,1.74,26.32,47.37,1.42,28,26.9,35,0.92,18,0.47,53,1.39,28,0.74,7,8,107,5.0,1.21
La Liga,2012-2013,LA CORUÑA,1.21,1.37,31.58,42.11,1.26,2.32,10.53,21.05,1.84,28,28.8,45,1.18,26,0.68,71,1.87,41,1.08,4,6,109,8.0,1.76
La Liga,2012-2013,LEVANTE,1.32,1.37,42.11,47.37,0.79,1.63,21.05,26.32,1.5,27,29.2,39,1.03,22,0.58,61,1.61,36,0.95,3,5,119,7.0,1.53
La Liga,2012-2013,MALLORCA,1.37,1.58,36.84,47.37,0.89,2.21,10.53,42.11,1.89,29,26.9,43,1.13,23,0.61,66,1.74,41,1.08,2,3,108,8.0,1.68
La Liga,2012-2013,MÁLAGA,1.74,0.95,52.63,36.84,1.05,1.68,31.58,42.11,1.32,28,27.9,52,1.37,37,0.97,89,2.34,48,1.26,4,5,96,6.0,2.24
La Liga,2012-2013,OSASUNA,0.79,0.74,36.84,57.89,0.95,1.89,15.79,21.05,1.32,30,27.6,33,0.87,24,0.63,57,1.5,32,0.84,1,1,119,10.0,1.47
La Liga,2012-2013,RAYO VALLECANO,1.42,1.53,47.37,26.32,1.21,1.95,36.84,52.63,1.74,29,26.6,49,1.29,30,0.79,79,2.08,42,1.11,7,7,141,4.0,1.89
La Liga,2012-2013,REAL MADRID,3.53,1.11,89.47,15.79,1.89,1.11,47.37,52.63,1.11,31,26.9,100,2.63,71,1.87,171,4.5,92,2.42,8,10,97,5.0,4.29
La Liga,2012-2013,REAL SOCIEDAD,2.16,1.16,52.63,26.32,1.53,1.42,42.11,47.37,1.29,22,25.3,68,1.79,49,1.29,117,3.08,61,1.61,7,7,98,2.0,2.89
La Liga,2012-2013,SEVILLA,2.16,1.11,68.42,57.89,0.89,1.74,5.26,36.84,1.42,30,26.7,56,1.47,36,0.95,92,2.42,51,1.34,5,7,106,12.0,2.29
La Liga,2012-2013,VALENCIA,2.21,1.32,68.42,31.58,1.32,1.53,31.58,52.63,1.42,23,26.4,65,1.71,48,1.26,113,2.97,59,1.55,6,7,128,8.0,2.82
La Liga,2012-2013,VALLADOLID,1.53,1.37,36.84,26.32,1.05,1.68,21.05,57.89,1.53,23,27.3,48,1.26,32,0.84,80,2.11,43,1.13,5,6,83,3.0,1.97
La Liga,2012-2013,ZARAGOZA,1.21,1.42,26.32,52.63,0.74,1.84,21.05,26.32,1.63,33,26.9,37,0.97,23,0.61,60,1.58,29,0.76,8,8,135,11.0,1.37
La Liga,2013-2014,ALMERÍA,1.37,1.63,31.58,36.84,0.89,2.11,26.32,42.11,1.87,28,27.5,43,1.13,28,0.74,71,1.87,35,0.92,8,8,103,0.0,1.66
La Liga,2013-2014,ATHLETIC CLUB,2.21,0.95,68.42,42.11,1.26,1.11,36.84,31.58,1.03,24,26.4,65,1.71,46,1.21,111,2.92,61,1.61,4,7,81,0.0,2.82
La Liga,2013-2014,ATLÉTICO MADRID,2.58,0.53,78.95,31.58,1.47,0.84,68.42,36.84,0.68,25,26.9,74,1.95,55,1.45,129,3.39,68,1.79,6,10,98,0.0,3.24
La Liga,2013-2014,BARCELONA,3.37,0.79,84.21,31.58,1.89,0.95,57.89,42.11,0.87,25,27.4,96,2.53,71,1.87,167,4.39,85,2.24,11,13,71,0.0,4.11
La Liga,2013-2014,BETIS,1.0,1.63,26.32,42.11,0.89,2.47,5.26,31.58,2.05,33,26.6,35,0.92,21,0.55,56,1.47,34,0.89,1,4,118,0.0,1.45
La Liga,2013-2014,CELTA VIGO,1.21,1.21,31.58,21.05,1.37,1.63,42.11,52.63,1.42,26,25.0,47,1.24,32,0.84,79,2.08,45,1.18,2,3,86,0.0,2.03
La Liga,2013-2014,ELCHE,0.68,0.63,31.58,47.37,0.89,2.0,15.79,36.84,1.32,28,27.2,30,0.79,22,0.58,52,1.37,26,0.68,4,6,121,0.0,1.26
La Liga,2013-2014,ESPANYOL,1.21,1.16,36.84,47.37,0.95,1.53,21.05,52.63,1.34,24,26.7,40,1.05,30,0.79,70,1.84,35,0.92,5,6,100,0.0,1.71
La Liga,2013-2014,GETAFE,1.05,1.26,31.58,42.11,0.79,1.58,26.32,31.58,1.42,28,27.7,34,0.89,30,0.79,64,1.68,32,0.84,2,3,129,0.0,1.63
La Liga,2013-2014,GRANADA,0.95,1.16,36.84,47.37,0.74,1.79,26.32,36.84,1.47,26,26.3,31,0.82,22,0.58,53,1.39,28,0.74,3,6,109,0.0,1.32
La Liga,2013-2014,LEVANTE,1.0,0.84,36.84,36.84,0.84,1.42,26.32,47.37,1.13,28,28.9,33,0.87,19,0.5,52,1.37,29,0.76,4,8,116,0.0,1.26
La Liga,2013-2014,MÁLAGA,1.26,1.11,42.11,63.16,0.79,1.32,21.05,26.32,1.21,28,27.0,39,1.03,30,0.79,69,1.82,37,0.97,2,3,128,0.0,1.76
La Liga,2013-2014,OSASUNA,1.05,1.32,31.58,36.84,0.63,1.95,21.05,42.11,1.63,25,28.0,31,0.82,15,0.39,46,1.21,31,0.82,0,0,91,0.0,1.21
La Liga,2013-2014,RAYO VALLECANO,1.47,1.89,42.11,36.84,0.95,2.32,26.32,26.32,2.11,30,25.8,45,1.18,30,0.79,75,1.97,38,1.0,7,9,102,0.0,1.79
La Liga,2013-2014,REAL MADRID,3.32,0.89,84.21,15.79,2.16,1.11,57.89,47.37,1.0,25,26.4,103,2.71,78,2.05,181,4.76,97,2.55,6,6,76,0.0,4.61
La Liga,2013-2014,REAL SOCIEDAD,2.0,1.0,57.89,36.84,1.26,1.89,26.32,36.84,1.45,27,25.8,59,1.55,44,1.16,103,2.71,57,1.5,2,2,76,0.0,2.66
La Liga,2013-2014,SEVILLA,2.11,1.11,57.89,31.58,1.53,1.63,36.84,42.11,1.37,31,25.9,68,1.79,47,1.24,115,3.03,61,1.61,7,10,121,0.0,2.84
La Liga,2013-2014,VALENCIA,1.84,1.26,52.63,57.89,0.84,1.53,15.79,36.84,1.39,31,26.1,51,1.34,35,0.92,86,2.26,49,1.29,2,3,102,0.0,2.21
La Liga,2013-2014,VALLADOLID,1.05,0.89,31.58,42.11,0.95,2.26,5.26,21.05,1.58,25,27.7,37,0.97,28,0.74,65,1.71,36,0.95,1,2,103,0.0,1.68
La Liga,2013-2014,VILLARREAL,1.89,1.11,47.37,26.32,1.26,1.21,42.11,52.63,1.16,25,25.2,58,1.53,42,1.11,100,2.63,53,1.39,5,6,77,0.0,2.5
La Liga,2014-2015,ALMERÍA,1.05,1.47,15.79,36.84,0.79,1.89,26.32,57.89,1.68,27,26.1,33,0.87,22,0.58,55,1.45,28,0.74,5,6,124,0.0,1.32
La Liga,2014-2015,ATHLETIC CLUB,1.47,1.05,42.11,36.84,0.74,1.11,36.84,52.63,1.08,26,26.8,41,1.08,26,0.68,67,1.76,36,0.95,5,5,103,0.0,1.63
La Liga,2014-2015,ATLÉTICO MADRID,2.21,0.58,73.68,15.79,1.32,0.95,47.37,31.58,0.76,25,27.5,65,1.71,48,1.26,113,2.97,60,1.58,5,6,118,0.0,2.84
La Liga,2014-2015,BARCELONA,3.37,0.58,84.21,21.05,2.42,0.53,73.68,31.58,0.55,24,27.7,107,2.82,79,2.08,186,4.89,101,2.66,6,7,69,0.0,4.74
La Liga,2014-2015,CELTA VIGO,1.58,1.16,42.11,42.11,0.89,1.16,26.32,47.37,1.16,23,26.3,47,1.24,33,0.87,80,2.11,43,1.13,4,6,120,0.0,2.0
La Liga,2014-2015,CÓRDOBA,0.63,1.74,5.26,36.84,0.53,1.84,10.53,26.32,1.79,33,25.7,21,0.55,12,0.32,33,0.87,19,0.5,2,3,106,0.0,0.82
La Liga,2014-2015,EIBAR,1.05,1.53,26.32,47.37,0.74,1.37,21.05,42.11,1.45,23,27.6,33,0.87,25,0.66,58,1.53,31,0.82,2,2,110,0.0,1.47
La Liga,2014-2015,ELCHE,1.0,1.63,31.58,42.11,0.84,1.63,26.32,36.84,1.63,24,26.3,35,0.92,25,0.66,60,1.58,31,0.82,4,7,113,0.0,1.47
La Liga,2014-2015,ESPANYOL,1.21,1.0,42.11,42.11,1.26,1.68,26.32,31.58,1.34,27,26.9,47,1.24,29,0.76,76,2.0,43,1.13,4,4,125,0.0,1.89
La Liga,2014-2015,GETAFE,0.84,1.16,31.58,63.16,0.89,2.21,21.05,47.37,1.68,27,26.9,32,0.84,25,0.66,57,1.5,31,0.82,1,2,98,0.0,1.47
La Liga,2014-2015,GRANADA,0.68,0.89,21.05,31.58,0.84,2.47,15.79,26.32,1.68,34,26.6,29,0.76,17,0.45,46,1.21,23,0.61,6,6,115,0.0,1.05
La Liga,2014-2015,LA CORUÑA,1.16,1.58,26.32,36.84,0.68,1.58,10.53,26.32,1.58,27,26.9,33,0.87,17,0.45,50,1.32,29,0.76,4,7,111,0.0,1.21
La Liga,2014-2015,LEVANTE,1.05,1.58,31.58,36.84,0.74,1.95,15.79,26.32,1.76,29,28.0,34,0.89,22,0.58,56,1.47,31,0.82,3,4,107,0.0,1.39
La Liga,2014-2015,MÁLAGA,1.37,1.05,42.11,52.63,0.84,1.47,31.58,63.16,1.26,23,26.6,40,1.05,27,0.71,67,1.76,36,0.95,4,7,112,0.0,1.66
La Liga,2014-2015,RAYO VALLECANO,1.37,1.37,42.11,42.11,1.05,2.21,36.84,36.84,1.79,28,27.2,46,1.21,33,0.87,79,2.08,44,1.16,2,3,113,0.0,2.03
La Liga,2014-2015,REAL MADRID,3.42,0.79,84.21,10.53,2.79,1.21,73.68,31.58,1.0,24,26.4,116,3.05,91,2.39,207,5.45,105,2.76,11,13,87,0.0,5.16
La Liga,2014-2015,REAL SOCIEDAD,1.53,1.11,47.37,47.37,0.79,1.58,10.53,21.05,1.34,25,26.5,41,1.08,35,0.92,76,2.0,38,1.0,3,3,89,0.0,1.92
La Liga,2014-2015,SEVILLA,2.0,0.68,68.42,31.58,1.74,1.68,52.63,47.37,1.18,26,26.2,68,1.79,45,1.18,113,2.97,60,1.58,8,10,118,0.0,2.76
La Liga,2014-2015,VALENCIA,2.21,0.53,78.95,21.05,1.47,1.16,36.84,31.58,0.84,24,24.8,66,1.74,48,1.26,114,3.0,61,1.61,5,7,112,0.0,2.87
La Liga,2014-2015,VILLARREAL,1.53,0.89,63.16,36.84,1.0,1.05,21.05,15.79,0.97,28,25.0,48,1.26,34,0.89,82,2.16,46,1.21,2,2,96,0.0,2.11
La Liga,2015-2016,ATHLETIC CLUB,1.84,0.89,57.89,36.84,1.21,1.47,36.84,26.32,1.18,25,27.7,57,1.5,42,1.11,99,2.61,54,1.42,3,5,86,6.0,2.53
La Liga,2015-2016,ATLÉTICO MADRID,1.74,0.37,78.95,47.37,1.58,0.58,68.42,47.37,0.47,25,25.9,62,1.63,47,1.24,109,2.87,61,1.61,1,2,94,3.0,2.84
La Liga,2015-2016,BARCELONA,3.53,0.74,84.21,31.58,2.37,0.79,68.42,31.58,0.76,25,28.0,109,2.87,74,1.95,183,4.82,98,2.58,11,19,67,1.0,4.53
La Liga,2015-2016,BETIS,0.89,1.21,31.58,42.11,0.89,1.53,26.32,31.58,1.37,29,27.4,34,0.89,25,0.66,59,1.55,31,0.82,3,4,114,5.0,1.47
La Liga,2015-2016,CELTA VIGO,1.53,1.32,47.37,42.11,1.16,1.79,42.11,42.11,1.55,27,26.1,50,1.32,41,1.08,91,2.39,46,1.21,4,5,115,8.0,2.29
La Liga,2015-2016,EIBAR,1.37,1.16,42.11,31.58,1.21,2.05,15.79,15.79,1.61,28,25.6,47,1.24,31,0.82,78,2.05,41,1.08,6,8,108,4.0,1.89
La Liga,2015-2016,ESPANYOL,1.16,1.47,47.37,42.11,0.95,2.42,15.79,36.84,1.95,26,24.9,38,1.0,29,0.76,67,1.76,37,0.97,1,3,132,5.0,1.74
La Liga,2015-2016,GETAFE,1.21,1.05,31.58,31.58,0.74,2.47,15.79,26.32,1.76,27,26.7,36,0.95,31,0.82,67,1.76,35,0.92,1,2,129,6.0,1.74
La Liga,2015-2016,GRANADA,1.37,1.63,31.58,26.32,1.05,2.0,21.05,42.11,1.82,28,25.9,45,1.18,26,0.68,71,1.87,38,1.0,7,7,141,7.0,1.68
La Liga,2015-2016,LA CORUÑA,1.32,1.79,21.05,21.05,1.05,1.42,21.05,10.53,1.61,25,28.2,41,1.08,31,0.82,72,1.89,40,1.05,1,1,86,4.0,1.87
La Liga,2015-2016,LAS PALMAS,1.32,0.89,42.11,31.58,1.05,1.89,21.05,47.37,1.39,27,27.6,42,1.11,31,0.82,73,1.92,38,1.0,4,5,100,4.0,1.82
La Liga,2015-2016,LEVANTE,1.21,1.37,36.84,52.63,0.74,2.32,5.26,21.05,1.84,27,27.2,36,0.95,23,0.61,59,1.55,34,0.89,2,2,134,7.0,1.5
La Liga,2015-2016,MÁLAGA,1.37,0.79,42.11,36.84,0.63,1.05,21.05,57.89,0.92,30,28.0,37,0.97,27,0.71,64,1.68,35,0.92,2,4,110,5.0,1.63
La Liga,2015-2016,RAYO VALLECANO,1.53,1.53,42.11,26.32,1.21,2.32,5.26,47.37,1.92,29,28.5,52,1.37,38,1.0,90,2.37,50,1.32,2,3,115,10.0,2.32
La Liga,2015-2016,REAL MADRID,3.68,0.84,84.21,15.79,2.11,0.95,63.16,42.11,0.89,24,26.5,108,2.84,86,2.26,194,5.11,102,2.68,6,9,75,5.0,4.95
La Liga,2015-2016,REAL SOCIEDAD,1.16,1.05,36.84,47.37,1.21,1.47,31.58,31.58,1.26,27,25.3,44,1.16,31,0.82,75,1.97,43,1.13,1,1,109,5.0,1.95
La Liga,2015-2016,SEVILLA,2.0,1.11,73.68,42.11,0.68,1.53,0.0,31.58,1.32,33,26.9,50,1.32,35,0.92,85,2.24,44,1.16,6,7,106,8.0,2.08
La Liga,2015-2016,SPORTING GIJÓN,1.47,1.47,36.84,36.84,0.63,1.79,15.79,36.84,1.63,28,24.5,39,1.03,29,0.76,68,1.79,38,1.0,1,2,107,6.0,1.76
La Liga,2015-2016,VALENCIA,1.32,1.21,31.58,26.32,1.11,1.32,26.32,63.16,1.26,30,24.7,42,1.11,27,0.71,69,1.82,38,1.0,4,5,110,7.0,1.71
La Liga,2015-2016,VILLARREAL,1.37,0.63,63.16,47.37,0.95,1.21,31.58,26.32,0.92,26,25.3,42,1.11,32,0.84,74,1.95,39,1.03,3,3,103,4.0,1.87
La Liga,2016-2017,ALAVÉS,1.0,1.11,36.84,36.84,1.16,1.16,36.84,47.37,1.13,25,25.4,41,1.08,27,0.71,68,1.79,37,0.97,4,4,120,5.0,1.68
La Liga,2016-2017,ATHLETIC CLUB,1.89,0.95,68.42,52.63,0.89,1.32,31.58,52.63,1.13,25,26.8,53,1.39,31,0.82,84,2.21,45,1.18,8,8,89,2.0,2.0
La Liga,2016-2017,ATLÉTICO MADRID,2.11,0.74,73.68,42.11,1.58,0.68,47.37,15.79,0.71,22,26.9,70,1.84,54,1.42,124,3.26,68,1.79,2,7,85,3.0,3.21
La Liga,2016-2017,BARCELONA,3.37,0.89,78.95,21.05,2.74,1.05,68.42,36.84,0.97,25,26.9,113,2.97,71,1.87,184,4.84,105,2.76,8,9,75,1.0,4.63
La Liga,2016-2017,BETIS,1.16,1.26,31.58,31.58,1.0,2.11,21.05,57.89,1.68,27,26.1,41,1.08,27,0.71,68,1.79,39,1.03,2,2,106,5.0,1.74
La Liga,2016-2017,CELTA VIGO,1.58,1.68,47.37,36.84,1.21,1.95,21.05,42.11,1.82,27,26.1,52,1.37,33,0.87,85,2.24,45,1.18,7,7,111,8.0,2.05
La Liga,2016-2017,EIBAR,1.53,1.11,52.63,31.58,1.42,1.58,26.32,36.84,1.34,24,26.9,53,1.39,34,0.89,87,2.29,47,1.24,6,8,96,7.0,2.13
La Liga,2016-2017,ESPANYOL,1.47,1.26,42.11,36.84,1.11,1.37,36.84,42.11,1.32,27,27.2,48,1.26,36,0.95,84,2.21,46,1.21,2,4,82,2.0,2.16
La Liga,2016-2017,GRANADA,0.89,1.68,21.05,42.11,0.68,2.63,0.0,21.05,2.16,35,24.7,30,0.79,19,0.5,49,1.29,30,0.79,0,1,116,6.0,1.29
La Liga,2016-2017,LA CORUÑA,1.42,1.21,36.84,47.37,0.84,2.0,5.26,31.58,1.61,28,27.7,42,1.11,29,0.76,71,1.87,39,1.03,3,7,97,4.0,1.79
La Liga,2016-2017,LAS PALMAS,1.74,1.32,47.37,31.58,1.05,2.58,5.26,36.84,1.95,29,27.3,52,1.37,34,0.89,86,2.26,46,1.21,6,6,106,6.0,2.11
La Liga,2016-2017,LEGANÉS,1.16,1.21,26.32,21.05,0.74,1.68,15.79,42.11,1.45,31,26.3,36,0.95,24,0.63,60,1.58,33,0.87,3,4,107,3.0,1.5
La Liga,2016-2017,MÁLAGA,1.68,1.32,52.63,42.11,0.89,1.58,10.53,26.32,1.45,29,26.0,48,1.26,33,0.87,81,2.13,45,1.18,3,5,116,7.0,2.05
La Liga,2016-2017,OSASUNA,1.21,2.05,10.53,36.84,0.89,2.89,10.53,15.79,2.47,35,26.3,37,0.97,24,0.63,61,1.61,33,0.87,4,6,100,3.0,1.5
La Liga,2016-2017,REAL MADRID,2.53,1.05,73.68,42.11,3.05,1.11,78.95,26.32,1.08,24,27.0,106,2.79,83,2.18,189,4.97,100,2.63,6,8,76,2.0,4.82
La Liga,2016-2017,REAL SOCIEDAD,1.58,1.26,52.63,36.84,1.53,1.53,47.37,47.37,1.39,27,26.0,56,1.47,39,1.03,95,2.5,49,1.29,7,8,89,6.0,2.32
La Liga,2016-2017,SEVILLA,2.05,0.84,73.68,47.37,1.58,1.74,36.84,31.58,1.29,28,26.8,67,1.76,48,1.26,115,3.03,64,1.68,3,5,109,4.0,2.95
La Liga,2016-2017,SPORTING GIJÓN,1.37,2.0,26.32,42.11,0.84,1.79,10.53,42.11,1.89,29,26.4,42,1.11,26,0.68,68,1.79,38,1.0,4,7,116,4.0,1.68
La Liga,2016-2017,VALENCIA,1.68,1.68,42.11,42.11,1.26,1.74,26.32,52.63,1.71,31,25.9,53,1.39,38,1.0,91,2.39,49,1.29,4,6,114,6.0,2.29
La Liga,2016-2017,VILLARREAL,1.84,0.95,57.89,26.32,1.11,0.79,42.11,42.11,0.87,27,26.7,55,1.45,36,0.95,91,2.39,49,1.29,6,8,91,4.0,2.24
La Liga,2017-2018,ALAVÉS,1.11,1.21,47.37,57.89,1.0,1.42,31.58,52.63,1.32,30,25.5,40,1.05,31,0.82,71,1.87,39,1.03,1,3,109,4.0,1.84
La Liga,2017-2018,ATHLETIC CLUB,1.0,0.84,31.58,26.32,1.16,1.74,21.05,26.32,1.29,26,26.7,39,1.03,25,0.66,64,1.68,33,0.87,6,8,93,0.0,1.53
La Liga,2017-2018,ATLÉTICO MADRID,1.58,0.42,63.16,26.32,1.47,0.74,57.89,57.89,0.58,26,26.6,57,1.5,41,1.08,98,2.58,53,1.39,4,5,96,5.0,2.47
La Liga,2017-2018,BARCELONA,2.79,0.58,84.21,26.32,2.42,0.95,63.16,10.53,0.76,25,27.7,96,2.53,74,1.95,170,4.47,93,2.45,3,5,67,2.0,4.39
La Liga,2017-2018,BETIS,1.84,1.63,52.63,36.84,1.32,1.58,42.11,42.11,1.61,29,27.1,56,1.47,43,1.13,99,2.61,54,1.42,2,3,91,3.0,2.55
La Liga,2017-2018,CELTA VIGO,1.79,1.21,42.11,36.84,1.32,1.95,26.32,52.63,1.58,23,25.7,57,1.5,45,1.18,102,2.68,55,1.45,2,3,85,1.0,2.63
La Liga,2017-2018,EIBAR,1.37,1.0,42.11,47.37,0.95,1.63,31.58,31.58,1.32,27,27.4,43,1.13,31,0.82,74,1.95,41,1.08,2,3,86,3.0,1.89
La Liga,2017-2018,ESPANYOL,1.05,0.84,42.11,47.37,0.84,1.37,21.05,31.58,1.11,25,26.8,33,0.87,24,0.63,57,1.5,31,0.82,2,3,88,1.0,1.45
La Liga,2017-2018,GETAFE,1.37,0.68,47.37,52.63,0.84,1.05,31.58,52.63,0.87,32,28.2,41,1.08,27,0.71,68,1.79,36,0.95,5,12,134,5.0,1.66
La Liga,2017-2018,GIRONA,1.37,1.16,42.11,47.37,1.26,1.95,31.58,36.84,1.55,25,26.3,50,1.32,31,0.82,81,2.13,44,1.16,6,8,102,0.0,1.97
La Liga,2017-2018,LA CORUÑA,1.16,1.74,21.05,42.11,0.84,2.26,10.53,31.58,2.0,32,28.2,38,1.0,30,0.79,68,1.79,35,0.92,3,5,100,2.0,1.71
La Liga,2017-2018,LAS PALMAS,0.79,2.0,21.05,47.37,0.47,1.89,5.26,31.58,1.95,36,27.0,24,0.63,15,0.39,39,1.03,18,0.47,6,8,89,3.0,0.87
La Liga,2017-2018,LEGANÉS,1.0,1.0,47.37,52.63,0.79,1.68,15.79,47.37,1.34,28,27.8,32,0.84,23,0.61,55,1.45,30,0.79,2,3,105,5.0,1.39
La Liga,2017-2018,LEVANTE,1.32,1.47,36.84,47.37,1.0,1.58,21.05,15.79,1.53,33,25.7,43,1.13,28,0.74,71,1.87,38,1.0,5,5,111,6.0,1.74
La Liga,2017-2018,MÁLAGA,0.74,1.42,21.05,52.63,0.53,1.79,5.26,52.63,1.61,37,27.2,23,0.61,15,0.39,38,1.0,19,0.5,4,6,101,8.0,0.89
La Liga,2017-2018,REAL MADRID,2.84,1.05,63.16,21.05,2.11,1.26,52.63,36.84,1.16,24,27.1,91,2.39,65,1.71,156,4.11,83,2.18,8,10,67,4.0,3.89
La Liga,2017-2018,REAL SOCIEDAD,2.47,1.53,52.63,26.32,1.0,1.58,21.05,47.37,1.55,27,25.9,64,1.68,47,1.24,111,2.92,60,1.58,4,5,64,5.0,2.82
La Liga,2017-2018,SEVILLA,1.63,1.16,57.89,36.84,0.95,1.89,31.58,52.63,1.53,31,27.1,48,1.26,35,0.92,83,2.18,44,1.16,4,5,99,3.0,2.08
La Liga,2017-2018,VALENCIA,1.89,0.84,68.42,47.37,1.53,1.16,47.37,63.16,1.0,25,24.8,63,1.66,45,1.18,108,2.84,55,1.45,8,8,107,5.0,2.63
La Liga,2017-2018,VILLARREAL,1.84,1.16,57.89,36.84,1.16,1.47,36.84,42.11,1.32,32,26.6,56,1.47,45,1.18,101,2.66,52,1.37,4,5,117,6.0,2.55
La Liga,2018-2019,ALAVÉS,1.0,1.0,36.84,42.11,1.05,1.63,31.58,42.11,1.32,26,26.7,39,1.03,27,0.71,66,1.74,37,0.97,2,3,101,1.0,1.68
La Liga,2018-2019,ATHLETIC CLUB,1.37,1.0,47.37,31.58,0.79,1.37,21.05,47.37,1.18,27,27.6,39,1.03,26,0.68,65,1.71,34,0.89,5,7,120,4.0,1.58
La Liga,2018-2019,ATLÉTICO MADRID,1.68,0.53,78.95,42.11,1.21,1.0,36.84,21.05,0.76,29,26.4,53,1.39,36,0.95,89,2.34,50,1.32,3,4,103,5.0,2.26
La Liga,2018-2019,BARCELONA,2.68,0.89,78.95,21.05,2.05,1.0,57.89,31.58,0.95,30,27.7,88,2.32,61,1.61,149,3.92,80,2.11,8,9,77,2.0,3.71
La Liga,2018-2019,BETIS,1.32,1.37,42.11,57.89,1.0,1.37,31.58,52.63,1.37,25,26.7,43,1.13,30,0.79,73,1.92,38,1.0,5,7,89,1.0,1.79
La Liga,2018-2019,CELTA VIGO,1.63,1.32,42.11,36.84,1.16,1.95,10.53,36.84,1.63,28,25.5,52,1.37,37,0.97,89,2.34,45,1.18,7,7,84,6.0,2.16
La Liga,2018-2019,EIBAR,1.63,1.11,47.37,47.37,0.79,1.53,10.53,36.84,1.32,25,28.5,46,1.21,26,0.68,72,1.89,39,1.03,7,8,82,2.0,1.71
La Liga,2018-2019,ESPANYOL,1.47,1.16,57.89,36.84,1.05,1.47,15.79,31.58,1.32,25,27.7,43,1.13,26,0.68,69,1.82,39,1.03,4,4,92,2.0,1.71
La Liga,2018-2019,GETAFE,1.47,0.68,57.89,36.84,1.05,1.16,21.05,21.05,0.92,26,27.5,47,1.24,34,0.89,81,2.13,41,1.08,6,6,111,7.0,1.97
La Liga,2018-2019,GIRONA,0.89,1.47,15.79,52.63,1.05,1.32,31.58,42.11,1.39,26,26.6,37,0.97,23,0.61,60,1.58,31,0.82,6,6,83,4.0,1.42
La Liga,2018-2019,HUESCA,1.26,1.58,26.32,36.84,1.0,1.84,10.53,47.37,1.71,30,26.7,43,1.13,28,0.74,71,1.87,37,0.97,6,7,114,3.0,1.71
La Liga,2018-2019,LEGANÉS,1.0,0.84,36.84,42.11,0.95,1.42,21.05,42.11,1.13,29,26.6,36,0.95,25,0.66,61,1.61,33,0.87,3,5,106,4.0,1.53
La Liga,2018-2019,LEVANTE,1.79,1.79,31.58,15.79,1.32,1.68,26.32,52.63,1.74,26,26.3,56,1.47,39,1.03,95,2.5,51,1.34,5,7,112,7.0,2.37
La Liga,2018-2019,RAYO VALLECANO,1.32,1.68,26.32,42.11,0.84,2.0,15.79,57.89,1.84,29,26.6,40,1.05,24,0.63,64,1.68,35,0.92,5,5,106,8.0,1.55
La Liga,2018-2019,REAL MADRID,1.68,0.79,68.42,42.11,1.63,1.63,42.11,31.58,1.21,27,27.1,61,1.61,39,1.03,100,2.63,52,1.37,9,9,83,6.0,2.39
La Liga,2018-2019,REAL SOCIEDAD,1.21,1.05,36.84,52.63,1.16,1.37,31.58,36.84,1.21,30,24.9,44,1.16,27,0.71,71,1.87,36,0.95,8,10,82,4.0,1.66
La Liga,2018-2019,SEVILLA,2.05,1.05,63.16,31.58,1.21,1.42,26.32,26.32,1.24,27,27.9,60,1.58,47,1.24,107,2.82,55,1.45,5,6,118,6.0,2.68
La Liga,2018-2019,VALENCIA,1.26,0.63,36.84,21.05,1.42,1.21,42.11,42.11,0.92,25,26.4,50,1.32,38,1.0,88,2.32,45,1.18,5,7,90,3.0,2.18
La Liga,2018-2019,VALLADOLID,0.84,1.37,26.32,47.37,0.84,1.32,26.32,47.37,1.34,28,27.4,31,0.82,19,0.5,50,1.32,27,0.71,4,7,92,0.0,1.21
La Liga,2018-2019,VILLARREAL,1.47,1.37,26.32,47.37,1.11,1.37,26.32,36.84,1.37,26,27.1,47,1.24,34,0.89,81,2.13,44,1.16,3,6,118,3.0,2.05
La Liga,2019-2020,ALAVÉS,1.05,1.0,36.84,36.84,0.74,2.11,15.79,31.58,1.55,32,27.6,34,0.89,20,0.53,54,1.42,28,0.74,6,6,111,7.0,1.26
La Liga,2019-2020,ATHLETIC CLUB,1.11,0.74,47.37,42.11,1.05,1.26,21.05,36.84,1.0,26,26.7,40,1.05,23,0.61,63,1.66,32,0.84,8,10,90,2.0,1.45
La Liga,2019-2020,ATLÉTICO MADRID,1.47,0.58,63.16,42.11,1.21,0.84,31.58,21.05,0.71,30,26.1,50,1.32,35,0.92,85,2.24,44,1.16,6,8,93,3.0,2.08
La Liga,2019-2020,BARCELONA,2.74,0.84,84.21,42.11,1.79,1.16,47.37,26.32,1.0,28,27.8,84,2.21,62,1.63,146,3.84,78,2.05,6,6,92,6.0,3.68
La Liga,2019-2020,BETIS,1.79,1.42,47.37,57.89,0.74,1.74,5.26,31.58,1.58,27,27.5,48,1.26,35,0.92,83,2.18,42,1.11,6,8,108,9.0,2.03
La Liga,2019-2020,CELTA VIGO,1.16,1.05,26.32,42.11,0.79,1.53,10.53,26.32,1.29,30,25.8,37,0.97,26,0.68,63,1.66,31,0.82,6,9,104,6.0,1.5
La Liga,2019-2020,EIBAR,1.32,1.32,42.11,36.84,0.74,1.63,15.79,36.84,1.47,26,29.3,38,1.0,24,0.63,62,1.63,31,0.82,7,10,92,3.0,1.45
La Liga,2019-2020,ESPANYOL,0.79,1.63,10.53,26.32,0.63,1.42,15.79,52.63,1.53,31,27.7,25,0.66,17,0.45,42,1.11,21,0.55,4,4,107,9.0,1.0
La Liga,2019-2020,GETAFE,1.32,1.05,42.11,10.53,0.95,0.89,31.58,52.63,0.97,30,27.5,42,1.11,31,0.82,73,1.92,36,0.95,6,7,135,5.0,1.76
La Liga,2019-2020,GRANADA,1.37,0.84,52.63,68.42,1.37,1.53,31.58,21.05,1.18,27,26.8,50,1.32,34,0.89,84,2.21,45,1.18,5,5,109,1.0,2.08
La Liga,2019-2020,LEGANÉS,0.89,1.37,26.32,52.63,0.68,1.32,15.79,36.84,1.34,29,26.9,30,0.79,19,0.5,49,1.29,27,0.71,3,5,127,4.0,1.21
La Liga,2019-2020,LEVANTE,1.42,1.0,47.37,42.11,1.05,1.79,26.32,57.89,1.39,29,27.7,45,1.18,28,0.74,73,1.92,40,1.05,5,5,79,5.0,1.79
La Liga,2019-2020,MALLORCA,1.32,1.16,42.11,42.11,0.79,2.26,5.26,31.58,1.71,32,26.8,39,1.03,21,0.55,60,1.58,31,0.82,8,10,93,5.0,1.37
La Liga,2019-2020,OSASUNA,1.37,1.53,36.84,31.58,1.05,1.32,31.58,31.58,1.42,31,27.7,46,1.21,26,0.68,72,1.89,38,1.0,8,8,110,6.0,1.68
La Liga,2019-2020,REAL MADRID,2.11,0.58,78.95,26.32,1.58,0.74,57.89,52.63,0.66,26,27.6,69,1.82,52,1.37,121,3.18,58,1.53,11,11,82,4.0,2.89
La Liga,2019-2020,REAL SOCIEDAD,1.74,1.05,47.37,47.37,1.21,1.47,36.84,52.63,1.26,27,24.8,54,1.42,38,1.0,92,2.42,50,1.32,4,5,79,2.0,2.32
La Liga,2019-2020,SEVILLA,1.37,0.74,52.63,42.11,1.47,1.05,47.37,42.11,0.89,26,27.7,53,1.39,35,0.92,88,2.32,46,1.21,7,7,97,1.0,2.13
La Liga,2019-2020,VALENCIA,1.53,0.84,57.89,36.84,0.89,1.95,15.79,36.84,1.39,28,27.0,45,1.18,34,0.89,79,2.08,40,1.05,5,8,80,8.0,1.95
La Liga,2019-2020,VALLADOLID,0.95,0.79,26.32,26.32,0.74,1.47,21.05,36.84,1.13,30,27.1,31,0.82,19,0.5,50,1.32,28,0.74,3,6,84,0.0,1.24
La Liga,2019-2020,VILLARREAL,1.95,1.32,47.37,31.58,1.37,1.26,47.37,68.42,1.29,25,27.6,62,1.63,40,1.05,102,2.68,52,1.37,10,11,78,1.0,2.42
La Liga,2020-2021,ALAVÉS,1.11,1.32,31.58,47.37,0.79,1.68,15.79,31.58,1.5,30,28.7,35,0.92,21,0.55,56,1.47,30,0.79,5,8,96,8.0,1.34
La Liga,2020-2021,ATHLETIC CLUB,1.53,1.0,42.11,42.11,0.89,1.21,15.79,42.11,1.11,27,26.6,43,1.13,31,0.82,74,1.95,39,1.03,4,5,82,3.0,1.84
La Liga,2020-2021,ATLÉTICO MADRID,2.16,0.58,78.95,31.58,1.37,0.74,57.89,42.11,0.66,25,27.3,65,1.71,54,1.42,119,3.13,60,1.58,5,7,100,0.0,3.0
La Liga,2020-2021,BARCELONA,2.32,1.05,57.89,31.58,2.16,0.95,68.42,52.63,1.0,25,26.4,80,2.11,51,1.34,131,3.45,76,2.0,4,8,72,2.0,3.34
La Liga,2020-2021,BETIS,1.42,1.11,52.63,47.37,1.21,1.53,36.84,31.58,1.32,25,27.9,50,1.32,35,0.92,85,2.24,42,1.11,8,11,93,8.0,2.03
La Liga,2020-2021,CELTA VIGO,1.58,1.58,47.37,31.58,1.32,1.42,26.32,21.05,1.5,30,26.6,55,1.45,39,1.03,94,2.47,48,1.26,7,7,109,5.0,2.29
La Liga,2020-2021,CÁDIZ,0.89,1.58,26.32,31.58,1.0,1.47,31.58,36.84,1.53,34,28.8,33,0.87,16,0.42,49,1.29,29,0.76,4,4,81,3.0,1.18
La Liga,2020-2021,EIBAR,0.63,1.11,10.53,31.58,0.89,1.63,21.05,47.37,1.37,30,28.2,29,0.76,20,0.53,49,1.29,25,0.66,4,9,71,3.0,1.18
La Liga,2020-2021,ELCHE,0.95,1.21,26.32,31.58,0.84,1.68,15.79,26.32,1.45,30,28.1,33,0.87,25,0.66,58,1.53,31,0.82,2,3,99,3.0,1.47
La Liga,2020-2021,GETAFE,0.79,0.68,31.58,52.63,0.68,1.58,15.79,26.32,1.13,31,26.7,27,0.71,14,0.37,41,1.08,24,0.63,3,5,120,7.0,1.0
La Liga,2020-2021,GRANADA,1.32,1.32,47.37,36.84,1.16,2.11,21.05,47.37,1.71,34,27.4,47,1.24,30,0.79,77,2.03,44,1.16,3,5,97,6.0,1.95
La Liga,2020-2021,HUESCA,0.89,1.11,26.32,42.11,0.89,1.68,10.53,31.58,1.39,27,28.0,32,0.84,23,0.61,55,1.45,29,0.76,3,4,69,2.0,1.37
La Liga,2020-2021,LEVANTE,1.42,1.58,26.32,31.58,1.0,1.42,21.05,42.11,1.5,29,28.0,45,1.18,35,0.92,80,2.11,42,1.11,3,6,68,1.0,2.03
La Liga,2020-2021,OSASUNA,1.11,1.21,36.84,21.05,0.84,1.32,21.05,47.37,1.26,28,27.9,36,0.95,25,0.66,61,1.61,31,0.82,5,6,80,5.0,1.47
La Liga,2020-2021,REAL MADRID,1.74,0.68,68.42,36.84,1.79,0.79,63.16,26.32,0.74,30,27.9,64,1.68,53,1.39,117,3.08,61,1.61,3,3,59,2.0,3.0
La Liga,2020-2021,REAL SOCIEDAD,1.79,1.11,47.37,21.05,1.32,0.89,42.11,57.89,1.0,30,25.0,58,1.53,39,1.03,97,2.55,49,1.29,9,12,81,1.0,2.32
La Liga,2020-2021,SEVILLA,1.42,0.58,73.68,63.16,1.37,1.16,52.63,52.63,0.87,26,28.1,52,1.37,36,0.95,88,2.32,46,1.21,6,7,79,2.0,2.16
La Liga,2020-2021,VALENCIA,1.79,1.21,42.11,31.58,0.84,1.58,10.53,47.37,1.39,30,25.2,48,1.26,35,0.92,83,2.18,40,1.05,8,10,82,5.0,1.97
La Liga,2020-2021,VALLADOLID,1.0,1.58,15.79,42.11,0.79,1.42,10.53,21.05,1.5,32,28.1,34,0.89,21,0.55,55,1.45,27,0.71,7,8,93,4.0,1.26
La Liga,2020-2021,VILLARREAL,1.53,1.21,42.11,42.11,1.63,1.11,36.84,15.79,1.16,29,28.0,57,1.5,33,0.87,90,2.37,45,1.18,12,13,67,5.0,2.05
La Liga,2021-2022,ALAVÉS,0.89,1.11,36.84,68.42,0.74,2.32,5.26,31.58,1.71,33,27.9,29,0.76,20,0.53,49,1.29,23,0.61,6,7,93,4.0,1.13
La Liga,2021-2022,ATHLETIC CLUB,1.53,0.95,52.63,47.37,0.74,0.95,21.05,42.11,0.95,26,26.9,40,1.05,34,0.89,74,1.95,37,0.97,3,7,90,4.0,1.87
La Liga,2021-2022,ATLÉTICO MADRID,1.74,0.84,63.16,47.37,1.68,1.42,47.37,47.37,1.13,26,28.1,63,1.66,45,1.18,108,2.84,59,1.55,4,5,111,7.0,2.74
La Liga,2021-2022,BARCELONA,1.95,1.0,63.16,47.37,1.63,1.0,47.37,36.84,1.0,38,26.2,68,1.79,52,1.37,120,3.16,62,1.63,6,7,97,5.0,3.0
La Liga,2021-2022,BETIS,1.79,1.16,52.63,31.58,1.47,0.95,47.37,31.58,1.05,31,28.9,60,1.58,45,1.18,105,2.76,54,1.42,6,6,87,6.0,2.61
La Liga,2021-2022,CELTA VIGO,1.37,1.21,36.84,47.37,0.89,1.05,26.32,26.32,1.13,25,28.4,43,1.13,29,0.76,72,1.89,40,1.05,3,6,87,3.0,1.82
La Liga,2021-2022,CÁDIZ,1.0,1.26,15.79,26.32,0.84,1.42,26.32,31.58,1.34,33,28.5,35,0.92,21,0.55,56,1.47,32,0.84,3,6,105,3.0,1.39
La Liga,2021-2022,ELCHE,1.26,1.11,36.84,36.84,0.84,1.63,21.05,63.16,1.37,28,29.1,39,1.03,29,0.76,68,1.79,38,1.0,1,1,104,6.0,1.76
La Liga,2021-2022,ESPANYOL,1.32,1.0,47.37,47.37,0.79,1.79,5.26,47.37,1.39,34,27.7,39,1.03,25,0.66,64,1.68,34,0.89,5,5,99,7.0,1.55
La Liga,2021-2022,GETAFE,1.11,0.79,36.84,42.11,0.63,1.37,5.26,26.32,1.08,31,26.6,31,0.82,26,0.68,57,1.5,28,0.74,3,5,121,8.0,1.42
La Liga,2021-2022,GRANADA,1.16,1.53,26.32,36.84,1.16,1.68,15.79,15.79,1.61,32,28.1,43,1.13,28,0.74,71,1.87,40,1.05,3,5,105,4.0,1.79
La Liga,2021-2022,LEVANTE,1.47,1.58,26.32,21.05,1.21,2.42,15.79,26.32,2.0,31,28.0,51,1.34,34,0.89,85,2.24,43,1.13,8,13,109,6.0,2.03
La Liga,2021-2022,MALLORCA,1.05,1.32,36.84,52.63,0.84,2.0,15.79,42.11,1.66,33,27.9,33,0.87,23,0.61,56,1.47,27,0.71,6,7,114,7.0,1.32
La Liga,2021-2022,OSASUNA,0.89,1.37,26.32,15.79,1.05,1.32,36.84,36.84,1.34,29,27.7,37,0.97,23,0.61,60,1.58,31,0.82,6,8,84,2.0,1.42
La Liga,2021-2022,RAYO VALLECANO,1.37,1.16,42.11,31.58,0.68,1.47,15.79,52.63,1.32,28,27.5,38,1.0,28,0.74,66,1.74,34,0.89,4,4,101,3.0,1.63
La Liga,2021-2022,REAL MADRID,2.32,0.68,68.42,21.05,1.89,0.95,68.42,57.89,0.82,31,27.7,80,2.11,59,1.55,139,3.66,72,1.89,8,12,76,0.0,3.45
La Liga,2021-2022,REAL SOCIEDAD,0.84,0.47,52.63,52.63,1.26,1.47,36.84,26.32,0.97,32,25.7,40,1.05,22,0.58,62,1.63,31,0.82,9,10,77,4.0,1.39
La Liga,2021-2022,SEVILLA,1.89,0.89,63.16,31.58,0.89,0.68,31.58,42.11,0.79,33,28.6,51,1.34,40,1.05,91,2.39,49,1.29,2,3,97,4.0,2.34
La Liga,2021-2022,VALENCIA,1.37,1.26,31.58,26.32,1.16,1.53,26.32,31.58,1.39,34,24.8,45,1.18,30,0.79,75,1.97,37,0.97,8,9,134,8.0,1.76
La Liga,2021-2022,VILLARREAL,2.11,0.95,52.63,21.05,1.21,1.0,31.58,36.84,0.97,29,28.0,62,1.63,51,1.34,113,2.97,57,1.5,5,6,81,1.0,2.84
La Liga,2022-2023,ALMERÍA,1.53,1.16,52.63,52.63,1.05,2.26,5.26,36.84,1.71,29,26.4,49,1.29,33,0.87,82,2.16,47,1.24,2,3,98,4.0,2.11
La Liga,2022-2023,ATHLETIC CLUB,1.16,0.79,42.11,57.89,1.32,1.47,31.58,31.58,1.13,26,27.4,46,1.21,33,0.87,79,2.08,41,1.08,5,7,81,5.0,1.95
La Liga,2022-2023,ATLÉTICO MADRID,2.16,0.79,68.42,36.84,1.53,0.95,52.63,57.89,0.87,27,28.5,68,1.79,51,1.34,119,3.13,67,1.76,1,1,92,8.0,3.11
La Liga,2022-2023,BARCELONA,1.95,0.21,78.95,36.84,1.74,0.84,68.42,57.89,0.53,29,25.9,69,1.82,56,1.47,125,3.29,69,1.82,0,2,84,6.0,3.29
La Liga,2022-2023,BETIS,1.37,0.95,47.37,47.37,1.05,1.21,42.11,63.16,1.08,30,28.6,43,1.13,26,0.68,69,1.82,35,0.92,8,9,83,15.0,1.61
La Liga,2022-2023,CELTA VIGO,1.37,1.11,36.84,47.37,0.89,1.68,21.05,42.11,1.39,26,26.7,41,1.08,31,0.82,72,1.89,39,1.03,2,3,85,6.0,1.84
La Liga,2022-2023,CÁDIZ,1.0,1.21,36.84,31.58,0.58,1.58,15.79,26.32,1.39,38,29.1,29,0.76,20,0.53,49,1.29,25,0.66,4,5,116,7.0,1.18
La Liga,2022-2023,ELCHE,0.95,1.53,15.79,36.84,0.63,2.0,10.53,36.84,1.76,32,28.3,30,0.79,21,0.55,51,1.34,26,0.68,4,5,99,12.0,1.24
La Liga,2022-2023,ESPANYOL,1.42,1.84,21.05,42.11,1.32,1.79,21.05,47.37,1.82,33,27.6,51,1.34,31,0.82,82,2.16,46,1.21,5,5,99,10.0,2.03
La Liga,2022-2023,GETAFE,1.11,1.05,36.84,52.63,0.68,1.32,15.79,42.11,1.18,25,27.4,34,0.89,21,0.55,55,1.45,29,0.76,5,8,126,9.0,1.32
La Liga,2022-2023,GIRONA,1.84,1.37,52.63,57.89,1.21,1.53,15.79,52.63,1.45,29,26.0,55,1.45,41,1.08,96,2.53,47,1.24,8,9,92,3.0,2.32
La Liga,2022-2023,MALLORCA,1.16,0.63,52.63,57.89,0.79,1.63,21.05,36.84,1.13,31,27.7,36,0.95,27,0.71,63,1.66,32,0.84,4,5,120,5.0,1.55
La Liga,2022-2023,OSASUNA,1.26,1.11,57.89,52.63,0.68,1.11,21.05,47.37,1.11,26,27.5,36,0.95,30,0.79,66,1.74,32,0.84,4,5,93,7.0,1.63
La Liga,2022-2023,RAYO VALLECANO,1.47,1.16,47.37,52.63,0.89,1.63,21.05,42.11,1.39,28,27.9,41,1.08,29,0.76,70,1.84,37,0.97,4,8,90,6.0,1.74
La Liga,2022-2023,REAL MADRID,2.32,0.84,68.42,26.32,1.63,1.05,57.89,47.37,0.95,26,27.4,73,1.92,56,1.47,129,3.39,64,1.68,9,12,72,3.0,3.16
La Liga,2022-2023,REAL SOCIEDAD,1.37,0.84,57.89,36.84,1.32,1.0,52.63,52.63,0.92,30,25.9,47,1.24,36,0.95,83,2.18,45,1.18,2,4,90,2.0,2.13
La Liga,2022-2023,SEVILLA,1.26,1.32,36.84,47.37,1.21,1.53,31.58,36.84,1.42,35,28.7,47,1.24,31,0.82,78,2.05,43,1.13,4,5,121,13.0,1.95
La Liga,2022-2023,VALENCIA,1.42,1.0,42.11,52.63,0.79,1.37,15.79,63.16,1.18,28,24.2,40,1.05,23,0.61,63,1.66,35,0.92,5,8,93,8.0,1.53
La Liga,2022-2023,VALLADOLID,1.11,1.32,42.11,42.11,0.63,2.0,15.79,47.37,1.66,36,27.4,32,0.84,24,0.63,56,1.47,29,0.76,3,4,94,6.0,1.39
La Liga,2022-2023,VILLARREAL,1.89,0.95,63.16,42.11,1.21,1.16,36.84,42.11,1.05,32,28.4,57,1.5,33,0.87,90,2.37,53,1.39,4,7,91,4.0,2.26
La Liga,2023-2024,ALAVÉS,1.21,1.0,47.37,47.37,0.68,1.42,15.79,36.84,1.21,30,25.6,33,0.87,28,0.74,61,1.61,30,0.79,3,7,84,1.0,1.53
La Liga,2023-2024,ALMERÍA,1.16,1.89,5.26,15.79,1.11,2.05,10.53,63.16,1.97,35,25.6,42,1.11,25,0.66,67,1.76,40,1.05,2,2,93,6.0,1.71
La Liga,2023-2024,ATHLETIC CLUB,2.21,0.95,63.16,21.05,1.0,1.0,36.84,26.32,0.97,27,27.3,59,1.55,41,1.08,100,2.63,56,1.47,3,5,80,5.0,2.55
La Liga,2023-2024,ATLÉTICO MADRID,2.21,1.16,84.21,47.37,1.47,1.11,42.11,36.84,1.13,27,29.2,68,1.79,48,1.26,116,3.05,63,1.66,5,6,89,5.0,2.92
La Liga,2023-2024,BARCELONA,2.26,1.11,78.95,52.63,1.89,1.21,57.89,42.11,1.16,29,26.0,76,2.0,55,1.45,131,3.45,70,1.84,6,7,87,2.0,3.29
La Liga,2023-2024,BETIS,1.42,1.0,47.37,36.84,1.11,1.37,26.32,31.58,1.18,35,27.8,46,1.21,31,0.82,77,2.03,44,1.16,2,3,87,3.0,1.97
La Liga,2023-2024,CELTA VIGO,1.11,1.21,31.58,52.63,1.32,1.79,21.05,57.89,1.5,31,26.7,45,1.18,35,0.92,80,2.11,42,1.11,3,5,66,5.0,2.03
La Liga,2023-2024,CÁDIZ,0.84,1.0,26.32,26.32,0.53,1.89,5.26,21.05,1.45,34,28.5,25,0.66,17,0.45,42,1.11,22,0.58,3,3,107,7.0,1.03
La Liga,2023-2024,GETAFE,1.05,1.16,42.11,47.37,1.16,1.68,10.53,31.58,1.42,33,27.3,42,1.11,27,0.71,69,1.82,36,0.95,6,7,135,10.0,1.66
La Liga,2023-2024,GIRONA,2.79,1.05,78.95,31.58,1.68,1.37,52.63,42.11,1.21,25,26.1,84,2.21,64,1.68,148,3.89,77,2.03,7,8,75,1.0,3.71
La Liga,2023-2024,GRANADA,1.26,1.68,21.05,31.58,0.74,2.47,0.0,36.84,2.08,40,26.7,35,0.92,27,0.71,62,1.63,30,0.79,5,8,98,4.0,1.5
La Liga,2023-2024,LAS PALMAS,1.05,1.05,31.58,36.84,0.68,1.42,21.05,52.63,1.24,29,25.5,33,0.87,23,0.61,56,1.47,30,0.79,3,5,84,5.0,1.39
La Liga,2023-2024,MALLORCA,0.89,0.84,31.58,57.89,0.84,1.47,10.53,42.11,1.16,25,28.7,33,0.87,27,0.71,60,1.58,32,0.84,1,3,105,4.0,1.55
La Liga,2023-2024,OSASUNA,1.0,1.37,31.58,31.58,1.37,1.58,31.58,36.84,1.47,29,27.7,45,1.18,32,0.84,77,2.03,41,1.08,4,5,78,5.0,1.92
La Liga,2023-2024,RAYO VALLECANO,0.95,1.37,21.05,36.84,0.58,1.16,21.05,31.58,1.26,26,29.4,29,0.76,12,0.32,41,1.08,23,0.61,6,6,108,5.0,0.92
La Liga,2023-2024,REAL MADRID,2.53,0.47,84.21,31.58,2.05,0.89,68.42,31.58,0.68,27,27.4,85,2.24,66,1.74,151,3.97,83,2.18,2,5,69,4.0,3.92
La Liga,2023-2024,REAL SOCIEDAD,1.37,1.05,42.11,36.84,1.32,1.0,42.11,47.37,1.03,31,25.8,48,1.26,36,0.95,84,2.21,44,1.16,4,4,98,2.0,2.11
La Liga,2023-2024,SEVILLA,1.42,1.42,31.58,52.63,1.11,1.42,21.05,47.37,1.42,35,28.6,46,1.21,30,0.79,76,2.0,44,1.16,2,2,108,4.0,1.95
La Liga,2023-2024,VALENCIA,1.05,0.74,42.11,47.37,1.05,1.63,26.32,47.37,1.18,29,23.8,39,1.03,24,0.63,63,1.66,31,0.82,8,9,64,5.0,1.45
La Liga,2023-2024,VILLARREAL,1.89,1.68,36.84,52.63,1.53,1.74,36.84,31.58,1.71,32,27.9,64,1.68,47,1.24,111,2.92,59,1.55,5,7,110,8.0,2.79
Ligue 1,2010-2011,ARLES-AVIGNON,0.74,1.63,10.53,42.11,0.37,2.05,5.26,26.32,1.84,34,27.5,21,0.55,17,0.45,38,1.0,20,0.53,1,1,71,8.0,0.97
Ligue 1,2010-2011,AUXERRE,1.37,0.95,31.58,31.58,1.0,1.21,21.05,26.32,1.08,25,26.8,44,1.16,28,0.74,72,1.89,42,1.11,2,2,73,0.0,1.84
Ligue 1,2010-2011,BORDEAUX,1.16,0.89,42.11,31.58,1.11,1.32,21.05,31.58,1.11,31,26.4,41,1.08,27,0.71,68,1.79,36,0.95,5,7,78,3.0,1.66
Ligue 1,2010-2011,BREST,1.11,0.89,31.58,15.79,0.79,1.37,26.32,26.32,1.13,25,26.9,36,0.95,24,0.63,60,1.58,31,0.82,5,7,50,0.0,1.45
Ligue 1,2010-2011,CAEN,1.16,1.32,31.58,26.32,1.26,1.37,26.32,42.11,1.34,26,25.6,46,1.21,32,0.84,78,2.05,45,1.18,1,1,84,4.0,2.03
Ligue 1,2010-2011,LENS,1.05,1.37,26.32,47.37,0.79,1.68,10.53,10.53,1.53,31,27.0,32,0.84,22,0.58,54,1.42,31,0.82,1,2,54,3.0,1.39
Ligue 1,2010-2011,LILLE,2.11,0.89,68.42,31.58,1.47,1.0,42.11,36.84,0.95,22,25.7,66,1.74,45,1.18,111,2.92,64,1.68,2,4,54,1.0,2.87
Ligue 1,2010-2011,LORIENT,1.42,0.68,42.11,26.32,1.0,1.84,21.05,26.32,1.26,27,25.6,46,1.21,31,0.82,77,2.03,42,1.11,4,4,53,6.0,1.92
Ligue 1,2010-2011,LYON,1.84,0.63,57.89,31.58,1.37,1.47,31.58,26.32,1.05,26,25.5,58,1.53,40,1.05,98,2.58,56,1.47,2,4,61,8.0,2.53
Ligue 1,2010-2011,MARSEILLE,1.79,1.0,52.63,42.11,1.47,1.05,42.11,47.37,1.03,24,26.7,60,1.58,41,1.08,101,2.66,58,1.53,2,3,61,4.0,2.61
Ligue 1,2010-2011,MONACO,0.84,0.89,26.32,26.32,1.05,1.21,21.05,31.58,1.05,34,25.5,34,0.89,18,0.47,52,1.37,30,0.79,4,5,78,4.0,1.26
Ligue 1,2010-2011,MONTPELLIER,1.11,1.05,36.84,52.63,0.58,1.21,26.32,36.84,1.13,25,25.8,32,0.84,23,0.61,55,1.45,29,0.76,3,4,83,8.0,1.37
Ligue 1,2010-2011,NANCY,1.21,1.11,42.11,31.58,1.05,1.42,26.32,52.63,1.26,26,26.9,41,1.08,27,0.71,68,1.79,39,1.03,2,4,69,7.0,1.74
Ligue 1,2010-2011,NICE,1.16,1.16,47.37,47.37,0.58,1.37,10.53,21.05,1.26,32,25.7,31,0.82,24,0.63,55,1.45,29,0.76,2,4,80,4.0,1.39
Ligue 1,2010-2011,PARIS S-G,1.74,1.05,47.37,36.84,1.21,1.11,31.58,36.84,1.08,25,28.1,51,1.34,35,0.92,86,2.26,48,1.26,3,3,60,4.0,2.18
Ligue 1,2010-2011,RENNES,1.16,0.68,47.37,36.84,0.84,1.16,31.58,47.37,0.92,27,24.9,37,0.97,24,0.63,61,1.61,32,0.84,5,6,58,5.0,1.47
Ligue 1,2010-2011,SAINT-ÉTIENNE,1.53,1.32,36.84,31.58,0.89,1.16,26.32,47.37,1.24,26,26.3,44,1.16,21,0.55,65,1.71,40,1.05,4,5,65,2.0,1.61
Ligue 1,2010-2011,SOCHAUX,1.89,0.89,63.16,36.84,1.26,1.37,26.32,57.89,1.13,25,24.8,58,1.53,44,1.16,102,2.68,55,1.45,3,3,49,4.0,2.61
Ligue 1,2010-2011,TOULOUSE,1.0,0.68,42.11,47.37,1.0,1.21,31.58,42.11,0.95,26,24.1,36,0.95,23,0.61,59,1.55,32,0.84,4,5,62,2.0,1.45
Ligue 1,2010-2011,VALENCIENNES,1.47,0.89,42.11,36.84,0.89,1.26,10.53,36.84,1.08,26,26.9,45,1.18,35,0.92,80,2.11,44,1.16,1,2,68,2.0,2.08
Ligue 1,2011-2012,AJACCIO,1.16,1.26,31.58,31.58,0.95,1.95,15.79,10.53,1.61,25,27.4,39,1.03,23,0.61,62,1.63,35,0.92,4,6,95,9.0,1.53
Ligue 1,2011-2012,AUXERRE,1.58,1.47,31.58,15.79,0.84,1.53,5.26,42.11,1.5,29,27.0,46,1.21,28,0.74,74,1.95,45,1.18,1,1,87,5.0,1.92
Ligue 1,2011-2012,BORDEAUX,1.32,0.74,47.37,36.84,1.47,1.42,36.84,36.84,1.08,26,26.7,53,1.39,30,0.79,83,2.18,46,1.21,7,9,64,4.0,2.0
Ligue 1,2011-2012,BREST,1.16,0.89,36.84,36.84,0.47,1.11,5.26,42.11,1.0,31,27.4,31,0.82,15,0.39,46,1.21,27,0.71,4,6,73,5.0,1.11
Ligue 1,2011-2012,CAEN,1.05,1.32,31.58,47.37,1.0,1.79,15.79,26.32,1.55,23,26.3,39,1.03,21,0.55,60,1.58,33,0.87,6,6,72,6.0,1.42
Ligue 1,2011-2012,DIJON,1.21,1.37,31.58,31.58,0.79,1.95,15.79,31.58,1.66,29,24.4,38,1.0,19,0.5,57,1.5,35,0.92,3,4,82,7.0,1.42
Ligue 1,2011-2012,EVIAN,1.53,1.53,47.37,47.37,1.32,1.37,21.05,21.05,1.45,28,27.1,52,1.37,26,0.68,78,2.05,47,1.24,5,6,83,5.0,1.92
Ligue 1,2011-2012,LILLE,2.53,1.21,63.16,26.32,1.26,0.84,47.37,36.84,1.03,24,27.0,70,1.84,42,1.11,112,2.95,58,1.53,12,13,68,4.0,2.63
Ligue 1,2011-2012,LORIENT,1.05,0.74,42.11,47.37,0.79,1.84,5.26,31.58,1.29,33,25.8,34,0.89,22,0.58,56,1.47,31,0.82,3,3,67,4.0,1.39
Ligue 1,2011-2012,LYON,2.32,1.42,68.42,52.63,1.05,1.26,31.58,42.11,1.34,28,25.5,62,1.63,35,0.92,97,2.55,56,1.47,6,6,62,6.0,2.39
Ligue 1,2011-2012,MARSEILLE,1.37,0.79,42.11,26.32,1.0,1.37,21.05,57.89,1.08,24,26.3,44,1.16,30,0.79,74,1.95,41,1.08,3,4,74,5.0,1.87
Ligue 1,2011-2012,MONTPELLIER,1.95,0.58,84.21,47.37,1.63,1.21,47.37,42.11,0.89,23,26.3,65,1.71,36,0.95,101,2.66,58,1.53,7,10,71,7.0,2.47
Ligue 1,2011-2012,NANCY,1.26,1.26,31.58,36.84,0.74,1.26,26.32,47.37,1.26,31,25.6,37,0.97,26,0.68,63,1.66,34,0.89,3,4,60,2.0,1.58
Ligue 1,2011-2012,NICE,1.11,0.68,36.84,21.05,0.95,1.74,15.79,52.63,1.21,31,26.0,38,1.0,21,0.55,59,1.55,31,0.82,7,9,70,7.0,1.37
Ligue 1,2011-2012,PARIS S-G,2.21,0.84,73.68,36.84,1.74,1.32,47.37,42.11,1.08,24,26.9,74,1.95,53,1.39,127,3.34,64,1.68,10,10,81,4.0,3.08
Ligue 1,2011-2012,RENNES,1.58,1.0,42.11,31.58,1.21,1.32,47.37,36.84,1.16,27,24.1,52,1.37,35,0.92,87,2.29,46,1.21,6,7,68,3.0,2.13
Ligue 1,2011-2012,SAINT-ÉTIENNE,1.42,1.05,47.37,47.37,1.16,1.32,36.84,42.11,1.18,30,25.1,45,1.18,31,0.82,76,2.0,43,1.13,2,2,72,5.0,1.95
Ligue 1,2011-2012,SOCHAUX,1.11,1.26,42.11,47.37,1.0,1.89,15.79,42.11,1.58,31,24.9,38,1.0,21,0.55,59,1.55,35,0.92,3,3,50,7.0,1.47
Ligue 1,2011-2012,TOULOUSE,1.05,0.58,52.63,42.11,0.89,1.21,26.32,31.58,0.89,26,23.9,35,0.92,22,0.58,57,1.5,32,0.84,3,5,76,8.0,1.42
Ligue 1,2011-2012,VALENCIENNES,1.53,0.84,57.89,47.37,0.58,1.79,5.26,42.11,1.32,26,26.5,38,1.0,19,0.5,57,1.5,33,0.87,5,6,67,4.0,1.37
Ligue 1,2012-2013,AJACCIO,1.0,1.05,36.84,36.84,1.05,1.63,10.53,15.79,1.34,28,28.5,37,0.97,22,0.58,59,1.55,33,0.87,4,5,73,7.0,1.45
Ligue 1,2012-2013,BASTIA,1.58,1.37,47.37,42.11,1.05,2.11,21.05,36.84,1.74,29,27.8,49,1.29,32,0.84,81,2.13,44,1.16,5,7,83,7.0,2.0
Ligue 1,2012-2013,BORDEAUX,1.16,1.0,42.11,36.84,0.95,0.79,26.32,36.84,0.89,26,27.0,39,1.03,29,0.76,68,1.79,37,0.97,2,4,66,3.0,1.74
Ligue 1,2012-2013,BREST,0.89,1.37,26.32,47.37,0.79,1.89,15.79,47.37,1.63,33,26.3,31,0.82,19,0.5,50,1.32,26,0.68,5,5,70,4.0,1.18
Ligue 1,2012-2013,EVIAN,1.63,1.32,31.58,15.79,0.79,1.47,21.05,68.42,1.39,30,27.6,44,1.16,32,0.84,76,2.0,41,1.08,3,3,75,3.0,1.92
Ligue 1,2012-2013,LILLE,1.68,0.84,47.37,26.32,1.42,1.26,36.84,26.32,1.05,25,26.9,56,1.47,42,1.11,98,2.58,54,1.42,2,3,59,3.0,2.53
Ligue 1,2012-2013,LORIENT,2.0,1.32,52.63,26.32,1.0,1.74,21.05,36.84,1.53,30,26.5,56,1.47,38,1.0,94,2.47,52,1.37,4,5,52,7.0,2.37
Ligue 1,2012-2013,LYON,1.79,0.89,57.89,26.32,1.42,1.11,42.11,31.58,1.0,31,26.0,59,1.55,33,0.87,92,2.42,50,1.32,9,11,65,6.0,2.18
Ligue 1,2012-2013,MARSEILLE,1.32,0.95,63.16,57.89,0.89,0.95,47.37,52.63,0.95,25,26.4,41,1.08,30,0.79,71,1.87,40,1.05,1,3,53,7.0,1.84
Ligue 1,2012-2013,MONTPELLIER,1.74,0.74,57.89,31.58,1.11,1.95,21.05,42.11,1.34,28,26.6,52,1.37,34,0.89,86,2.26,49,1.29,3,4,67,6.0,2.18
Ligue 1,2012-2013,NANCY,0.89,1.37,26.32,47.37,1.11,1.68,21.05,42.11,1.53,29,25.5,38,1.0,27,0.71,65,1.71,37,0.97,1,2,65,5.0,1.68
Ligue 1,2012-2013,NICE,1.84,0.89,57.89,42.11,1.16,1.53,36.84,21.05,1.21,32,24.9,57,1.5,34,0.89,91,2.39,51,1.34,6,8,65,5.0,2.24
Ligue 1,2012-2013,PARIS S-G,1.79,0.53,68.42,36.84,1.84,0.68,63.16,47.37,0.61,31,26.8,65,1.71,48,1.26,113,2.97,61,1.61,4,4,74,9.0,2.87
Ligue 1,2012-2013,REIMS,1.05,0.68,42.11,47.37,0.68,1.53,10.53,31.58,1.11,26,26.1,30,0.79,18,0.47,48,1.26,27,0.71,3,6,66,6.0,1.18
Ligue 1,2012-2013,RENNES,1.21,1.42,31.58,36.84,1.32,1.68,36.84,31.58,1.55,31,24.8,48,1.26,33,0.87,81,2.13,46,1.21,2,2,46,10.0,2.08
Ligue 1,2012-2013,SAINT-ÉTIENNE,1.89,0.68,57.89,26.32,1.26,1.0,26.32,26.32,0.84,25,25.9,57,1.5,44,1.16,101,2.66,55,1.45,2,3,59,4.0,2.61
Ligue 1,2012-2013,SOCHAUX,1.32,1.37,31.58,57.89,0.84,1.63,21.05,21.05,1.5,27,24.8,39,1.03,29,0.76,68,1.79,37,0.97,2,3,63,3.0,1.74
Ligue 1,2012-2013,TOULOUSE,1.58,1.37,36.84,26.32,1.0,1.11,31.58,42.11,1.24,24,24.1,47,1.24,35,0.92,82,2.16,46,1.21,1,2,64,7.0,2.13
Ligue 1,2012-2013,TROYES,1.32,1.26,31.58,47.37,0.95,1.95,10.53,42.11,1.61,26,26.7,43,1.13,28,0.74,71,1.87,41,1.08,2,3,55,5.0,1.82
Ligue 1,2012-2013,VALENCIENNES,1.68,1.11,47.37,26.32,0.89,1.68,15.79,42.11,1.39,26,26.7,45,1.18,32,0.84,77,2.03,42,1.11,3,4,58,3.0,1.95
Ligue 1,2013-2014,AJACCIO,1.21,1.74,15.79,47.37,0.74,2.05,5.26,26.32,1.89,37,27.1,36,0.95,28,0.74,64,1.68,36,0.95,0,2,72,0.0,1.68
Ligue 1,2013-2014,BASTIA,1.26,0.95,52.63,31.58,0.95,2.0,10.53,21.05,1.47,27,28.7,42,1.11,32,0.84,74,1.95,39,1.03,3,3,67,0.0,1.87
Ligue 1,2013-2014,BORDEAUX,1.63,1.05,52.63,36.84,0.95,1.21,15.79,36.84,1.13,32,26.9,49,1.29,33,0.87,82,2.16,43,1.13,6,6,54,0.0,2.0
Ligue 1,2013-2014,EVIAN,1.32,1.26,36.84,47.37,0.74,1.42,21.05,36.84,1.34,29,26.9,39,1.03,22,0.58,61,1.61,35,0.92,4,5,70,0.0,1.5
Ligue 1,2013-2014,GUINGAMP,1.11,0.84,42.11,47.37,0.68,1.37,15.79,47.37,1.11,25,27.2,32,0.84,25,0.66,57,1.5,28,0.74,4,6,67,0.0,1.39
Ligue 1,2013-2014,LILLE,1.32,0.53,68.42,47.37,1.11,0.84,36.84,42.11,0.68,22,26.9,43,1.13,30,0.79,73,1.92,38,1.0,5,6,58,0.0,1.79
Ligue 1,2013-2014,LORIENT,1.53,1.32,42.11,31.58,1.0,1.47,26.32,52.63,1.39,28,25.6,46,1.21,32,0.84,78,2.05,40,1.05,6,6,49,0.0,1.89
Ligue 1,2013-2014,LYON,1.58,0.79,42.11,26.32,1.37,1.53,47.37,47.37,1.16,28,25.0,56,1.47,36,0.95,92,2.42,55,1.45,1,2,56,0.0,2.39
Ligue 1,2013-2014,MARSEILLE,1.58,1.05,52.63,57.89,1.21,1.05,31.58,26.32,1.05,24,26.4,53,1.39,33,0.87,86,2.26,51,1.34,2,2,60,0.0,2.21
Ligue 1,2013-2014,MONACO,1.68,0.74,63.16,42.11,1.63,0.89,57.89,31.58,0.82,29,26.4,62,1.63,48,1.26,110,2.89,58,1.53,4,5,64,0.0,2.79
Ligue 1,2013-2014,MONTPELLIER,1.16,1.0,26.32,26.32,1.21,1.79,15.79,10.53,1.39,26,26.0,44,1.16,23,0.61,67,1.76,41,1.08,3,5,64,0.0,1.68
Ligue 1,2013-2014,NANTES,1.0,1.0,36.84,52.63,1.0,1.26,26.32,26.32,1.13,28,25.7,36,0.95,25,0.66,61,1.61,36,0.95,0,2,56,0.0,1.61
Ligue 1,2013-2014,NICE,1.16,0.84,52.63,57.89,0.42,1.47,10.53,36.84,1.16,29,24.6,30,0.79,17,0.45,47,1.24,28,0.74,2,3,60,0.0,1.18
Ligue 1,2013-2014,PARIS S-G,2.68,0.37,78.95,10.53,1.74,0.84,63.16,36.84,0.61,23,26.6,79,2.08,46,1.21,125,3.29,70,1.84,9,10,61,0.0,3.05
Ligue 1,2013-2014,REIMS,1.37,1.37,36.84,31.58,0.95,1.37,26.32,47.37,1.37,25,26.5,43,1.13,27,0.71,70,1.84,40,1.05,3,4,58,0.0,1.76
Ligue 1,2013-2014,RENNES,1.26,1.21,26.32,21.05,1.21,1.16,31.58,36.84,1.18,32,25.5,47,1.24,26,0.68,73,1.92,45,1.18,2,4,50,,1.87
Ligue 1,2013-2014,SAINT-ÉTIENNE,1.89,0.79,63.16,31.58,1.05,1.0,42.11,47.37,0.89,26,26.9,55,1.45,32,0.84,87,2.29,51,1.34,4,5,69,,2.18
Ligue 1,2013-2014,SOCHAUX,1.05,0.95,42.11,15.79,0.89,2.26,10.53,42.11,1.61,36,25.2,35,0.92,24,0.63,59,1.55,33,0.87,2,2,73,0.0,1.5
Ligue 1,2013-2014,TOULOUSE,1.21,1.37,26.32,21.05,1.21,1.42,36.84,47.37,1.39,28,24.2,44,1.16,32,0.84,76,2.0,41,1.08,3,6,80,,1.92
Ligue 1,2013-2014,VALENCIENNES,1.21,1.63,21.05,57.89,0.74,1.79,15.79,42.11,1.71,26,26.7,35,0.92,23,0.61,58,1.53,31,0.82,4,7,62,0.0,1.42
Ligue 1,2014-2015,BASTIA,1.26,0.95,42.11,31.58,0.68,1.47,21.05,36.84,1.21,31,27.2,35,0.92,20,0.53,55,1.45,30,0.79,5,5,80,0.0,1.32
Ligue 1,2014-2015,BORDEAUX,1.63,1.21,63.16,63.16,0.84,1.11,26.32,42.11,1.16,30,26.2,46,1.21,34,0.89,80,2.11,38,1.0,8,8,66,0.0,1.89
Ligue 1,2014-2015,CAEN,1.37,1.32,36.84,47.37,1.47,1.58,26.32,36.84,1.45,23,27.2,51,1.34,34,0.89,85,2.24,45,1.18,6,6,45,0.0,2.08
Ligue 1,2014-2015,EVIAN,1.05,1.32,36.84,57.89,1.11,1.95,21.05,47.37,1.63,29,26.8,37,0.97,25,0.66,62,1.63,36,0.95,1,2,70,0.0,1.61
Ligue 1,2014-2015,GUINGAMP,1.21,1.32,47.37,57.89,0.95,1.58,31.58,52.63,1.45,28,28.3,40,1.05,26,0.68,66,1.74,33,0.87,7,7,62,0.0,1.55
Ligue 1,2014-2015,LENS,0.74,1.26,26.32,36.84,0.95,1.95,10.53,36.84,1.61,27,26.0,32,0.84,19,0.5,51,1.34,27,0.71,5,8,76,,1.21
Ligue 1,2014-2015,LILLE,1.37,0.63,57.89,31.58,0.89,1.58,26.32,52.63,1.11,27,26.4,42,1.11,28,0.74,70,1.84,37,0.97,5,8,63,0.0,1.71
Ligue 1,2014-2015,LORIENT,0.89,0.89,31.58,47.37,1.42,1.74,31.58,42.11,1.32,32,24.8,41,1.08,27,0.71,68,1.79,36,0.95,5,5,56,0.0,1.66
Ligue 1,2014-2015,LYON,2.11,0.58,73.68,31.58,1.68,1.16,42.11,26.32,0.87,26,24.6,69,1.82,47,1.24,116,3.05,60,1.58,9,12,64,0.0,2.82
Ligue 1,2014-2015,MARSEILLE,2.11,1.16,68.42,42.11,1.89,1.05,42.11,42.11,1.11,25,25.6,72,1.89,45,1.18,117,3.08,70,1.84,2,4,69,0.0,3.03
Ligue 1,2014-2015,METZ,1.37,1.68,31.58,42.11,0.26,1.53,5.26,21.05,1.61,31,26.3,31,0.82,17,0.45,48,1.26,23,0.61,8,10,76,,1.05
Ligue 1,2014-2015,MONACO,1.21,0.53,42.11,26.32,1.47,0.84,63.16,47.37,0.68,27,25.5,50,1.32,35,0.92,85,2.24,45,1.18,5,7,63,0.0,2.11
Ligue 1,2014-2015,MONTPELLIER,1.58,1.11,57.89,47.37,0.84,0.95,26.32,42.11,1.03,26,27.3,45,1.18,32,0.84,77,2.03,42,1.11,3,6,51,0.0,1.95
Ligue 1,2014-2015,NANTES,0.89,0.89,36.84,52.63,0.63,1.21,21.05,47.37,1.05,27,26.3,26,0.68,17,0.45,43,1.13,22,0.58,4,6,73,0.0,1.03
Ligue 1,2014-2015,NICE,1.11,1.26,31.58,47.37,1.21,1.53,36.84,63.16,1.39,30,24.0,44,1.16,29,0.76,73,1.92,40,1.05,4,4,89,0.0,1.82
Ligue 1,2014-2015,PARIS S-G,2.74,0.74,78.95,21.05,1.63,1.16,47.37,36.84,0.95,23,26.8,80,2.11,55,1.45,135,3.55,67,1.76,13,14,66,0.0,3.21
Ligue 1,2014-2015,REIMS,1.26,1.53,42.11,42.11,1.21,1.95,21.05,31.58,1.74,30,27.0,45,1.18,31,0.82,76,2.0,42,1.11,3,3,79,0.0,1.92
Ligue 1,2014-2015,RENNES,1.16,1.16,42.11,31.58,0.68,1.05,26.32,42.11,1.11,22,26.0,34,0.89,28,0.74,62,1.63,33,0.87,1,3,56,,1.61
Ligue 1,2014-2015,SAINT-ÉTIENNE,1.68,0.58,63.16,42.11,1.0,1.0,36.84,47.37,0.79,24,27.1,50,1.32,33,0.87,83,2.18,45,1.18,5,7,70,,2.05
Ligue 1,2014-2015,TOULOUSE,1.47,1.53,42.11,47.37,0.79,1.84,21.05,52.63,1.68,27,24.4,42,1.11,31,0.82,73,1.92,39,1.03,3,3,63,,1.84
Ligue 1,2015-2016,ANGERS,1.05,0.79,31.58,26.32,1.05,1.21,36.84,47.37,1.0,29,27.2,40,1.05,25,0.66,65,1.71,36,0.95,4,5,71,0.0,1.61
Ligue 1,2015-2016,BASTIA,1.21,0.74,57.89,57.89,0.68,1.47,15.79,31.58,1.11,26,28.7,34,0.89,20,0.53,54,1.42,32,0.84,2,2,85,0.0,1.37
Ligue 1,2015-2016,BORDEAUX,1.42,1.05,42.11,21.05,1.21,1.95,21.05,26.32,1.5,35,24.9,48,1.26,33,0.87,81,2.13,47,1.24,1,2,86,0.0,2.11
Ligue 1,2015-2016,CAEN,1.0,1.21,47.37,47.37,1.05,1.53,36.84,47.37,1.37,24,28.2,38,1.0,22,0.58,60,1.58,33,0.87,5,6,58,0.0,1.45
Ligue 1,2015-2016,GAZÉLEC AJACCIO,1.21,1.68,26.32,26.32,0.74,1.37,15.79,36.84,1.53,23,28.4,36,0.95,26,0.68,62,1.63,33,0.87,3,3,98,0.0,1.55
Ligue 1,2015-2016,GUINGAMP,1.63,1.47,31.58,26.32,0.84,1.47,26.32,52.63,1.47,28,28.4,46,1.21,36,0.95,82,2.16,44,1.16,2,3,81,0.0,2.11
Ligue 1,2015-2016,LILLE,1.11,0.58,47.37,42.11,0.95,0.84,31.58,31.58,0.71,32,27.1,38,1.0,28,0.74,66,1.74,35,0.92,3,3,86,0.0,1.66
Ligue 1,2015-2016,LORIENT,1.37,1.11,36.84,31.58,1.11,1.95,21.05,36.84,1.53,31,25.4,46,1.21,30,0.79,76,2.0,39,1.03,7,7,66,0.0,1.82
Ligue 1,2015-2016,LYON,2.21,0.84,63.16,21.05,1.32,1.42,36.84,36.84,1.13,30,25.5,66,1.74,44,1.16,110,2.89,63,1.66,3,3,69,0.0,2.82
Ligue 1,2015-2016,MARSEILLE,1.42,1.26,15.79,26.32,1.11,0.95,36.84,47.37,1.11,28,25.0,48,1.26,35,0.92,83,2.18,46,1.21,2,4,74,0.0,2.13
Ligue 1,2015-2016,MONACO,1.58,1.0,52.63,42.11,1.42,1.63,36.84,26.32,1.32,31,26.1,54,1.42,36,0.95,90,2.37,48,1.26,6,8,86,0.0,2.21
Ligue 1,2015-2016,MONTPELLIER,1.37,1.21,47.37,47.37,1.21,1.26,26.32,31.58,1.24,30,27.1,46,1.21,34,0.89,80,2.11,44,1.16,2,2,62,0.0,2.05
Ligue 1,2015-2016,NANTES,1.05,1.05,42.11,36.84,0.68,1.26,21.05,31.58,1.16,29,25.8,30,0.79,25,0.66,55,1.45,30,0.79,0,0,81,0.0,1.45
Ligue 1,2015-2016,NICE,1.68,0.84,63.16,47.37,1.37,1.32,31.58,21.05,1.08,33,24.2,55,1.45,43,1.13,98,2.58,50,1.32,5,5,68,0.0,2.45
Ligue 1,2015-2016,PARIS S-G,3.11,0.63,78.95,5.26,2.26,0.37,78.95,36.84,0.5,28,27.0,101,2.66,72,1.89,173,4.55,95,2.5,6,8,47,0.0,4.39
Ligue 1,2015-2016,REIMS,1.47,1.21,36.84,52.63,0.84,1.79,15.79,31.58,1.5,31,26.9,43,1.13,30,0.79,73,1.92,41,1.08,2,3,88,0.0,1.87
Ligue 1,2015-2016,RENNES,1.32,1.32,31.58,36.84,1.42,1.53,36.84,21.05,1.42,31,26.2,48,1.26,32,0.84,80,2.11,45,1.18,3,7,74,,2.03
Ligue 1,2015-2016,SAINT-ÉTIENNE,1.32,0.79,52.63,31.58,0.89,1.16,36.84,52.63,0.97,31,27.2,39,1.03,27,0.71,66,1.74,36,0.95,3,4,76,,1.66
Ligue 1,2015-2016,TOULOUSE,1.53,1.11,31.58,42.11,0.84,1.79,15.79,21.05,1.45,25,23.8,43,1.13,28,0.74,71,1.87,39,1.03,4,6,80,,1.76
Ligue 1,2015-2016,TROYES,0.68,1.89,5.26,36.84,0.79,2.47,10.53,36.84,2.18,33,26.5,27,0.71,18,0.47,45,1.18,24,0.63,3,3,76,0.0,1.11
Ligue 1,2016-2017,ANGERS,1.21,0.89,42.11,42.11,0.89,1.68,26.32,52.63,1.29,29,26.7,39,1.03,25,0.66,64,1.68,36,0.95,3,4,60,1.0,1.61
Ligue 1,2016-2017,BASTIA,0.89,0.74,26.32,36.84,0.63,2.11,15.79,52.63,1.42,29,26.9,28,0.74,18,0.47,46,1.21,28,0.74,0,1,85,7.0,1.21
Ligue 1,2016-2017,BORDEAUX,1.42,1.0,47.37,36.84,1.37,1.26,31.58,21.05,1.13,27,25.9,51,1.34,35,0.92,86,2.26,47,1.24,4,7,67,1.0,2.16
Ligue 1,2016-2017,CAEN,1.11,1.95,36.84,42.11,0.79,1.47,15.79,47.37,1.71,27,28.7,35,0.92,28,0.74,63,1.66,31,0.82,4,5,61,1.0,1.55
Ligue 1,2016-2017,DIJON,1.42,1.11,36.84,36.84,1.0,1.95,5.26,36.84,1.53,27,27.7,42,1.11,29,0.76,71,1.87,39,1.03,3,4,74,3.0,1.79
Ligue 1,2016-2017,GUINGAMP,1.47,0.68,63.16,63.16,0.95,2.11,10.53,21.05,1.39,25,27.6,46,1.21,33,0.87,79,2.08,42,1.11,4,4,63,3.0,1.97
Ligue 1,2016-2017,LILLE,1.26,1.26,36.84,57.89,0.84,1.21,31.58,52.63,1.24,31,26.9,40,1.05,26,0.68,66,1.74,34,0.89,6,7,64,3.0,1.58
Ligue 1,2016-2017,LORIENT,1.25,1.45,35.0,45.0,1.0,2.15,15.0,55.0,1.8,30,26.8,43,1.13,30,0.79,73,1.92,39,1.03,4,6,68,0.0,1.82
Ligue 1,2016-2017,LYON,2.42,1.37,63.16,31.58,1.63,1.16,42.11,36.84,1.26,27,25.0,74,1.95,44,1.16,118,3.11,62,1.63,12,14,65,2.0,2.79
Ligue 1,2016-2017,MARSEILLE,1.74,0.68,68.42,26.32,1.26,1.47,21.05,36.84,1.08,27,27.4,56,1.47,37,0.97,93,2.45,52,1.37,4,4,71,1.0,2.34
Ligue 1,2016-2017,METZ,1.42,1.79,36.84,31.58,0.63,2.0,21.05,31.58,1.89,31,26.5,37,0.97,22,0.58,59,1.55,29,0.76,8,9,75,,1.34
Ligue 1,2016-2017,MONACO,3.32,0.68,89.47,21.05,2.32,0.95,68.42,31.58,0.82,29,25.0,103,2.71,62,1.63,165,4.34,92,2.42,11,11,53,1.0,4.05
Ligue 1,2016-2017,MONTPELLIER,1.47,1.16,42.11,42.11,1.05,2.32,10.53,26.32,1.74,32,26.8,48,1.26,30,0.79,78,2.05,45,1.18,3,3,48,2.0,1.97
Ligue 1,2016-2017,NANCY,1.11,1.21,36.84,31.58,0.42,1.53,10.53,31.58,1.37,27,27.2,29,0.76,22,0.58,51,1.34,28,0.74,1,3,78,1.0,1.32
Ligue 1,2016-2017,NANTES,1.0,1.26,42.11,47.37,1.11,1.58,31.58,36.84,1.42,27,24.8,40,1.05,31,0.82,71,1.87,38,1.0,2,4,78,1.0,1.82
Ligue 1,2016-2017,NICE,2.05,0.84,73.68,36.84,1.26,1.05,42.11,47.37,0.95,27,24.3,63,1.66,45,1.18,108,2.84,57,1.5,6,8,60,1.0,2.68
Ligue 1,2016-2017,PARIS S-G,2.21,0.37,68.42,15.79,2.16,1.05,73.68,42.11,0.71,28,26.4,79,2.08,54,1.42,133,3.5,70,1.84,9,10,54,1.0,3.26
Ligue 1,2016-2017,RENNES,1.37,0.79,52.63,47.37,0.53,1.42,10.53,31.58,1.11,31,26.3,35,0.92,25,0.66,60,1.58,33,0.87,2,3,59,,1.53
Ligue 1,2016-2017,SAINT-ÉTIENNE,1.26,0.95,36.84,26.32,0.89,1.26,26.32,31.58,1.11,34,26.1,40,1.05,26,0.68,66,1.74,35,0.92,5,6,58,,1.61
Ligue 1,2016-2017,TOULOUSE,1.47,0.95,42.11,36.84,0.47,1.21,10.53,36.84,1.08,30,23.3,37,0.97,22,0.58,59,1.55,31,0.82,6,9,90,,1.39
Ligue 1,2017-2018,AMIENS,1.37,1.0,42.11,21.05,0.58,1.21,21.05,52.63,1.11,30,27.5,36,0.95,24,0.63,60,1.58,33,0.87,3,4,74,5.0,1.5
Ligue 1,2017-2018,ANGERS,1.21,1.47,26.32,31.58,1.0,1.26,21.05,42.11,1.37,27,27.1,41,1.08,30,0.79,71,1.87,37,0.97,4,4,70,3.0,1.76
Ligue 1,2017-2018,BORDEAUX,1.42,1.21,47.37,21.05,1.37,1.32,36.84,57.89,1.26,31,25.1,52,1.37,36,0.95,88,2.32,48,1.26,4,6,74,2.0,2.21
Ligue 1,2017-2018,CAEN,0.89,1.0,36.84,52.63,0.53,1.74,15.79,26.32,1.37,26,27.3,25,0.66,19,0.5,44,1.16,20,0.53,5,8,68,4.0,1.03
Ligue 1,2017-2018,DIJON,1.84,1.47,57.89,42.11,1.05,2.37,10.53,42.11,1.92,26,26.6,52,1.37,36,0.95,88,2.32,47,1.24,5,5,70,5.0,2.18
Ligue 1,2017-2018,GUINGAMP,1.58,1.26,42.11,15.79,0.95,1.84,21.05,31.58,1.55,23,27.2,46,1.21,27,0.71,73,1.92,40,1.05,6,7,67,2.0,1.76
Ligue 1,2017-2018,LILLE,1.26,1.42,31.58,36.84,0.89,2.11,21.05,47.37,1.76,25,22.6,41,1.08,31,0.82,72,1.89,39,1.03,2,2,61,6.0,1.84
Ligue 1,2017-2018,LYON,2.0,0.95,63.16,31.58,2.58,1.32,57.89,36.84,1.13,26,24.4,85,2.24,62,1.63,147,3.87,79,2.08,6,7,72,2.0,3.71
Ligue 1,2017-2018,MARSEILLE,2.32,1.0,63.16,26.32,1.89,1.47,52.63,21.05,1.24,26,27.2,79,2.08,54,1.42,133,3.5,74,1.95,5,8,81,2.0,3.37
Ligue 1,2017-2018,METZ,0.84,1.95,15.79,31.58,0.95,2.05,15.79,26.32,2.0,36,27.4,33,0.87,27,0.71,60,1.58,30,0.79,3,4,80,7.0,1.5
Ligue 1,2017-2018,MONACO,2.47,0.89,78.95,52.63,2.0,1.47,47.37,21.05,1.18,32,25.8,83,2.18,56,1.47,139,3.66,76,2.0,7,8,71,4.0,3.47
Ligue 1,2017-2018,MONTPELLIER,1.05,1.0,26.32,31.58,0.84,0.74,31.58,31.58,0.87,23,26.4,36,0.95,28,0.74,64,1.68,36,0.95,0,2,72,1.0,1.68
Ligue 1,2017-2018,NANTES,0.79,0.89,42.11,68.42,1.11,1.26,31.58,42.11,1.08,30,25.6,36,0.95,24,0.63,60,1.58,32,0.84,4,5,68,6.0,1.47
Ligue 1,2017-2018,NICE,1.53,1.21,52.63,52.63,1.26,1.53,26.32,42.11,1.37,31,25.0,52,1.37,35,0.92,87,2.29,44,1.16,8,10,82,4.0,2.08
Ligue 1,2017-2018,PARIS S-G,3.68,0.79,89.47,5.26,2.0,0.74,63.16,42.11,0.76,28,26.1,100,2.63,75,1.97,175,4.61,93,2.45,7,9,69,6.0,4.42
Ligue 1,2017-2018,RENNES,1.11,1.16,42.11,57.89,1.53,1.16,42.11,36.84,1.16,28,24.2,48,1.26,32,0.84,80,2.11,42,1.11,6,8,67,5.0,1.95
Ligue 1,2017-2018,SAINT-ÉTIENNE,1.68,1.42,42.11,21.05,0.79,1.21,36.84,47.37,1.32,30,26.6,45,1.18,31,0.82,76,2.0,38,1.0,7,11,72,8.0,1.82
Ligue 1,2017-2018,STRASBOURG,1.42,1.42,36.84,47.37,0.89,2.11,10.53,21.05,1.76,25,27.2,43,1.13,26,0.68,69,1.82,36,0.95,7,7,72,4.0,1.63
Ligue 1,2017-2018,TOULOUSE,1.2,1.05,40.0,65.0,0.9,1.65,15.0,40.0,1.35,25,23.9,35,0.92,24,0.63,59,1.55,27,0.71,8,11,93,3.0,1.34
Ligue 1,2017-2018,TROYES,0.89,1.16,36.84,47.37,0.79,1.95,10.53,47.37,1.55,25,26.7,30,0.79,21,0.55,51,1.34,28,0.74,2,3,78,7.0,1.29
Ligue 1,2018-2019,AMIENS,1.05,1.16,36.84,52.63,0.58,1.58,10.53,36.84,1.37,26,26.5,30,0.79,22,0.58,52,1.37,28,0.74,2,3,62,6.0,1.32
Ligue 1,2018-2019,ANGERS,1.26,1.16,26.32,47.37,1.05,1.42,26.32,42.11,1.29,24,28.0,42,1.11,27,0.71,69,1.82,37,0.97,5,10,49,4.0,1.68
Ligue 1,2018-2019,BORDEAUX,1.26,1.11,36.84,52.63,0.53,1.11,15.79,52.63,1.11,33,25.3,34,0.89,26,0.68,60,1.58,29,0.76,5,6,74,5.0,1.45
Ligue 1,2018-2019,CAEN,0.84,1.42,21.05,63.16,0.68,1.42,15.79,26.32,1.42,26,25.8,29,0.76,17,0.45,46,1.21,25,0.66,4,4,83,6.0,1.11
Ligue 1,2018-2019,DIJON,1.05,1.5,35.0,40.0,0.7,1.6,15.0,35.0,1.55,26,27.1,29,0.76,21,0.55,50,1.32,26,0.68,3,4,79,7.0,1.24
Ligue 1,2018-2019,GUINGAMP,0.84,1.42,15.79,36.84,0.63,2.16,10.53,36.84,1.79,30,26.0,28,0.74,21,0.55,49,1.29,23,0.61,5,6,58,5.0,1.16
Ligue 1,2018-2019,LILLE,2.21,0.58,68.42,36.84,1.37,1.16,47.37,52.63,0.87,25,24.1,66,1.74,49,1.29,115,3.03,55,1.45,11,13,71,4.0,2.74
Ligue 1,2018-2019,LYON,2.0,1.0,63.16,31.58,1.68,1.47,47.37,47.37,1.24,25,24.4,70,1.84,54,1.42,124,3.26,65,1.71,5,10,57,3.0,3.13
Ligue 1,2018-2019,MARSEILLE,1.63,0.89,57.89,36.84,1.53,1.84,36.84,36.84,1.37,24,26.9,59,1.55,45,1.18,104,2.74,55,1.45,4,5,83,8.0,2.63
Ligue 1,2018-2019,MONACO,1.0,1.53,21.05,42.11,1.0,1.47,21.05,31.58,1.5,42,25.6,38,1.0,25,0.66,63,1.66,34,0.89,4,5,92,6.0,1.55
Ligue 1,2018-2019,MONTPELLIER,1.63,1.05,42.11,26.32,1.16,1.16,36.84,47.37,1.11,25,28.0,50,1.32,28,0.74,78,2.05,47,1.24,3,3,61,4.0,1.97
Ligue 1,2018-2019,NANTES,1.84,1.26,47.37,47.37,0.68,1.26,21.05,57.89,1.26,33,25.9,46,1.21,28,0.74,74,1.95,40,1.05,6,8,75,6.0,1.79
Ligue 1,2018-2019,NICE,1.0,0.74,52.63,47.37,0.58,1.11,26.32,42.11,0.92,30,24.2,28,0.74,18,0.47,46,1.21,23,0.61,5,9,73,5.0,1.08
Ligue 1,2018-2019,NÎMES,1.58,1.05,47.37,36.84,1.42,2.0,31.58,36.84,1.53,23,24.1,55,1.45,37,0.97,92,2.42,51,1.34,4,6,71,5.0,2.32
Ligue 1,2018-2019,PARIS S-G,3.32,0.53,89.47,21.05,2.21,1.32,63.16,36.84,0.92,30,26.2,103,2.71,72,1.89,175,4.61,93,2.45,10,12,64,4.0,4.34
Ligue 1,2018-2019,REIMS,1.11,0.95,42.11,42.11,0.95,1.26,26.32,21.05,1.11,27,26.2,39,1.03,27,0.71,66,1.74,37,0.97,2,2,67,2.0,1.68
Ligue 1,2018-2019,RENNES,1.42,0.95,42.11,15.79,1.47,1.79,26.32,36.84,1.37,28,25.7,52,1.37,34,0.89,86,2.26,45,1.18,7,10,70,3.0,2.08
Ligue 1,2018-2019,SAINT-ÉTIENNE,1.79,0.74,68.42,52.63,1.32,1.42,31.58,31.58,1.08,29,27.8,56,1.47,40,1.05,96,2.53,51,1.34,5,5,67,7.0,2.39
Ligue 1,2018-2019,STRASBOURG,1.63,1.32,31.58,26.32,1.42,1.21,26.32,36.84,1.26,26,26.2,57,1.5,43,1.13,100,2.63,52,1.37,5,7,71,4.0,2.5
Ligue 1,2018-2019,TOULOUSE,1.05,1.37,21.05,42.11,0.79,1.63,21.05,52.63,1.5,29,25.5,35,0.92,16,0.42,51,1.34,28,0.74,7,11,77,5.0,1.16
Ligue 1,2019-2020,AMIENS,1.21,1.64,21.43,42.86,1.0,1.93,7.14,21.43,1.79,27,27.4,30,1.07,20,0.71,50,1.79,27,0.96,3,5,59,4.0,1.68
Ligue 1,2019-2020,ANGERS,1.33,0.87,53.33,26.67,0.62,1.54,23.08,46.15,1.18,26,28.0,27,0.96,21,0.75,48,1.71,26,0.93,1,1,43,2.0,1.68
Ligue 1,2019-2020,BORDEAUX,1.46,0.92,30.77,38.46,1.4,1.47,33.33,26.67,1.21,26,26.9,40,1.43,29,1.04,69,2.46,38,1.36,2,2,55,0.0,2.39
Ligue 1,2019-2020,BREST,1.5,0.79,42.86,35.71,0.93,1.86,14.29,35.71,1.32,24,26.1,32,1.14,27,0.96,59,2.11,31,1.11,1,5,45,2.0,2.07
Ligue 1,2019-2020,DIJON,1.43,1.07,42.86,42.86,0.5,1.57,7.14,50.0,1.32,28,26.9,26,0.93,17,0.61,43,1.54,25,0.89,1,1,43,2.0,1.5
Ligue 1,2019-2020,LILLE,1.6,0.6,73.33,53.33,0.85,1.38,30.77,53.85,0.96,25,24.3,35,1.25,25,0.89,60,2.14,30,1.07,5,8,51,3.0,1.96
Ligue 1,2019-2020,LYON,1.31,0.54,38.46,38.46,1.67,1.33,40.0,53.33,0.96,27,24.8,42,1.5,29,1.04,71,2.54,37,1.32,5,6,50,4.0,2.36
Ligue 1,2019-2020,MARSEILLE,1.5,1.0,57.14,35.71,1.43,1.07,57.14,35.71,1.04,23,27.1,38,1.36,28,1.0,66,2.36,34,1.21,4,6,68,3.0,2.21
Ligue 1,2019-2020,METZ,1.29,1.21,35.71,42.86,0.64,1.29,21.43,21.43,1.25,24,25.9,27,0.96,20,0.71,47,1.68,25,0.89,2,4,45,4.0,1.61
Ligue 1,2019-2020,MONACO,2.07,1.57,57.14,35.71,1.07,1.57,21.43,42.86,1.57,28,26.0,44,1.57,29,1.04,73,2.61,40,1.43,4,4,61,10.0,2.46
Ligue 1,2019-2020,MONTPELLIER,1.86,0.71,71.43,42.86,0.64,1.71,7.14,50.0,1.21,27,28.5,33,1.18,19,0.68,52,1.86,31,1.11,2,5,57,5.0,1.79
Ligue 1,2019-2020,NANTES,0.79,0.79,42.86,85.71,1.21,1.43,35.71,50.0,1.11,29,25.4,23,0.82,16,0.57,39,1.39,21,0.75,2,2,52,2.0,1.32
Ligue 1,2019-2020,NICE,1.87,1.33,53.33,33.33,1.0,1.38,23.08,46.15,1.36,31,23.9,41,1.46,30,1.07,71,2.54,36,1.29,5,5,58,7.0,2.36
Ligue 1,2019-2020,NÎMES,1.21,1.07,42.86,50.0,0.86,2.07,7.14,35.71,1.57,28,25.4,29,1.04,20,0.71,49,1.75,27,0.96,2,2,44,6.0,1.68
Ligue 1,2019-2020,PARIS S-G,3.14,0.79,85.71,14.29,2.38,1.0,76.92,46.15,0.89,31,27.2,71,2.63,51,1.89,122,4.52,65,2.41,6,8,51,1.0,4.3
Ligue 1,2019-2020,REIMS,0.86,0.5,35.71,35.71,1.0,1.0,35.71,28.57,0.75,26,25.3,26,0.93,16,0.57,42,1.5,21,0.75,5,5,57,5.0,1.32
Ligue 1,2019-2020,RENNES,1.79,1.0,64.29,71.43,0.93,0.71,42.86,64.29,0.86,26,25.5,37,1.32,26,0.93,63,2.25,34,1.21,3,5,51,1.0,2.14
Ligue 1,2019-2020,SAINT-ÉTIENNE,1.07,1.29,28.57,28.57,1.0,1.93,28.57,64.29,1.61,31,27.0,28,1.0,20,0.71,48,1.71,23,0.82,5,5,61,3.0,1.54
Ligue 1,2019-2020,STRASBOURG,1.69,1.08,53.85,46.15,0.71,1.29,28.57,42.86,1.19,25,25.8,32,1.19,21,0.78,53,1.96,29,1.07,3,4,47,1.0,1.85
Ligue 1,2019-2020,TOULOUSE,0.85,1.85,23.08,46.15,0.73,2.27,0.0,33.33,2.07,30,25.1,21,0.75,14,0.5,35,1.25,17,0.61,4,6,49,5.0,1.11
Ligue 1,2020-2021,ANGERS,1.05,1.42,31.58,42.11,1.05,1.63,31.58,31.58,1.53,31,27.9,40,1.05,23,0.61,63,1.66,35,0.92,5,6,65,2.0,1.53
Ligue 1,2020-2021,BORDEAUX,1.0,1.11,36.84,42.11,1.21,1.84,31.58,31.58,1.47,28,27.6,41,1.08,32,0.84,73,1.92,37,0.97,4,4,78,4.0,1.82
Ligue 1,2020-2021,BREST,1.68,1.74,42.11,42.11,0.95,1.74,15.79,42.11,1.74,26,24.9,48,1.26,31,0.82,79,2.08,45,1.18,3,4,62,4.0,2.0
Ligue 1,2020-2021,DIJON,0.42,1.63,5.26,26.32,0.89,2.21,15.79,26.32,1.92,33,25.7,25,0.66,15,0.39,40,1.05,22,0.58,3,5,76,5.0,0.97
Ligue 1,2020-2021,LENS,1.47,1.37,36.84,42.11,1.42,1.47,42.11,47.37,1.42,27,26.4,53,1.39,35,0.92,88,2.32,43,1.13,10,12,94,7.0,2.05
Ligue 1,2020-2021,LILLE,1.47,0.58,52.63,36.84,1.89,0.63,73.68,42.11,0.61,21,25.4,62,1.63,39,1.03,101,2.66,57,1.5,5,5,68,2.0,2.53
Ligue 1,2020-2021,LORIENT,1.63,1.53,52.63,47.37,1.0,2.05,5.26,21.05,1.79,27,26.8,49,1.29,26,0.68,75,1.97,40,1.05,9,10,69,3.0,1.74
Ligue 1,2020-2021,LYON,2.21,1.21,57.89,42.11,2.05,1.05,57.89,42.11,1.13,29,25.8,76,2.0,46,1.21,122,3.21,65,1.71,11,11,66,10.0,2.92
Ligue 1,2020-2021,MARSEILLE,1.68,1.21,52.63,36.84,1.16,1.26,31.58,36.84,1.24,31,27.2,53,1.39,45,1.18,98,2.58,49,1.29,4,7,98,9.0,2.47
Ligue 1,2020-2021,METZ,1.0,1.37,26.32,21.05,1.32,1.16,36.84,47.37,1.26,27,25.7,42,1.11,28,0.74,70,1.84,35,0.92,7,11,84,4.0,1.66
Ligue 1,2020-2021,MONACO,2.26,1.11,63.16,31.58,1.74,1.11,63.16,68.42,1.11,30,24.8,76,2.0,52,1.37,128,3.37,64,1.68,12,15,78,7.0,3.05
Ligue 1,2020-2021,MONTPELLIER,1.79,1.84,36.84,42.11,1.37,1.42,36.84,36.84,1.63,25,28.0,60,1.58,42,1.11,102,2.68,58,1.53,2,5,65,7.0,2.63
Ligue 1,2020-2021,NANTES,1.05,1.5,15.0,35.0,1.4,1.35,35.0,35.0,1.42,25,25.8,47,1.24,28,0.74,75,1.97,39,1.03,8,9,70,4.0,1.76
Ligue 1,2020-2021,NICE,1.32,1.58,36.84,42.11,1.32,1.21,42.11,36.84,1.39,31,23.5,49,1.29,26,0.68,75,1.97,42,1.11,7,7,73,4.0,1.79
Ligue 1,2020-2021,NÎMES,1.16,2.05,15.79,21.05,0.95,1.68,31.58,36.84,1.87,33,25.8,40,1.05,26,0.68,66,1.74,33,0.87,7,8,60,5.0,1.55
Ligue 1,2020-2021,PARIS S-G,2.32,0.74,68.42,42.11,2.21,0.74,68.42,26.32,0.74,33,26.7,84,2.21,52,1.37,136,3.58,72,1.89,12,13,79,7.0,3.26
Ligue 1,2020-2021,REIMS,0.84,1.11,21.05,36.84,1.37,1.53,26.32,42.11,1.32,29,24.6,39,1.03,23,0.61,62,1.63,34,0.89,5,5,77,8.0,1.5
Ligue 1,2020-2021,RENNES,1.37,1.11,47.37,57.89,1.37,1.0,36.84,36.84,1.05,32,25.5,50,1.32,39,1.03,89,2.34,47,1.24,3,3,79,5.0,2.26
Ligue 1,2020-2021,SAINT-ÉTIENNE,1.05,1.53,26.32,31.58,1.16,1.32,36.84,42.11,1.42,40,25.4,40,1.05,28,0.74,68,1.79,34,0.89,6,9,76,2.0,1.63
Ligue 1,2020-2021,STRASBOURG,1.11,1.53,21.05,47.37,1.47,1.53,36.84,36.84,1.53,26,26.8,49,1.29,26,0.68,75,1.97,39,1.03,10,12,58,3.0,1.71
Ligue 1,2021-2022,ANGERS,1.21,1.21,42.11,52.63,1.11,1.68,10.53,26.32,1.45,30,27.4,41,1.08,25,0.66,66,1.74,32,0.84,9,9,70,4.0,1.5
Ligue 1,2021-2022,BORDEAUX,1.32,1.74,15.79,42.11,1.42,3.05,15.79,15.79,2.39,39,25.7,50,1.32,39,1.03,89,2.34,48,1.26,2,4,91,5.0,2.29
Ligue 1,2021-2022,BREST,1.47,1.53,36.84,26.32,1.11,1.47,31.58,47.37,1.5,25,25.4,48,1.26,32,0.84,80,2.11,41,1.08,7,8,59,2.0,1.92
Ligue 1,2021-2022,CLERMONT FOOT,1.16,1.74,21.05,42.11,0.84,1.89,26.32,42.11,1.82,28,26.9,36,0.95,25,0.66,61,1.61,34,0.89,2,3,65,8.0,1.55
Ligue 1,2021-2022,LENS,1.84,1.05,47.37,26.32,1.42,1.47,42.11,57.89,1.26,28,26.1,60,1.58,39,1.03,99,2.61,55,1.45,5,5,73,7.0,2.47
Ligue 1,2021-2022,LILLE,1.26,1.16,36.84,31.58,1.26,1.37,36.84,57.89,1.26,26,26.1,45,1.18,29,0.76,74,1.95,41,1.08,4,5,98,6.0,1.84
Ligue 1,2021-2022,LORIENT,1.05,1.16,31.58,42.11,0.79,2.16,10.53,15.79,1.66,29,26.2,35,0.92,20,0.53,55,1.45,32,0.84,3,3,69,4.0,1.37
Ligue 1,2021-2022,LYON,2.21,1.32,57.89,36.84,1.26,1.37,31.58,42.11,1.34,30,25.6,64,1.68,45,1.18,109,2.87,56,1.47,8,8,65,6.0,2.66
Ligue 1,2021-2022,MARSEILLE,1.74,1.16,47.37,31.58,1.58,0.84,63.16,42.11,1.0,27,25.0,61,1.61,40,1.05,101,2.66,51,1.34,10,10,61,3.0,2.39
Ligue 1,2021-2022,METZ,1.11,1.63,15.79,31.58,0.74,2.0,15.79,31.58,1.82,36,25.9,33,0.87,24,0.63,57,1.5,32,0.84,1,1,94,9.0,1.47
Ligue 1,2021-2022,MONACO,2.0,0.84,63.16,21.05,1.42,1.26,42.11,42.11,1.05,27,24.4,62,1.63,45,1.18,107,2.82,53,1.39,9,9,85,4.0,2.58
Ligue 1,2021-2022,MONTPELLIER,1.42,1.37,36.84,42.11,1.16,1.84,26.32,21.05,1.61,27,25.8,48,1.26,31,0.82,79,2.08,45,1.18,3,4,77,8.0,2.0
Ligue 1,2021-2022,NANTES,1.74,1.05,57.89,36.84,1.16,1.47,21.05,47.37,1.26,26,26.1,53,1.39,37,0.97,90,2.37,48,1.26,5,5,80,4.0,2.24
Ligue 1,2021-2022,NICE,1.42,1.11,52.63,57.89,1.32,0.79,52.63,47.37,0.95,27,25.0,52,1.37,35,0.92,87,2.29,44,1.16,8,10,77,6.0,2.08
Ligue 1,2021-2022,PARIS S-G,2.58,0.63,84.21,26.32,2.16,1.26,52.63,21.05,0.95,36,27.8,88,2.32,65,1.71,153,4.03,81,2.13,7,8,79,4.0,3.84
Ligue 1,2021-2022,REIMS,1.32,1.21,26.32,47.37,0.95,1.11,31.58,47.37,1.16,35,24.0,42,1.11,27,0.71,69,1.82,38,1.0,4,6,68,7.0,1.71
Ligue 1,2021-2022,RENNES,2.63,0.68,73.68,26.32,1.68,1.42,31.58,36.84,1.05,28,25.3,81,2.13,61,1.61,142,3.74,77,2.03,4,4,56,2.0,3.63
Ligue 1,2021-2022,SAINT-ÉTIENNE,1.25,1.95,20.0,35.0,0.95,2.0,15.0,25.0,1.98,39,25.1,41,1.08,25,0.66,66,1.74,36,0.95,5,5,81,5.0,1.61
Ligue 1,2021-2022,STRASBOURG,1.89,0.95,57.89,31.58,1.26,1.32,31.58,31.58,1.13,26,27.0,56,1.47,40,1.05,96,2.53,50,1.32,6,8,72,3.0,2.37
Ligue 1,2021-2022,TROYES,1.0,1.0,26.32,47.37,0.95,1.79,21.05,36.84,1.39,35,27.1,35,0.92,23,0.61,58,1.53,29,0.76,6,7,75,6.0,1.37
Ligue 1,2022-2023,AJACCIO,0.53,1.58,21.05,36.84,0.68,2.32,15.79,42.11,1.95,36,29.1,22,0.58,12,0.32,34,0.89,16,0.42,6,9,86,10.0,0.74
Ligue 1,2022-2023,ANGERS,1.05,1.89,15.79,57.89,0.68,2.37,5.26,36.84,2.13,33,25.7,31,0.82,18,0.47,49,1.29,27,0.71,4,4,69,5.0,1.18
Ligue 1,2022-2023,AUXERRE,0.95,1.47,26.32,36.84,0.89,1.84,15.79,52.63,1.66,33,27.3,32,0.84,17,0.45,49,1.29,25,0.66,7,9,54,6.0,1.11
Ligue 1,2022-2023,BREST,1.26,1.37,36.84,47.37,1.05,1.47,21.05,42.11,1.42,29,26.6,43,1.13,28,0.74,71,1.87,36,0.95,7,8,63,2.0,1.68
Ligue 1,2022-2023,CLERMONT FOOT,1.05,1.47,47.37,36.84,1.32,1.11,42.11,52.63,1.29,28,27.2,44,1.16,26,0.68,70,1.84,37,0.97,7,10,72,5.0,1.66
Ligue 1,2022-2023,LENS,2.16,0.68,89.47,57.89,1.42,0.84,42.11,31.58,0.76,29,26.4,66,1.74,49,1.29,115,3.03,60,1.58,6,9,63,3.0,2.87
Ligue 1,2022-2023,LILLE,2.11,1.32,68.42,47.37,1.32,1.0,31.58,36.84,1.16,26,26.0,65,1.71,40,1.05,105,2.76,54,1.42,11,12,82,1.0,2.47
Ligue 1,2022-2023,LORIENT,1.37,1.11,47.37,52.63,1.37,1.68,31.58,26.32,1.39,30,25.2,49,1.29,32,0.84,81,2.13,45,1.18,4,6,48,4.0,2.03
Ligue 1,2022-2023,LYON,1.84,1.0,52.63,47.37,1.58,1.47,42.11,52.63,1.24,29,25.5,63,1.66,45,1.18,108,2.84,57,1.5,6,8,61,3.0,2.68
Ligue 1,2022-2023,MARSEILLE,1.84,1.26,52.63,42.11,1.68,0.84,63.16,52.63,1.05,30,27.3,61,1.61,38,1.0,99,2.61,55,1.45,6,7,63,4.0,2.45
Ligue 1,2022-2023,MONACO,1.95,1.74,47.37,36.84,1.74,1.32,52.63,31.58,1.53,27,24.7,69,1.82,47,1.24,116,3.05,64,1.68,5,8,64,5.0,2.92
Ligue 1,2022-2023,MONTPELLIER,1.53,1.53,36.84,47.37,1.89,1.74,42.11,31.58,1.63,31,26.0,64,1.68,41,1.08,105,2.76,57,1.5,7,7,68,10.0,2.58
Ligue 1,2022-2023,NANTES,1.05,1.37,26.32,21.05,0.89,1.53,10.53,26.32,1.45,29,26.7,35,0.92,27,0.71,62,1.63,32,0.84,3,5,65,4.0,1.55
Ligue 1,2022-2023,NICE,1.26,0.95,36.84,36.84,1.26,1.0,42.11,52.63,0.97,34,26.5,47,1.24,32,0.84,79,2.08,41,1.08,6,7,53,3.0,1.92
Ligue 1,2022-2023,PARIS S-G,2.37,1.32,68.42,47.37,2.32,0.79,73.68,31.58,1.05,26,26.9,86,2.26,62,1.63,148,3.89,81,2.13,5,7,57,5.0,3.76
Ligue 1,2022-2023,REIMS,1.47,1.21,42.11,26.32,0.89,1.16,21.05,26.32,1.18,34,24.9,45,1.18,31,0.82,76,2.0,38,1.0,7,8,70,9.0,1.82
Ligue 1,2022-2023,RENNES,2.26,0.74,78.95,42.11,1.37,1.32,31.58,42.11,1.03,32,25.2,66,1.74,47,1.24,113,2.97,63,1.66,3,3,58,6.0,2.89
Ligue 1,2022-2023,STRASBOURG,1.32,1.37,26.32,31.58,1.37,1.74,21.05,42.11,1.55,29,27.3,48,1.26,28,0.74,76,2.0,43,1.13,5,7,73,7.0,1.87
Ligue 1,2022-2023,TOULOUSE,1.42,1.42,31.58,31.58,1.26,1.58,36.84,36.84,1.5,29,25.1,50,1.32,33,0.87,83,2.18,46,1.21,4,4,62,3.0,2.08
Ligue 1,2022-2023,TROYES,1.0,1.58,5.26,10.53,1.37,2.68,15.79,47.37,2.13,32,25.8,43,1.13,26,0.68,69,1.82,38,1.0,5,5,55,5.0,1.68
Ligue 1,2023-2024,BREST,1.47,0.82,47.06,35.29,1.65,1.18,52.94,47.06,1.0,25,27.0,51,1.5,33,0.97,84,2.47,47,1.38,4,4,84,5.0,2.35
Ligue 1,2023-2024,CLERMONT FOOT,0.82,1.59,17.65,35.29,0.71,1.94,11.76,35.29,1.76,31,26.8,26,0.76,18,0.53,44,1.29,20,0.59,6,8,60,7.0,1.12
Ligue 1,2023-2024,LE HAVRE,1.06,1.12,35.29,47.06,0.94,1.53,5.88,35.29,1.32,27,26.2,33,0.97,23,0.68,56,1.65,27,0.79,6,7,67,6.0,1.47
Ligue 1,2023-2024,LENS,1.59,1.06,52.94,41.18,1.06,1.12,29.41,35.29,1.09,27,26.7,45,1.32,29,0.85,74,2.18,39,1.15,6,7,78,4.0,2.0
Ligue 1,2023-2024,LILLE,2.0,0.82,64.71,35.29,1.06,1.18,29.41,29.41,1.0,28,25.1,50,1.47,32,0.94,82,2.41,48,1.41,2,3,67,3.0,2.35
Ligue 1,2023-2024,LORIENT,1.53,1.76,23.53,35.29,1.0,2.12,17.65,23.53,1.94,38,24.7,41,1.21,27,0.79,68,2.0,40,1.18,1,1,66,1.0,1.97
Ligue 1,2023-2024,LYON,1.47,1.71,41.18,47.06,1.41,1.53,52.94,58.82,1.62,35,26.6,48,1.41,32,0.94,80,2.35,44,1.29,4,4,57,6.0,2.24
Ligue 1,2023-2024,MARSEILLE,1.82,0.76,58.82,17.65,1.24,1.65,17.65,41.18,1.21,33,27.3,50,1.47,32,0.94,82,2.41,46,1.35,4,4,61,5.0,2.29
Ligue 1,2023-2024,METZ,1.0,1.59,17.65,64.71,1.06,1.82,29.41,52.94,1.71,30,26.5,35,1.03,25,0.74,60,1.76,31,0.91,4,6,54,3.0,1.65
Ligue 1,2023-2024,MONACO,1.76,0.82,58.82,41.18,2.24,1.65,58.82,35.29,1.24,30,25.0,66,1.94,45,1.32,111,3.26,64,1.88,2,5,79,8.0,3.21
Ligue 1,2023-2024,MONTPELLIER,1.18,1.35,17.65,5.88,1.35,1.47,41.18,35.29,1.41,31,26.1,41,1.21,26,0.76,67,1.97,34,1.0,7,7,68,4.0,1.76
Ligue 1,2023-2024,NANTES,1.0,1.76,17.65,35.29,0.76,1.47,35.29,47.06,1.62,35,26.8,30,0.88,17,0.5,47,1.38,26,0.76,4,5,67,3.0,1.26
Ligue 1,2023-2024,NICE,1.24,0.65,52.94,52.94,1.12,1.06,35.29,41.18,0.85,27,25.8,39,1.15,23,0.68,62,1.82,33,0.97,6,7,62,4.0,1.65
Ligue 1,2023-2024,PARIS S-G,2.47,1.29,52.94,11.76,2.29,0.65,76.47,17.65,0.97,29,24.7,78,2.29,61,1.79,139,4.09,71,2.09,7,9,51,3.0,3.88
Ligue 1,2023-2024,REIMS,1.12,1.06,47.06,58.82,1.35,1.71,29.41,29.41,1.38,29,25.9,40,1.18,28,0.82,68,2.0,37,1.09,3,4,70,3.0,1.91
Ligue 1,2023-2024,RENNES,2.0,1.53,41.18,35.29,1.12,1.18,29.41,35.29,1.35,29,25.2,53,1.56,29,0.85,82,2.41,43,1.26,10,11,66,4.0,2.12
Ligue 1,2023-2024,STRASBOURG,1.29,1.35,41.18,47.06,0.94,1.59,17.65,29.41,1.47,30,24.1,36,1.06,24,0.71,60,1.76,33,0.97,3,4,59,2.0,1.68
Ligue 1,2023-2024,TOULOUSE,1.24,1.47,17.65,35.29,1.24,1.24,47.06,52.94,1.35,26,23.8,42,1.24,30,0.88,72,2.12,36,1.06,6,9,77,1.0,1.94
MLS,2010-2011,CHICAGO FIRE,0.93,0.87,26.67,33.33,1.53,1.67,33.33,53.33,1.27,28,26.7,35,1.17,23,0.77,58,1.93,33,1.1,2,2,41,3.0,1.87
MLS,2010-2011,CHIVAS USA,1.27,1.27,40.0,40.0,0.8,1.73,13.33,40.0,1.5,31,26.7,30,1.0,20,0.67,50,1.67,29,0.97,1,1,47,2.0,1.63
MLS,2010-2011,COLORADO RAPIDS,1.73,0.73,53.33,33.33,1.2,1.4,26.67,46.67,1.07,23,27.1,41,1.37,26,0.87,67,2.23,37,1.23,4,4,49,2.0,2.1
MLS,2010-2011,COLUMBUS CREW,1.47,0.8,66.67,33.33,1.2,1.47,26.67,26.67,1.13,24,27.0,38,1.27,18,0.6,56,1.87,33,1.1,5,7,41,4.0,1.7
MLS,2010-2011,D.C. UNITED,0.8,1.67,20.0,46.67,0.6,1.47,20.0,53.33,1.57,30,25.8,20,0.67,9,0.3,29,0.97,18,0.6,2,2,49,2.0,0.9
MLS,2010-2011,FC DALLAS,1.67,0.87,53.33,33.33,1.13,1.0,26.67,26.67,0.93,25,27.4,40,1.33,23,0.77,63,2.1,32,1.07,8,9,48,3.0,1.83
MLS,2010-2011,HOUSTON DYNAMO,1.67,1.4,40.0,53.33,1.0,1.87,20.0,26.67,1.63,25,28.1,39,1.3,30,1.0,69,2.3,36,1.2,3,4,48,8.0,2.2
MLS,2010-2011,KC WIZARDS,1.67,1.27,46.67,33.33,0.73,1.07,26.67,46.67,1.17,23,27.2,35,1.17,23,0.77,58,1.93,33,1.1,2,2,48,4.0,1.87
MLS,2010-2011,LA GALAXY,1.8,1.27,60.0,33.33,1.13,0.47,60.0,53.33,0.87,25,26.6,43,1.43,31,1.03,74,2.47,40,1.33,3,4,51,1.0,2.37
MLS,2010-2011,NE REVOLUTION,1.4,1.2,46.67,53.33,0.73,2.13,13.33,33.33,1.67,24,26.1,31,1.03,19,0.63,50,1.67,30,1.0,1,1,45,4.0,1.63
MLS,2010-2011,NY RED BULLS,1.2,0.6,66.67,60.0,1.33,1.33,33.33,26.67,0.97,27,27.7,36,1.2,21,0.7,57,1.9,32,1.07,4,5,50,3.0,1.77
MLS,2010-2011,PHILADELPHIA UNION,1.47,1.07,40.0,46.67,0.87,2.2,13.33,40.0,1.63,25,26.2,35,1.17,24,0.8,59,1.97,32,1.07,3,3,43,5.0,1.87
MLS,2010-2011,REAL SALT LAKE,2.07,0.47,73.33,26.67,0.93,0.87,26.67,40.0,0.67,22,27.5,45,1.5,26,0.87,71,2.37,42,1.4,3,4,50,,2.27
MLS,2010-2011,SJ EARTHQUAKES,1.13,0.93,46.67,40.0,1.13,1.27,40.0,46.67,1.1,28,27.3,34,1.13,21,0.7,55,1.83,31,1.03,3,3,39,4.0,1.73
MLS,2010-2011,SEATTLE SOUNDERS,1.4,1.07,53.33,53.33,1.2,1.27,40.0,46.67,1.17,28,27.7,38,1.27,32,1.07,70,2.33,37,1.23,1,2,46,2.0,2.3
MLS,2010-2011,TORONTO FC,1.27,1.0,40.0,40.0,0.93,1.73,20.0,53.33,1.37,27,26.1,33,1.1,22,0.73,55,1.83,30,1.0,3,3,60,7.0,1.73
MLS,2011-2012,CHICAGO FIRE,1.41,1.12,35.29,41.18,1.29,1.53,17.65,29.41,1.32,27,25.8,44,1.29,30,0.88,74,2.18,42,1.24,2,2,68,3.0,2.12
MLS,2011-2012,CHIVAS USA,1.12,1.0,29.41,35.29,1.29,1.53,17.65,58.82,1.26,27,27.4,41,1.21,30,0.88,71,2.09,41,1.21,0,0,53,4.0,2.09
MLS,2011-2012,COLORADO RAPIDS,1.47,0.94,35.29,17.65,1.12,1.47,35.29,58.82,1.21,23,28.3,44,1.29,28,0.82,72,2.12,41,1.21,3,4,57,5.0,2.03
MLS,2011-2012,COLUMBUS CREW,1.59,1.06,52.94,47.06,0.94,1.53,23.53,35.29,1.29,26,26.5,41,1.21,24,0.71,65,1.91,32,0.94,9,9,51,3.0,1.65
MLS,2011-2012,D.C. UNITED,1.65,1.59,23.53,23.53,1.24,1.47,29.41,41.18,1.53,29,24.8,49,1.44,30,0.88,79,2.32,41,1.21,8,10,44,4.0,2.09
MLS,2011-2012,FC DALLAS,1.18,0.65,52.94,41.18,1.29,1.65,35.29,47.06,1.15,27,27.2,42,1.24,34,1.0,76,2.24,41,1.21,1,2,56,4.0,2.21
MLS,2011-2012,HOUSTON DYNAMO,1.88,1.18,58.82,41.18,0.76,1.24,11.76,23.53,1.21,26,26.1,44,1.29,32,0.94,76,2.24,41,1.21,3,3,51,7.0,2.15
MLS,2011-2012,LA GALAXY,1.65,0.47,70.59,41.18,1.18,1.18,41.18,35.29,0.82,29,27.3,46,1.35,32,0.94,78,2.29,42,1.24,4,4,53,4.0,2.18
MLS,2011-2012,NE REVOLUTION,1.0,1.41,23.53,41.18,1.24,2.0,5.88,41.18,1.71,27,26.1,38,1.12,19,0.56,57,1.68,32,0.94,6,7,56,10.0,1.5
MLS,2011-2012,NY RED BULLS,1.71,1.0,47.06,35.29,1.24,1.59,11.76,11.76,1.29,31,28.6,47,1.38,42,1.24,89,2.62,44,1.29,3,5,55,5.0,2.53
MLS,2011-2012,PHILADELPHIA UNION,1.41,1.06,41.18,47.06,1.18,1.06,23.53,41.18,1.06,23,26.6,43,1.26,32,0.94,75,2.21,39,1.15,4,4,46,3.0,2.09
MLS,2011-2012,PORTLAND TIMBERS,1.76,1.29,52.94,58.82,0.59,1.53,11.76,29.41,1.41,27,25.3,37,1.09,29,0.85,66,1.94,34,1.0,3,5,51,3.0,1.85
MLS,2011-2012,REAL SALT LAKE,1.71,0.88,58.82,29.41,0.88,1.24,29.41,47.06,1.06,27,27.5,43,1.26,31,0.91,74,2.18,38,1.12,5,5,58,7.0,2.03
MLS,2011-2012,SJ EARTHQUAKES,1.41,1.12,29.41,23.53,0.94,1.53,17.65,29.41,1.32,31,27.3,40,1.18,29,0.85,69,2.03,39,1.15,1,2,65,5.0,2.0
MLS,2011-2012,SEATTLE SOUNDERS,1.88,1.18,52.94,47.06,1.41,1.0,52.94,52.94,1.09,26,28.0,54,1.59,35,1.03,89,2.62,48,1.41,6,9,63,2.0,2.44
MLS,2011-2012,SPORTING KC,1.71,0.94,52.94,35.29,1.24,1.41,23.53,52.94,1.18,29,26.4,48,1.41,31,0.91,79,2.32,44,1.29,4,4,52,8.0,2.21
MLS,2011-2012,TORONTO FC,1.06,1.24,29.41,35.29,1.06,2.24,5.88,5.88,1.74,38,25.1,36,1.06,23,0.68,59,1.74,34,1.0,2,2,56,4.0,1.68
MLS,2011-2012,VANCOUVER W'CAPS,1.41,1.41,35.29,41.18,0.65,1.82,0.0,41.18,1.62,31,26.0,35,1.03,25,0.74,60,1.76,30,0.88,5,6,55,5.0,1.62
MLS,2012-2013,CHICAGO FIRE,1.59,1.06,64.71,52.94,1.12,1.35,35.29,47.06,1.21,27,27.4,46,1.35,34,1.0,80,2.35,44,1.29,2,3,50,5.0,2.29
MLS,2012-2013,CHIVAS USA,0.53,1.76,17.65,47.06,0.88,1.65,23.53,41.18,1.71,30,28.0,24,0.71,14,0.41,38,1.12,21,0.62,3,3,53,1.0,1.03
MLS,2012-2013,COLORADO RAPIDS,1.71,1.12,47.06,41.18,0.88,1.82,17.65,47.06,1.47,31,28.3,44,1.29,28,0.82,72,2.12,41,1.21,3,4,41,3.0,2.03
MLS,2012-2013,COLUMBUS CREW,1.65,1.24,64.71,58.82,0.94,1.35,23.53,52.94,1.29,29,27.0,44,1.29,29,0.85,73,2.15,42,1.24,2,3,54,2.0,2.09
MLS,2012-2013,D.C. UNITED,2.18,1.0,70.59,41.18,0.94,1.53,29.41,52.94,1.26,24,25.8,52,1.53,41,1.21,93,2.74,51,1.5,1,2,47,3.0,2.71
MLS,2012-2013,FC DALLAS,1.24,0.94,35.29,35.29,1.24,1.82,17.65,52.94,1.38,27,27.3,41,1.21,24,0.71,65,1.91,39,1.15,2,5,47,6.0,1.85
MLS,2012-2013,HOUSTON DYNAMO,1.82,0.71,64.71,35.29,1.0,1.71,17.65,23.53,1.21,25,26.9,47,1.38,33,0.97,80,2.35,41,1.21,6,7,34,1.0,2.18
MLS,2012-2013,LA GALAXY,1.82,1.18,58.82,35.29,1.65,1.59,35.29,41.18,1.38,32,28.0,57,1.68,43,1.26,100,2.94,54,1.59,3,4,50,2.0,2.85
MLS,2012-2013,MONTREAL IMPACT,1.82,1.12,58.82,29.41,0.82,1.88,11.76,41.18,1.5,31,27.9,44,1.29,29,0.85,73,2.15,35,1.03,9,9,55,3.0,1.88
MLS,2012-2013,NE REVOLUTION,1.35,0.88,41.18,41.18,0.94,1.71,11.76,70.59,1.29,29,26.1,37,1.09,25,0.74,62,1.82,35,1.03,2,2,41,3.0,1.76
MLS,2012-2013,NY RED BULLS,2.0,1.06,64.71,29.41,1.35,1.65,29.41,23.53,1.35,27,27.8,56,1.65,40,1.18,96,2.82,53,1.56,3,3,61,2.0,2.74
MLS,2012-2013,PHILADELPHIA UNION,1.29,1.18,41.18,58.82,0.88,1.47,17.65,47.06,1.32,31,24.3,36,1.06,18,0.53,54,1.59,31,0.91,5,6,59,5.0,1.44
MLS,2012-2013,PORTLAND TIMBERS,1.41,1.24,41.18,52.94,0.59,2.06,5.88,35.29,1.65,29,26.1,32,0.94,21,0.62,53,1.56,32,0.94,0,0,55,2.0,1.56
MLS,2012-2013,REAL SALT LAKE,1.59,0.88,64.71,64.71,1.12,1.18,35.29,41.18,1.03,24,27.8,44,1.29,31,0.91,75,2.21,40,1.18,4,4,58,4.0,2.09
MLS,2012-2013,SJ EARTHQUAKES,2.53,1.29,58.82,29.41,1.71,1.24,52.94,58.82,1.26,25,27.7,71,2.09,52,1.53,123,3.62,65,1.91,6,8,60,5.0,3.44
MLS,2012-2013,SEATTLE SOUNDERS,1.59,0.65,64.71,41.18,1.41,1.29,23.53,29.41,0.97,28,27.5,48,1.41,38,1.12,86,2.53,46,1.35,2,2,54,4.0,2.47
MLS,2012-2013,SPORTING KC,1.29,0.71,58.82,52.94,1.18,0.88,47.06,41.18,0.79,25,26.7,41,1.21,32,0.94,73,2.15,38,1.12,3,4,52,3.0,2.06
MLS,2012-2013,TORONTO FC,0.88,1.47,17.65,52.94,1.24,2.18,11.76,41.18,1.82,29,25.5,36,1.06,30,0.88,66,1.94,36,1.06,0,2,55,2.0,1.94
MLS,2012-2013,VANCOUVER W'CAPS,1.47,1.0,47.06,35.29,0.59,1.41,17.65,47.06,1.21,29,28.8,35,1.03,25,0.74,60,1.76,34,1.0,1,1,69,3.0,1.74
MLS,2013-2014,CHICAGO FIRE,1.71,1.24,58.82,58.82,1.06,1.82,23.53,35.29,1.53,27,27.0,45,1.32,33,0.97,78,2.29,42,1.24,3,5,50,,2.21
MLS,2013-2014,CHIVAS USA,1.0,1.71,29.41,41.18,0.76,2.24,5.88,23.53,1.97,34,25.2,28,0.82,18,0.53,46,1.35,27,0.79,1,2,66,0.0,1.32
MLS,2013-2014,COLORADO RAPIDS,1.76,0.94,58.82,47.06,0.88,1.29,23.53,52.94,1.12,31,25.9,43,1.26,33,0.97,76,2.24,40,1.18,3,4,43,,2.15
MLS,2013-2014,COLUMBUS CREW,1.12,0.76,41.18,35.29,1.35,1.94,29.41,52.94,1.35,25,26.4,41,1.21,28,0.82,69,2.03,35,1.03,6,9,64,,1.85
MLS,2013-2014,D.C. UNITED,0.94,1.71,17.65,47.06,0.35,1.76,0.0,41.18,1.74,33,25.7,21,0.62,15,0.44,36,1.06,19,0.56,2,3,52,,1.0
MLS,2013-2014,FC DALLAS,1.71,1.29,52.94,35.29,1.12,1.76,11.76,35.29,1.53,25,27.3,46,1.35,34,1.0,80,2.35,43,1.26,3,4,56,,2.26
MLS,2013-2014,HOUSTON DYNAMO,1.41,1.0,52.94,29.41,1.0,1.41,29.41,35.29,1.21,25,26.7,40,1.18,35,1.03,75,2.21,37,1.09,3,5,40,,2.12
MLS,2013-2014,LA GALAXY,1.88,0.47,64.71,35.29,1.24,1.76,23.53,41.18,1.12,27,27.4,52,1.53,39,1.15,91,2.68,46,1.35,6,8,36,,2.5
MLS,2013-2014,MONTREAL IMPACT,1.82,1.18,58.82,52.94,1.12,1.71,23.53,47.06,1.44,25,28.9,50,1.47,37,1.09,87,2.56,46,1.35,4,4,62,,2.44
MLS,2013-2014,NE REVOLUTION,1.71,0.94,47.06,35.29,1.18,1.29,35.29,47.06,1.12,26,24.8,47,1.38,36,1.06,83,2.44,44,1.29,3,4,49,,2.35
MLS,2013-2014,NY RED BULLS,2.0,0.94,64.71,47.06,1.41,1.47,35.29,35.29,1.21,27,29.1,56,1.65,44,1.29,100,2.94,53,1.56,3,3,42,,2.85
MLS,2013-2014,PHILADELPHIA UNION,1.35,1.06,41.18,35.29,1.12,1.53,29.41,52.94,1.29,24,25.6,42,1.24,35,1.03,77,2.26,42,1.24,0,0,64,,2.26
MLS,2013-2014,PORTLAND TIMBERS,1.71,0.65,64.71,47.06,1.47,1.29,17.65,23.53,0.97,26,27.3,53,1.56,38,1.12,91,2.68,50,1.47,3,3,48,,2.59
MLS,2013-2014,REAL SALT LAKE,1.82,0.94,58.82,35.29,1.53,1.47,35.29,41.18,1.21,27,27.5,56,1.65,34,1.0,90,2.65,50,1.47,6,7,62,,2.47
MLS,2013-2014,SJ EARTHQUAKES,1.35,0.76,64.71,58.82,0.71,1.71,17.65,41.18,1.24,28,28.3,34,1.0,27,0.79,61,1.79,32,0.94,2,2,64,,1.74
MLS,2013-2014,SEATTLE SOUNDERS,1.71,0.88,58.82,35.29,0.76,1.59,29.41,47.06,1.24,29,28.4,39,1.15,30,0.88,69,2.03,36,1.06,3,4,46,,1.94
MLS,2013-2014,SPORTING KC,1.71,0.88,52.94,52.94,1.06,0.88,47.06,64.71,0.88,24,26.5,45,1.32,33,0.97,78,2.29,41,1.21,4,4,67,,2.18
MLS,2013-2014,TORONTO FC,1.35,1.29,23.53,47.06,0.41,1.47,11.76,52.94,1.38,35,25.0,28,0.82,17,0.5,45,1.32,26,0.76,2,2,70,0.0,1.26
MLS,2013-2014,VANCOUVER W'CAPS,1.88,1.12,52.94,35.29,1.24,1.53,23.53,41.18,1.32,26,27.8,53,1.56,31,0.91,84,2.47,47,1.38,6,6,46,,2.29
MLS,2014-2015,CHICAGO FIRE,1.29,1.18,23.53,35.29,1.12,1.82,11.76,35.29,1.5,29,27.1,41,1.21,29,0.85,70,2.06,34,1.0,7,11,65,,1.85
MLS,2014-2015,CHIVAS USA,0.82,1.76,35.29,47.06,0.88,1.82,17.65,17.65,1.79,33,27.4,28,0.82,16,0.47,44,1.29,22,0.65,6,7,72,0.0,1.12
MLS,2014-2015,COLORADO RAPIDS,1.53,1.24,35.29,29.41,1.0,2.41,11.76,47.06,1.82,29,25.6,42,1.24,26,0.76,68,2.0,33,0.97,9,10,54,,1.74
MLS,2014-2015,COLUMBUS CREW,1.59,0.88,52.94,41.18,1.47,1.59,29.41,35.29,1.24,27,26.0,51,1.5,41,1.21,92,2.71,44,1.29,7,10,60,,2.5
MLS,2014-2015,D.C. UNITED,1.65,0.71,64.71,29.41,1.41,1.47,35.29,47.06,1.09,26,27.2,47,1.38,42,1.24,89,2.62,43,1.26,4,5,52,,2.5
MLS,2014-2015,FC DALLAS,1.94,1.29,70.59,64.71,1.29,1.35,23.53,47.06,1.32,26,26.4,53,1.56,34,1.0,87,2.56,46,1.35,7,9,54,,2.35
MLS,2014-2015,HOUSTON DYNAMO,1.59,1.47,47.06,35.29,0.71,1.94,17.65,23.53,1.71,24,27.0,37,1.09,33,0.97,70,2.06,34,1.0,3,6,52,,1.97
MLS,2014-2015,LA GALAXY,2.59,0.82,70.59,29.41,1.47,1.35,29.41,35.29,1.09,29,28.5,68,2.0,58,1.71,126,3.71,64,1.88,4,8,49,,3.59
MLS,2014-2015,MONTREAL IMPACT,1.41,1.41,35.29,23.53,0.82,2.0,0.0,41.18,1.71,32,27.6,38,1.12,37,1.09,75,2.21,38,1.12,0,2,58,,2.21
MLS,2014-2015,NE REVOLUTION,1.65,0.82,64.71,47.06,1.35,1.88,35.29,47.06,1.35,26,25.6,49,1.44,45,1.32,94,2.76,45,1.32,4,4,56,,2.65
MLS,2014-2015,NY RED BULLS,2.24,1.35,58.82,41.18,1.0,1.59,17.65,17.65,1.47,27,29.5,55,1.62,47,1.38,102,3.0,48,1.41,7,8,54,,2.79
MLS,2014-2015,PHILADELPHIA UNION,1.76,1.53,35.29,35.29,1.24,1.47,23.53,47.06,1.5,29,25.9,49,1.44,38,1.12,87,2.56,42,1.24,7,7,37,,2.35
MLS,2014-2015,PORTLAND TIMBERS,2.0,1.65,29.41,23.53,1.59,1.41,41.18,35.29,1.53,25,28.1,59,1.74,42,1.24,101,2.97,55,1.62,4,4,52,,2.85
MLS,2014-2015,REAL SALT LAKE,1.94,0.82,64.71,29.41,1.24,1.47,23.53,52.94,1.15,25,28.3,53,1.56,39,1.15,92,2.71,46,1.35,7,8,51,,2.5
MLS,2014-2015,SJ EARTHQUAKES,1.24,1.24,29.41,47.06,0.82,1.71,5.88,35.29,1.47,27,29.4,34,1.0,25,0.74,59,1.74,32,0.94,2,3,56,,1.68
MLS,2014-2015,SEATTLE SOUNDERS,1.82,0.94,70.59,52.94,2.0,2.0,47.06,41.18,1.47,24,28.4,64,1.88,54,1.59,118,3.47,58,1.71,6,7,56,,3.29
MLS,2014-2015,SPORTING KC,1.47,1.24,35.29,23.53,1.35,1.18,47.06,58.82,1.21,30,26.3,48,1.41,33,0.97,81,2.38,41,1.21,7,8,64,,2.18
MLS,2014-2015,TORONTO FC,1.41,1.35,41.18,52.94,1.18,1.82,23.53,29.41,1.59,27,26.2,43,1.26,36,1.06,79,2.32,40,1.18,3,5,59,0.0,2.24
MLS,2014-2015,VANCOUVER W'CAPS,1.59,1.12,52.94,35.29,0.88,1.24,17.65,29.41,1.18,26,26.5,41,1.21,28,0.82,69,2.03,31,0.91,10,12,60,,1.74
MLS,2015-2016,CHICAGO FIRE,1.35,1.12,47.06,76.47,1.18,2.29,0.0,41.18,1.71,30,27.4,43,1.26,37,1.09,80,2.35,36,1.06,7,8,69,,2.15
MLS,2015-2016,COLORADO RAPIDS,1.12,1.35,29.41,47.06,0.82,1.18,23.53,29.41,1.26,30,27.4,33,0.97,31,0.91,64,1.88,31,0.91,2,1,77,,1.82
MLS,2015-2016,COLUMBUS CREW,2.24,1.47,52.94,41.18,1.18,1.65,35.29,41.18,1.56,25,27.3,57,1.68,53,1.56,110,3.24,56,1.65,1,2,57,,3.21
MLS,2015-2016,D.C. UNITED,2.0,1.24,64.71,52.94,0.53,1.41,23.53,52.94,1.32,25,27.6,42,1.24,31,0.91,73,2.15,38,1.12,4,5,49,,2.03
MLS,2015-2016,FC DALLAS,1.94,0.88,76.47,41.18,1.12,1.41,29.41,23.53,1.15,24,25.5,51,1.5,38,1.12,89,2.62,47,1.38,4,4,52,,2.5
MLS,2015-2016,HOUSTON DYNAMO,1.76,1.24,52.94,35.29,0.71,1.65,11.76,23.53,1.44,26,27.6,42,1.24,28,0.82,70,2.06,40,1.18,2,4,57,,2.0
MLS,2015-2016,LA GALAXY,2.41,0.94,70.59,35.29,0.88,1.76,11.76,29.41,1.35,29,28.3,56,1.65,56,1.65,112,3.29,51,1.5,5,6,56,,3.15
MLS,2015-2016,MONTREAL IMPACT,1.88,1.0,64.71,58.82,0.94,1.59,23.53,52.94,1.29,30,27.2,48,1.41,27,0.79,75,2.21,43,1.26,5,6,85,,2.06
MLS,2015-2016,NE REVOLUTION,1.59,0.71,52.94,35.29,1.24,2.06,29.41,23.53,1.38,21,26.5,47,1.38,40,1.18,87,2.56,44,1.29,3,3,59,,2.47
MLS,2015-2016,NY RED BULLS,2.06,1.06,70.59,35.29,1.59,1.47,35.29,47.06,1.26,24,27.2,62,1.82,52,1.53,114,3.35,55,1.62,7,11,64,,3.15
MLS,2015-2016,NYCFC,1.88,1.82,35.29,29.41,1.0,1.59,23.53,58.82,1.71,30,28.6,48,1.41,36,1.06,84,2.47,40,1.18,8,9,78,,2.24
MLS,2015-2016,ORLANDO CITY,1.47,1.12,41.18,29.41,1.24,2.18,29.41,29.41,1.65,30,26.3,41,1.21,33,0.97,74,2.18,37,1.09,4,5,75,0.0,2.06
MLS,2015-2016,PHILADELPHIA UNION,1.29,1.12,41.18,52.94,1.18,2.12,17.65,41.18,1.62,28,26.4,40,1.18,33,0.97,73,2.15,39,1.15,1,2,55,,2.12
MLS,2015-2016,PORTLAND TIMBERS,1.35,0.76,47.06,23.53,1.06,1.53,41.18,58.82,1.15,23,27.1,41,1.21,33,0.97,74,2.18,37,1.09,4,5,47,,2.06
MLS,2015-2016,REAL SALT LAKE,1.29,0.82,41.18,41.18,0.94,2.0,23.53,41.18,1.41,27,27.5,37,1.09,26,0.76,63,1.85,33,0.97,4,6,73,,1.74
MLS,2015-2016,SJ EARTHQUAKES,1.0,0.65,47.06,47.06,1.41,1.65,29.41,47.06,1.15,26,27.8,41,1.21,26,0.76,67,1.97,35,1.03,6,6,60,,1.79
MLS,2015-2016,SEATTLE SOUNDERS,1.53,0.82,64.71,52.94,1.06,1.29,23.53,35.29,1.06,29,29.0,44,1.29,33,0.97,77,2.26,42,1.24,2,3,53,,2.21
MLS,2015-2016,SPORTING KC,1.71,1.18,58.82,35.29,1.12,1.47,23.53,58.82,1.32,28,26.6,47,1.38,43,1.26,90,2.65,42,1.24,5,6,67,,2.5
MLS,2015-2016,TORONTO FC,2.0,1.29,64.71,35.29,1.41,2.12,23.53,41.18,1.71,27,26.9,57,1.68,47,1.38,104,3.06,51,1.5,6,7,58,0.0,2.88
MLS,2015-2016,VANCOUVER W'CAPS,1.59,1.06,52.94,35.29,1.06,1.06,41.18,64.71,1.06,26,26.0,45,1.32,30,0.88,75,2.21,40,1.18,5,5,79,,2.06
MLS,2016-2017,CHICAGO FIRE,1.53,1.24,35.29,47.06,0.94,2.18,5.88,47.06,1.71,26,26.1,40,1.18,32,0.94,72,2.12,38,1.12,2,2,43,,2.06
MLS,2016-2017,COLORADO RAPIDS,1.18,0.41,64.71,52.94,1.12,1.47,23.53,47.06,0.94,24,27.5,39,1.15,34,1.0,73,2.15,37,1.09,2,3,84,,2.09
MLS,2016-2017,COLUMBUS CREW,1.82,1.47,35.29,29.41,1.12,1.94,11.76,35.29,1.71,28,27.5,48,1.41,39,1.15,87,2.56,42,1.24,6,7,33,,2.38
MLS,2016-2017,D.C. UNITED,2.06,1.06,52.94,5.88,1.06,1.71,11.76,23.53,1.38,27,27.6,53,1.56,39,1.15,92,2.71,50,1.47,3,4,66,,2.62
MLS,2016-2017,FC DALLAS,1.94,0.71,70.59,29.41,1.0,1.65,29.41,17.65,1.18,27,25.5,49,1.44,35,1.03,84,2.47,44,1.29,5,5,60,,2.32
MLS,2016-2017,HOUSTON DYNAMO,1.35,1.24,29.41,23.53,0.94,1.41,11.76,58.82,1.32,26,28.2,38,1.12,27,0.79,65,1.91,37,1.09,1,1,43,,1.88
MLS,2016-2017,LA GALAXY,1.88,1.06,47.06,11.76,1.29,1.24,23.53,47.06,1.15,28,28.8,52,1.53,42,1.24,94,2.76,48,1.41,4,6,52,,2.65
MLS,2016-2017,MONTREAL IMPACT,1.82,1.71,41.18,17.65,1.06,1.41,23.53,41.18,1.56,27,28.6,49,1.44,39,1.15,88,2.59,44,1.29,5,6,66,,2.44
MLS,2016-2017,NE REVOLUTION,1.53,1.12,52.94,23.53,1.06,2.06,11.76,23.53,1.59,24,27.0,41,1.21,32,0.94,73,2.15,38,1.12,3,4,55,,2.06
MLS,2016-2017,NY RED BULLS,2.12,1.0,76.47,41.18,1.47,1.59,17.65,23.53,1.29,27,27.8,59,1.74,52,1.53,111,3.26,58,1.71,1,2,60,,3.24
MLS,2016-2017,NYCFC,2.06,1.65,47.06,35.29,1.59,1.71,41.18,29.41,1.68,25,29.1,62,1.82,48,1.41,110,3.24,56,1.65,6,7,66,,3.06
MLS,2016-2017,ORLANDO CITY,1.82,1.65,35.29,29.41,1.41,1.88,17.65,23.53,1.76,26,26.4,53,1.56,41,1.21,94,2.76,48,1.41,5,7,71,0.0,2.62
MLS,2016-2017,PHILADELPHIA UNION,1.76,1.41,47.06,35.29,1.29,1.82,17.65,47.06,1.62,25,26.9,50,1.47,32,0.94,82,2.41,44,1.29,6,8,60,,2.24
MLS,2016-2017,PORTLAND TIMBERS,2.06,1.24,70.59,52.94,0.76,1.88,0.0,29.41,1.56,26,27.5,48,1.41,26,0.76,74,2.18,41,1.21,7,9,55,,1.97
MLS,2016-2017,REAL SALT LAKE,1.29,0.82,47.06,47.06,1.29,1.88,23.53,64.71,1.35,24,29.0,42,1.24,30,0.88,72,2.12,36,1.06,6,9,63,,1.94
MLS,2016-2017,SJ EARTHQUAKES,1.06,0.71,41.18,47.06,0.82,1.65,5.88,23.53,1.18,26,28.4,32,0.94,24,0.71,56,1.65,29,0.85,3,5,53,,1.56
MLS,2016-2017,SEATTLE SOUNDERS,1.29,0.71,58.82,64.71,1.29,1.82,23.53,23.53,1.26,25,28.4,43,1.26,31,0.91,74,2.18,40,1.18,3,3,48,,2.09
MLS,2016-2017,SPORTING KC,1.76,1.12,58.82,47.06,0.71,1.29,17.65,41.18,1.21,27,27.7,42,1.24,29,0.85,71,2.09,37,1.09,5,5,60,,1.94
MLS,2016-2017,TORONTO FC,1.65,1.0,47.06,47.06,1.35,1.29,35.29,47.06,1.15,26,26.7,51,1.5,46,1.35,97,2.85,47,1.38,4,6,53,2.0,2.74
MLS,2016-2017,VANCOUVER W'CAPS,1.65,1.29,35.29,47.06,1.0,1.76,23.53,41.18,1.53,29,27.0,42,1.24,22,0.65,64,1.88,35,1.03,7,8,59,,1.68
MLS,2017-2018,ATLANTA UTD,2.82,1.12,64.71,17.65,1.29,1.24,23.53,23.53,1.18,26,26.9,69,2.03,53,1.56,122,3.59,65,1.91,4,4,63,,3.47
MLS,2017-2018,CHICAGO FIRE,2.41,0.82,70.59,23.53,1.18,1.94,23.53,35.29,1.38,25,27.5,59,1.74,45,1.32,104,3.06,53,1.56,6,7,47,,2.88
MLS,2017-2018,COLORADO RAPIDS,1.41,1.18,47.06,52.94,0.41,1.82,5.88,47.06,1.5,27,27.0,31,0.91,25,0.74,56,1.65,30,0.88,1,2,77,,1.62
MLS,2017-2018,COLUMBUS CREW,2.0,1.0,70.59,41.18,1.12,1.88,23.53,41.18,1.44,23,26.1,53,1.56,42,1.24,95,2.79,49,1.44,4,6,51,,2.68
MLS,2017-2018,D.C. UNITED,0.94,1.18,35.29,58.82,0.88,2.35,17.65,23.53,1.76,31,27.2,27,0.79,18,0.53,45,1.32,25,0.74,2,4,53,,1.26
MLS,2017-2018,FC DALLAS,1.94,1.18,47.06,17.65,0.88,1.65,17.65,23.53,1.41,27,26.5,48,1.41,36,1.06,84,2.47,45,1.32,3,4,62,,2.38
MLS,2017-2018,HOUSTON DYNAMO,2.53,1.0,70.59,29.41,0.82,1.65,5.88,17.65,1.32,26,28.2,55,1.62,40,1.18,95,2.79,49,1.44,6,8,69,,2.62
MLS,2017-2018,LA GALAXY,1.0,1.71,17.65,23.53,1.65,2.24,29.41,35.29,1.97,29,26.9,42,1.24,30,0.88,72,2.12,37,1.09,5,5,72,,1.97
MLS,2017-2018,MINNESOTA UTD,1.47,1.53,41.18,35.29,1.29,2.59,17.65,47.06,2.06,29,27.7,45,1.32,32,0.94,77,2.26,42,1.24,3,4,68,,2.18
MLS,2017-2018,MONTREAL IMPACT,1.76,1.47,47.06,64.71,1.29,1.94,17.65,29.41,1.71,30,28.6,52,1.53,36,1.06,88,2.59,46,1.35,6,7,70,,2.41
MLS,2017-2018,NE REVOLUTION,2.24,0.88,70.59,47.06,0.88,2.71,5.88,35.29,1.79,24,27.1,53,1.56,38,1.12,91,2.68,49,1.44,4,4,55,,2.56
MLS,2017-2018,NY RED BULLS,1.76,0.82,52.94,17.65,1.35,1.94,29.41,41.18,1.38,26,26.9,50,1.47,38,1.12,88,2.59,43,1.26,7,8,72,,2.38
MLS,2017-2018,NYCFC,1.94,1.18,58.82,52.94,1.35,1.35,35.29,41.18,1.26,26,26.9,56,1.65,43,1.26,99,2.91,52,1.53,4,6,75,,2.79
MLS,2017-2018,ORLANDO CITY,1.41,1.12,41.18,41.18,0.88,2.29,17.65,35.29,1.71,28,27.1,39,1.15,34,1.0,73,2.15,39,1.15,0,1,66,,2.15
MLS,2017-2018,PHILADELPHIA UNION,2.12,1.24,58.82,11.76,0.82,1.53,5.88,41.18,1.38,26,27.6,49,1.44,32,0.94,81,2.38,44,1.29,5,7,52,,2.24
MLS,2017-2018,PORTLAND TIMBERS,2.24,1.06,64.71,23.53,1.29,1.88,23.53,52.94,1.47,25,28.1,59,1.74,43,1.26,102,3.0,50,1.47,9,11,66,,2.74
MLS,2017-2018,REAL SALT LAKE,1.53,0.94,52.94,41.18,1.35,2.29,23.53,35.29,1.62,28,27.4,49,1.44,36,1.06,85,2.5,45,1.32,4,4,65,,2.38
MLS,2017-2018,SJ EARTHQUAKES,1.65,1.24,58.82,52.94,0.65,2.29,17.65,23.53,1.76,23,27.5,39,1.15,33,0.97,72,2.12,38,1.12,1,1,58,,2.09
MLS,2017-2018,SEATTLE SOUNDERS,1.88,0.71,64.71,41.18,1.18,1.59,17.65,17.65,1.15,25,27.8,51,1.5,36,1.06,87,2.56,46,1.35,5,6,45,,2.41
MLS,2017-2018,SPORTING KC,1.76,0.65,58.82,23.53,0.59,1.06,11.76,47.06,0.85,27,27.4,39,1.15,25,0.74,64,1.88,37,1.09,2,3,55,,1.82
MLS,2017-2018,TORONTO FC,2.65,0.88,76.47,17.65,1.71,1.29,41.18,23.53,1.09,26,27.3,71,2.09,47,1.38,118,3.47,64,1.88,7,11,44,,3.26
MLS,2017-2018,VANCOUVER W'CAPS,1.76,1.18,52.94,41.18,1.18,1.71,35.29,58.82,1.44,31,27.3,49,1.44,37,1.09,86,2.53,46,1.35,3,6,55,,2.44
MLS,2018-2019,ATLANTA UTD,2.47,1.12,64.71,11.76,1.65,1.47,58.82,41.18,1.29,26,27.1,67,1.97,43,1.26,110,3.24,55,1.62,12,14,60,3.0,2.88
MLS,2018-2019,CHICAGO FIRE,1.65,1.47,35.29,64.71,1.18,2.12,11.76,47.06,1.79,31,26.7,46,1.35,33,0.97,79,2.32,43,1.26,3,4,62,3.0,2.24
MLS,2018-2019,COLORADO RAPIDS,1.41,1.88,35.29,52.94,0.71,1.82,11.76,35.29,1.85,29,27.1,34,1.0,23,0.68,57,1.68,31,0.91,3,5,90,6.0,1.59
MLS,2018-2019,COLUMBUS CREW,1.88,1.24,64.71,58.82,0.65,1.41,17.65,35.29,1.32,27,26.2,41,1.21,26,0.76,67,1.97,35,1.03,6,7,48,3.0,1.79
MLS,2018-2019,D.C. UNITED,2.18,1.0,76.47,47.06,1.35,1.94,5.88,35.29,1.47,27,26.2,59,1.74,45,1.32,104,3.06,55,1.62,4,5,42,2.0,2.94
MLS,2018-2019,FC DALLAS,1.88,1.12,58.82,17.65,1.18,1.47,35.29,58.82,1.29,27,25.9,50,1.47,37,1.09,87,2.56,46,1.35,4,6,51,4.0,2.44
MLS,2018-2019,HOUSTON DYNAMO,2.12,1.41,47.06,35.29,1.29,2.0,11.76,52.94,1.71,27,27.4,58,1.71,36,1.06,94,2.76,54,1.59,4,4,69,7.0,2.65
MLS,2018-2019,LA GALAXY,2.18,1.59,47.06,41.18,1.71,2.18,29.41,41.18,1.88,24,28.8,66,1.94,52,1.53,118,3.47,61,1.79,5,5,71,3.0,3.32
MLS,2018-2019,LAFC,1.88,0.88,52.94,5.88,2.12,2.18,41.18,41.18,1.53,27,27.2,65,1.91,45,1.32,110,3.24,61,1.79,4,5,42,4.0,3.12
MLS,2018-2019,MINNESOTA UTD,1.76,1.47,58.82,64.71,1.12,2.71,5.88,35.29,2.09,30,28.1,48,1.41,33,0.97,81,2.38,47,1.38,1,1,72,7.0,2.35
MLS,2018-2019,MONTREAL IMPACT,1.82,0.94,64.71,35.29,0.94,2.18,17.65,29.41,1.56,26,28.1,45,1.32,33,0.97,78,2.29,39,1.15,6,6,47,3.0,2.12
MLS,2018-2019,NE REVOLUTION,1.65,1.18,47.06,58.82,1.24,2.06,11.76,23.53,1.62,25,26.0,48,1.41,34,1.0,82,2.41,45,1.32,3,5,83,4.0,2.32
MLS,2018-2019,NY RED BULLS,2.12,0.59,82.35,47.06,1.53,1.35,47.06,58.82,0.97,29,25.7,61,1.79,49,1.44,110,3.24,57,1.68,4,6,54,2.0,3.12
MLS,2018-2019,NYCFC,2.12,0.59,70.59,23.53,1.35,2.06,23.53,29.41,1.32,25,26.6,57,1.68,35,1.03,92,2.71,54,1.59,3,4,61,4.0,2.62
MLS,2018-2019,ORLANDO CITY,1.65,1.76,35.29,58.82,0.88,2.59,11.76,41.18,2.18,30,27.3,41,1.21,31,0.91,72,2.12,36,1.06,5,7,68,5.0,1.97
MLS,2018-2019,PHILADELPHIA UNION,1.71,1.18,52.94,17.65,1.18,1.76,35.29,23.53,1.47,24,26.6,49,1.44,35,1.03,84,2.47,44,1.29,5,7,60,4.0,2.32
MLS,2018-2019,PORTLAND TIMBERS,1.76,0.76,64.71,47.06,1.41,2.06,23.53,41.18,1.41,28,27.9,52,1.53,34,1.0,86,2.53,47,1.38,5,6,58,2.0,2.38
MLS,2018-2019,REAL SALT LAKE,2.24,1.41,64.71,29.41,1.0,2.0,17.65,23.53,1.71,27,26.2,55,1.62,41,1.21,96,2.82,49,1.44,6,8,54,0.0,2.65
MLS,2018-2019,SJ EARTHQUAKES,1.59,2.29,11.76,47.06,1.29,1.88,11.76,58.82,2.09,27,26.7,47,1.38,29,0.85,76,2.24,41,1.21,6,7,47,2.0,2.06
MLS,2018-2019,SEATTLE SOUNDERS,1.94,0.88,58.82,47.06,1.12,1.29,47.06,64.71,1.09,26,28.0,49,1.44,38,1.12,87,2.56,44,1.29,5,5,57,5.0,2.41
MLS,2018-2019,SPORTING KC,2.0,1.0,58.82,41.18,1.82,1.35,47.06,23.53,1.18,24,28.0,65,1.91,52,1.53,117,3.44,60,1.76,5,7,51,3.0,3.29
MLS,2018-2019,TORONTO FC,2.29,1.71,47.06,35.29,1.18,2.06,11.76,41.18,1.88,32,26.9,58,1.71,42,1.24,100,2.94,53,1.56,5,9,54,4.0,2.79
MLS,2018-2019,VANCOUVER W'CAPS,1.88,1.71,41.18,41.18,1.29,2.24,35.29,47.06,1.97,25,26.5,53,1.56,40,1.18,93,2.74,48,1.41,5,5,60,7.0,2.59
MLS,2019-2020,ATLANTA UTD,2.12,0.82,70.59,29.41,1.29,1.71,35.29,41.18,1.26,24,26.8,55,1.62,37,1.09,92,2.71,47,1.38,8,10,56,1.0,2.47
MLS,2019-2020,CHICAGO FIRE,2.18,1.06,47.06,17.65,1.06,1.71,11.76,41.18,1.38,26,28.8,53,1.56,37,1.09,90,2.65,50,1.47,3,5,62,3.0,2.56
MLS,2019-2020,COLORADO RAPIDS,2.12,1.71,52.94,58.82,1.29,2.0,17.65,41.18,1.85,24,26.6,57,1.68,37,1.09,94,2.76,52,1.53,5,8,72,8.0,2.62
MLS,2019-2020,COLUMBUS CREW,1.24,1.29,35.29,35.29,1.06,1.47,23.53,47.06,1.38,33,27.4,37,1.09,26,0.76,63,1.85,33,0.97,4,5,57,1.0,1.74
MLS,2019-2020,D.C. UNITED,1.47,1.29,41.18,23.53,1.0,0.94,35.29,41.18,1.12,26,26.8,41,1.21,25,0.74,66,1.94,37,1.09,4,4,49,5.0,1.82
MLS,2019-2020,FC CINCINNATI,0.88,2.12,17.65,17.65,0.94,2.29,17.65,29.41,2.21,30,27.2,29,0.85,20,0.59,49,1.44,25,0.74,4,5,58,4.0,1.32
MLS,2019-2020,FC DALLAS,2.24,0.94,58.82,17.65,0.94,1.76,17.65,41.18,1.35,27,24.9,51,1.5,34,1.0,85,2.5,47,1.38,4,5,67,1.0,2.38
MLS,2019-2020,HOUSTON DYNAMO,1.82,1.12,58.82,47.06,1.06,2.35,11.76,58.82,1.74,26,27.8,45,1.32,36,1.06,81,2.38,41,1.21,4,5,67,4.0,2.26
MLS,2019-2020,LA GALAXY,2.12,1.47,64.71,58.82,1.29,2.0,29.41,35.29,1.74,26,27.6,58,1.71,45,1.32,103,3.03,51,1.5,7,8,70,3.0,2.82
MLS,2019-2020,LAFC,2.82,1.18,76.47,17.65,2.18,1.0,47.06,23.53,1.09,28,25.7,84,2.47,58,1.71,142,4.18,75,2.21,9,11,54,1.0,3.91
MLS,2019-2020,MINNESOTA UTD,1.71,0.76,58.82,47.06,1.35,1.76,29.41,52.94,1.26,26,28.6,50,1.47,34,1.0,84,2.47,44,1.29,6,7,57,4.0,2.29
MLS,2019-2020,MONTREAL IMPACT,1.35,1.29,47.06,47.06,1.41,2.24,23.53,52.94,1.76,29,27.7,44,1.29,30,0.88,74,2.18,38,1.12,6,6,55,3.0,2.0
MLS,2019-2020,NE REVOLUTION,1.35,1.12,47.06,23.53,1.59,2.24,17.65,29.41,1.68,23,26.7,49,1.44,38,1.12,87,2.56,44,1.29,5,7,72,6.0,2.41
MLS,2019-2020,NY RED BULLS,1.71,1.06,52.94,47.06,1.41,1.94,29.41,35.29,1.5,28,26.1,50,1.47,34,1.0,84,2.47,46,1.35,4,5,54,5.0,2.35
MLS,2019-2020,NYCFC,2.0,0.94,64.71,41.18,1.71,1.53,41.18,23.53,1.24,25,26.2,63,1.85,43,1.26,106,3.12,58,1.71,5,9,79,1.0,2.97
MLS,2019-2020,ORLANDO CITY,1.53,1.71,35.29,47.06,1.06,1.35,17.65,35.29,1.53,27,27.0,44,1.29,29,0.85,73,2.15,41,1.21,3,5,61,3.0,2.06
MLS,2019-2020,PHILADELPHIA UNION,2.12,1.12,58.82,23.53,1.29,1.82,35.29,17.65,1.47,28,26.7,57,1.68,42,1.24,99,2.91,53,1.56,4,8,59,3.0,2.79
MLS,2019-2020,PORTLAND TIMBERS,1.71,1.18,47.06,41.18,1.35,1.71,35.29,52.94,1.44,27,27.9,50,1.47,35,1.03,85,2.5,47,1.38,3,5,77,6.0,2.41
MLS,2019-2020,REAL SALT LAKE,1.82,0.88,70.59,47.06,0.88,1.53,23.53,52.94,1.21,25,27.4,46,1.35,31,0.91,77,2.26,40,1.18,6,7,66,5.0,2.09
MLS,2019-2020,SJ EARTHQUAKES,1.88,1.18,58.82,29.41,1.18,2.06,17.65,35.29,1.62,25,27.7,50,1.47,40,1.18,90,2.65,49,1.44,1,1,74,5.0,2.62
MLS,2019-2020,SEATTLE SOUNDERS,2.0,1.24,64.71,58.82,1.06,1.65,29.41,41.18,1.44,29,27.7,50,1.47,34,1.0,84,2.47,47,1.38,3,3,55,4.0,2.38
MLS,2019-2020,SPORTING KC,1.76,1.76,41.18,41.18,1.12,2.18,17.65,41.18,1.97,29,28.7,46,1.35,29,0.85,75,2.21,40,1.18,6,9,76,7.0,2.03
MLS,2019-2020,TORONTO FC,2.0,1.53,52.94,58.82,1.35,1.53,23.53,5.88,1.53,29,27.8,57,1.68,39,1.15,96,2.82,52,1.53,5,7,52,3.0,2.68
MLS,2019-2020,VANCOUVER W'CAPS,0.94,1.35,29.41,47.06,1.24,2.12,17.65,47.06,1.74,26,26.0,37,1.09,22,0.65,59,1.74,32,0.94,5,7,61,1.0,1.59
MLS,2020-2021,ATLANTA UTD,0.77,0.92,30.77,61.54,1.3,1.8,20.0,40.0,1.3,27,25.6,23,1.0,17,0.74,40,1.74,20,0.87,3,4,49,3.0,1.61
MLS,2020-2021,CHICAGO FIRE,1.92,1.5,41.67,33.33,0.91,1.91,0.0,27.27,1.7,25,26.7,33,1.43,26,1.13,59,2.57,31,1.35,2,4,40,1.0,2.48
MLS,2020-2021,COLORADO RAPIDS,2.14,1.43,42.86,14.29,1.55,1.64,45.45,45.45,1.56,22,25.8,30,1.67,26,1.44,56,3.11,30,1.67,0,0,30,2.0,3.11
MLS,2020-2021,COLUMBUS CREW,1.92,0.58,83.33,50.0,1.17,1.25,16.67,41.67,0.92,26,27.4,34,1.48,26,1.13,60,2.61,33,1.43,1,4,45,0.0,2.57
MLS,2020-2021,D.C. UNITED,1.0,1.75,16.67,41.67,1.18,1.82,27.27,63.64,1.78,26,26.6,24,1.04,12,0.52,36,1.57,20,0.87,4,4,44,3.0,1.39
MLS,2020-2021,FC CINCINNATI,0.45,0.91,18.18,45.45,0.62,2.08,15.38,46.15,1.54,30,27.5,11,0.48,5,0.22,16,0.7,10,0.43,1,2,40,0.0,0.65
MLS,2020-2021,FC DALLAS,1.75,0.75,58.33,33.33,0.7,1.5,20.0,40.0,1.09,27,27.0,28,1.27,18,0.82,46,2.09,25,1.14,3,3,41,1.0,1.95
MLS,2020-2021,HOUSTON DYNAMO,1.4,1.2,30.0,30.0,1.23,2.15,7.69,30.77,1.74,26,27.7,30,1.3,20,0.87,50,2.17,28,1.22,2,4,55,3.0,2.09
MLS,2020-2021,INTER MIAMI,1.4,1.4,50.0,70.0,0.85,1.62,15.38,84.62,1.52,28,26.8,24,1.04,18,0.78,42,1.83,23,1.0,1,2,57,4.0,1.78
MLS,2020-2021,LA GALAXY,1.33,1.92,33.33,41.67,1.1,2.3,20.0,20.0,2.09,25,27.2,26,1.18,17,0.77,43,1.95,23,1.05,3,4,42,4.0,1.82
MLS,2020-2021,LAFC,2.79,1.43,57.14,21.43,1.3,2.1,20.0,20.0,1.71,28,24.8,45,2.05,32,1.45,77,3.5,43,1.95,2,2,36,1.0,3.41
MLS,2020-2021,MINNESOTA UTD,2.11,1.0,55.56,33.33,1.53,1.47,33.33,26.67,1.29,28,27.5,33,1.57,27,1.29,60,2.86,31,1.48,2,3,40,2.0,2.76
MLS,2020-2021,MONTREAL IMPACT,1.23,1.62,30.77,76.92,1.55,2.09,36.36,45.45,1.83,26,26.2,33,1.43,21,0.91,54,2.35,29,1.26,4,4,32,5.0,2.17
MLS,2020-2021,NE REVOLUTION,1.0,1.1,20.0,30.0,1.14,1.07,42.86,64.29,1.08,25,26.6,25,1.09,17,0.74,42,1.83,24,1.04,1,3,36,2.0,1.78
MLS,2020-2021,NY RED BULLS,1.3,1.2,50.0,70.0,1.23,1.46,30.77,23.08,1.35,27,25.0,29,1.26,21,0.91,50,2.17,28,1.22,1,1,30,1.0,2.13
MLS,2020-2021,NYCFC,2.08,1.33,58.33,41.67,1.23,1.0,46.15,53.85,1.16,22,26.7,36,1.57,26,1.13,62,2.7,33,1.43,3,3,50,1.0,2.57
MLS,2020-2021,NASHVILLE SC,1.27,0.82,36.36,36.36,0.83,1.08,33.33,41.67,0.96,26,26.9,24,1.04,20,0.87,44,1.91,24,1.04,0,1,34,1.0,1.91
MLS,2020-2021,ORLANDO CITY,2.07,1.0,64.29,35.71,1.31,1.15,30.77,46.15,1.07,28,26.2,39,1.7,30,1.3,69,3.0,38,1.65,1,1,48,2.0,2.96
MLS,2020-2021,PHILADELPHIA UNION,2.29,0.64,85.71,50.0,1.42,1.17,33.33,41.67,0.88,23,25.8,43,1.87,30,1.3,73,3.17,41,1.78,2,2,55,0.0,3.09
MLS,2020-2021,PORTLAND TIMBERS,1.71,1.43,50.0,50.0,2.31,1.46,53.85,38.46,1.44,27,27.9,46,2.0,34,1.48,80,3.48,43,1.87,3,3,45,1.0,3.35
MLS,2020-2021,REAL SALT LAKE,1.08,1.38,30.77,15.38,1.3,2.2,10.0,30.0,1.74,26,27.0,23,1.05,14,0.64,37,1.68,21,0.95,2,3,49,2.0,1.59
MLS,2020-2021,SJ EARTHQUAKES,1.77,1.85,38.46,15.38,1.5,2.75,33.33,33.33,2.28,27,27.3,34,1.48,23,1.0,57,2.48,30,1.3,4,5,38,1.0,2.3
MLS,2020-2021,SEATTLE SOUNDERS,2.38,1.08,61.54,23.08,1.4,1.3,30.0,20.0,1.17,27,27.9,42,1.91,30,1.36,72,3.27,37,1.68,5,5,32,0.0,3.05
MLS,2020-2021,SPORTING KC,1.83,1.33,50.0,58.33,1.55,1.09,54.55,45.45,1.22,23,27.9,37,1.76,24,1.14,61,2.9,36,1.71,1,1,45,2.0,2.86
MLS,2020-2021,TORONTO FC,1.31,0.85,53.85,53.85,1.55,1.64,54.55,72.73,1.21,29,28.0,33,1.43,22,0.96,55,2.39,28,1.22,5,5,35,0.0,2.17
MLS,2020-2021,VANCOUVER W'CAPS,1.91,1.82,54.55,54.55,0.46,1.85,23.08,38.46,1.83,27,25.5,24,1.04,18,0.78,42,1.83,22,0.96,2,4,45,4.0,1.74
MLS,2021-2022,ATLANTA UTD,1.47,0.82,52.94,47.06,1.18,1.35,23.53,47.06,1.09,30,24.6,42,1.24,29,0.85,71,2.09,36,1.06,6,6,63,3.0,1.91
MLS,2021-2022,AUSTIN,1.59,1.47,41.18,52.94,0.47,1.82,11.76,35.29,1.65,27,26.2,34,1.0,27,0.79,61,1.79,33,0.97,1,2,61,4.0,1.76
MLS,2021-2022,CF MONTRÉAL,1.71,1.35,52.94,41.18,1.0,1.24,17.65,47.06,1.29,28,24.9,45,1.32,33,0.97,78,2.29,41,1.21,4,4,63,5.0,2.18
MLS,2021-2022,CHICAGO FIRE,1.35,1.06,41.18,47.06,0.76,2.12,11.76,35.29,1.59,25,26.4,34,1.0,26,0.76,60,1.76,34,1.0,0,0,62,2.0,1.76
MLS,2021-2022,COLORADO RAPIDS,1.82,0.82,52.94,11.76,1.18,1.24,47.06,41.18,1.03,27,26.6,50,1.47,38,1.12,88,2.59,48,1.41,2,3,72,2.0,2.53
MLS,2021-2022,COLUMBUS CREW,1.94,1.29,58.82,52.94,0.76,1.35,17.65,47.06,1.32,27,29.0,41,1.21,23,0.68,64,1.88,38,1.12,3,4,51,1.0,1.79
MLS,2021-2022,D.C. UNITED,1.88,1.0,64.71,58.82,1.41,2.18,17.65,35.29,1.59,29,27.0,55,1.62,39,1.15,94,2.76,45,1.32,10,11,70,2.0,2.47
MLS,2021-2022,FC CINCINNATI,1.0,1.71,5.88,52.94,1.18,2.65,17.65,29.41,2.18,29,27.2,36,1.06,25,0.74,61,1.79,34,1.0,2,3,75,3.0,1.74
MLS,2021-2022,FC DALLAS,1.47,1.24,29.41,29.41,1.29,2.06,11.76,35.29,1.65,26,25.0,46,1.35,36,1.06,82,2.41,45,1.32,1,3,80,1.0,2.38
MLS,2021-2022,HOUSTON DYNAMO,1.24,1.29,35.29,41.18,0.88,1.88,0.0,29.41,1.59,30,27.5,34,1.0,23,0.68,57,1.68,30,0.88,4,4,70,1.0,1.56
MLS,2021-2022,INTER MIAMI,1.53,2.06,41.18,35.29,0.59,1.06,29.41,70.59,1.56,26,28.1,35,1.03,28,0.82,63,1.85,31,0.91,4,4,86,4.0,1.74
MLS,2021-2022,LA GALAXY,1.71,1.29,47.06,47.06,1.24,1.88,29.41,29.41,1.59,29,26.4,47,1.38,33,0.97,80,2.35,42,1.24,5,6,54,1.0,2.21
MLS,2021-2022,LAFC,2.0,1.35,47.06,29.41,1.12,1.65,23.53,58.82,1.5,30,24.0,51,1.5,35,1.03,86,2.53,44,1.29,7,8,53,1.0,2.32
MLS,2021-2022,MINNESOTA UTD,1.41,0.82,58.82,52.94,1.06,1.76,17.65,35.29,1.29,27,28.4,41,1.21,29,0.85,70,2.06,40,1.18,1,3,57,3.0,2.03
MLS,2021-2022,NE REVOLUTION,1.82,1.06,70.59,70.59,2.0,1.35,58.82,52.94,1.21,25,26.6,62,1.82,48,1.41,110,3.24,60,1.76,2,3,55,3.0,3.18
MLS,2021-2022,NY RED BULLS,1.12,0.65,47.06,47.06,1.18,1.29,29.41,70.59,0.97,28,23.0,39,1.15,30,0.88,69,2.03,36,1.06,3,4,74,2.0,1.94
MLS,2021-2022,NYCFC,2.18,0.76,58.82,41.18,1.12,1.35,23.53,47.06,1.06,26,26.3,55,1.62,38,1.12,93,2.74,51,1.5,4,5,76,8.0,2.62
MLS,2021-2022,NASHVILLE SC,2.06,1.06,47.06,17.65,1.18,0.88,23.53,23.53,0.97,28,27.7,54,1.59,42,1.24,96,2.82,52,1.53,2,3,53,1.0,2.76
MLS,2021-2022,ORLANDO CITY,1.71,1.06,47.06,41.18,1.24,1.76,29.41,41.18,1.41,29,27.0,49,1.44,38,1.12,87,2.56,44,1.29,5,8,67,3.0,2.41
MLS,2021-2022,PHILADELPHIA UNION,1.47,0.59,64.71,47.06,1.35,1.47,17.65,35.29,1.03,27,25.9,45,1.32,32,0.94,77,2.26,42,1.24,3,3,73,3.0,2.18
MLS,2021-2022,PORTLAND TIMBERS,2.06,1.29,64.71,58.82,1.24,1.76,35.29,29.41,1.53,29,28.4,54,1.59,38,1.12,92,2.71,51,1.5,3,4,71,2.0,2.62
MLS,2021-2022,REAL SALT LAKE,1.76,1.24,52.94,47.06,1.47,1.94,29.41,70.59,1.59,26,26.7,54,1.59,46,1.35,100,2.94,51,1.5,3,3,73,1.0,2.85
MLS,2021-2022,SJ EARTHQUAKES,1.47,1.41,29.41,23.53,1.24,1.76,29.41,41.18,1.59,24,26.5,42,1.24,30,0.88,72,2.12,39,1.15,3,5,82,4.0,2.03
MLS,2021-2022,SEATTLE SOUNDERS,1.65,0.88,47.06,23.53,1.47,1.06,52.94,58.82,0.97,29,27.3,53,1.56,32,0.94,85,2.5,48,1.41,5,6,58,0.0,2.35
MLS,2021-2022,SPORTING KC,1.88,1.0,52.94,35.29,1.53,1.35,47.06,35.29,1.18,25,28.6,58,1.71,38,1.12,96,2.82,52,1.53,6,6,50,2.0,2.65
MLS,2021-2022,TORONTO FC,1.41,1.59,23.53,29.41,0.88,2.29,11.76,35.29,1.94,30,27.5,37,1.09,29,0.85,66,1.94,36,1.06,1,3,58,4.0,1.91
MLS,2021-2022,VANCOUVER W'CAPS,1.47,1.0,58.82,58.82,1.18,1.65,11.76,23.53,1.32,27,25.4,43,1.26,31,0.91,74,2.18,39,1.15,4,4,56,0.0,2.06
MLS,2022-2023,ATLANTA UTD,1.82,1.41,47.06,41.18,1.0,1.76,11.76,52.94,1.59,32,24.6,48,1.41,37,1.09,85,2.5,47,1.38,1,3,69,3.0,2.47
MLS,2022-2023,AUSTIN,2.47,1.35,47.06,29.41,1.35,1.53,47.06,52.94,1.44,26,27.6,64,1.88,47,1.38,111,3.26,60,1.76,4,4,73,4.0,3.15
MLS,2022-2023,CF MONTRÉAL,1.76,1.24,52.94,70.59,1.94,1.71,64.71,52.94,1.47,25,25.8,61,1.79,47,1.38,108,3.18,56,1.65,5,7,79,3.0,3.03
MLS,2022-2023,CHARLOTTE,1.65,0.94,58.82,47.06,0.94,2.12,17.65,47.06,1.53,32,26.3,42,1.24,31,0.91,73,2.15,38,1.12,4,4,62,2.0,2.03
MLS,2022-2023,CHICAGO FIRE,1.06,1.0,35.29,41.18,1.24,1.82,23.53,41.18,1.41,28,25.3,39,1.15,29,0.85,68,2.0,35,1.03,4,5,86,5.0,1.88
MLS,2022-2023,COLORADO RAPIDS,1.71,0.88,58.82,29.41,1.0,2.47,5.88,29.41,1.68,28,28.1,46,1.35,29,0.85,75,2.21,41,1.21,5,5,94,6.0,2.06
MLS,2022-2023,COLUMBUS CREW,1.29,0.88,41.18,35.29,1.41,1.53,17.65,35.29,1.21,26,28.3,46,1.35,34,1.0,80,2.35,45,1.32,1,2,65,1.0,2.32
MLS,2022-2023,D.C. UNITED,1.29,2.0,23.53,35.29,0.82,2.18,17.65,47.06,2.09,38,26.7,36,1.06,25,0.74,61,1.79,34,1.0,2,4,73,5.0,1.74
MLS,2022-2023,FC CINCINNATI,2.18,1.59,35.29,35.29,1.59,1.71,35.29,35.29,1.65,28,26.6,60,1.76,47,1.38,107,3.15,56,1.65,4,5,77,4.0,3.03
MLS,2022-2023,FC DALLAS,1.65,0.88,58.82,41.18,1.18,1.29,23.53,29.41,1.09,24,25.1,46,1.35,34,1.0,80,2.35,45,1.32,1,1,78,3.0,2.32
MLS,2022-2023,HOUSTON DYNAMO,1.41,1.29,35.29,47.06,1.12,2.0,23.53,52.94,1.65,27,27.8,43,1.26,30,0.88,73,2.15,38,1.12,5,6,95,6.0,2.0
MLS,2022-2023,INTER MIAMI,2.0,1.65,58.82,52.94,0.76,1.65,23.53,41.18,1.65,30,26.5,46,1.35,31,0.91,77,2.26,41,1.21,5,5,69,5.0,2.12
MLS,2022-2023,LA GALAXY,2.06,1.47,47.06,35.29,1.35,1.53,35.29,47.06,1.5,25,27.0,57,1.68,42,1.24,99,2.91,48,1.41,9,14,80,4.0,2.65
MLS,2022-2023,LAFC,2.29,0.88,76.47,35.29,1.59,1.35,47.06,47.06,1.12,30,26.9,65,1.91,41,1.21,106,3.12,60,1.76,5,7,79,2.0,2.97
MLS,2022-2023,MINNESOTA UTD,1.59,1.18,47.06,41.18,1.24,1.82,35.29,58.82,1.5,26,27.5,46,1.35,31,0.91,77,2.26,43,1.26,3,4,79,2.0,2.18
MLS,2022-2023,NE REVOLUTION,1.29,0.94,41.18,52.94,1.47,2.0,17.65,35.29,1.47,32,27.1,47,1.38,36,1.06,83,2.44,41,1.21,6,6,56,2.0,2.26
MLS,2022-2023,NY RED BULLS,1.53,1.29,35.29,41.18,1.41,1.12,52.94,41.18,1.21,28,23.6,48,1.41,29,0.85,77,2.26,39,1.15,9,10,85,5.0,2.0
MLS,2022-2023,NYCFC,2.18,1.12,58.82,23.53,1.18,1.29,35.29,64.71,1.21,25,25.9,56,1.65,39,1.15,95,2.79,49,1.44,7,9,81,2.0,2.59
MLS,2022-2023,NASHVILLE SC,1.76,1.24,35.29,41.18,1.29,1.18,41.18,35.29,1.21,23,28.7,52,1.53,37,1.09,89,2.62,45,1.32,7,9,73,2.0,2.41
MLS,2022-2023,ORLANDO CITY,1.53,1.65,52.94,58.82,1.06,1.47,29.41,41.18,1.56,27,27.1,42,1.24,34,1.0,76,2.24,39,1.15,3,4,81,3.0,2.15
MLS,2022-2023,PHILADELPHIA UNION,2.88,0.53,70.59,17.65,1.35,1.0,41.18,35.29,0.76,22,26.1,70,2.06,49,1.44,119,3.5,61,1.79,9,10,68,3.0,3.24
MLS,2022-2023,PORTLAND TIMBERS,1.65,1.12,47.06,41.18,1.47,2.0,17.65,23.53,1.56,27,27.9,52,1.53,35,1.03,87,2.56,42,1.24,10,11,94,5.0,2.26
MLS,2022-2023,REAL SALT LAKE,1.59,0.88,52.94,35.29,0.94,1.76,17.65,41.18,1.32,31,27.6,43,1.26,33,0.97,76,2.24,42,1.24,1,2,69,1.0,2.21
MLS,2022-2023,SJ EARTHQUAKES,1.82,1.59,41.18,47.06,1.24,2.47,5.88,41.18,2.03,27,25.7,52,1.53,35,1.03,87,2.56,45,1.32,7,7,66,1.0,2.35
MLS,2022-2023,SEATTLE SOUNDERS,1.71,1.12,52.94,52.94,1.06,1.59,17.65,76.47,1.35,26,27.7,44,1.29,27,0.79,71,2.09,38,1.12,6,7,64,4.0,1.91
MLS,2022-2023,SPORTING KC,1.47,1.0,52.94,52.94,1.0,2.18,11.76,29.41,1.59,25,28.0,40,1.18,21,0.62,61,1.79,37,1.09,3,5,64,6.0,1.71
MLS,2022-2023,TORONTO FC,1.76,1.71,41.18,58.82,1.12,2.18,11.76,35.29,1.94,33,26.9,48,1.41,31,0.91,79,2.32,42,1.24,6,8,66,2.0,2.15
MLS,2022-2023,VANCOUVER W'CAPS,1.47,1.18,58.82,52.94,0.88,2.18,11.76,23.53,1.68,33,25.6,40,1.18,23,0.68,63,1.85,36,1.06,4,5,70,3.0,1.74
MLS,2023-2024,ATLANTA UTD,2.47,1.24,58.82,29.41,1.41,1.88,17.65,23.53,1.56,33,25.8,64,1.88,44,1.29,108,3.18,62,1.82,2,4,73,4.0,3.12
MLS,2023-2024,AUSTIN,1.65,1.29,41.18,52.94,1.24,1.94,17.65,35.29,1.62,26,27.9,48,1.41,37,1.09,85,2.5,46,1.35,2,2,59,2.0,2.44
MLS,2023-2024,CF MONTRÉAL,1.53,0.71,58.82,41.18,0.59,2.35,11.76,23.53,1.53,31,24.4,33,0.97,22,0.65,55,1.62,31,0.91,2,3,68,3.0,1.56
MLS,2023-2024,CHARLOTTE,1.41,1.24,35.29,41.18,1.24,1.82,23.53,23.53,1.53,32,27.2,43,1.26,29,0.85,72,2.12,38,1.12,5,5,88,0.0,1.97
MLS,2023-2024,CHICAGO FIRE,1.53,1.29,35.29,35.29,0.76,1.71,23.53,52.94,1.5,26,26.5,36,1.06,29,0.85,65,1.91,34,1.0,2,2,86,6.0,1.85
MLS,2023-2024,COLORADO RAPIDS,0.76,0.94,17.65,52.94,0.76,2.24,11.76,23.53,1.59,35,26.5,26,0.76,20,0.59,46,1.35,24,0.71,2,4,83,4.0,1.29
MLS,2023-2024,COLUMBUS CREW,2.41,0.82,70.59,23.53,1.53,1.88,23.53,41.18,1.35,28,25.8,63,1.85,49,1.44,112,3.29,56,1.65,7,7,61,1.0,3.09
MLS,2023-2024,D.C. UNITED,1.82,1.35,35.29,17.65,0.82,1.53,23.53,41.18,1.44,31,28.4,44,1.29,27,0.79,71,2.09,42,1.24,2,2,70,2.0,2.03
MLS,2023-2024,FC CINCINNATI,1.94,0.76,76.47,58.82,1.41,1.53,41.18,35.29,1.15,27,26.3,56,1.65,35,1.03,91,2.68,48,1.41,8,9,79,5.0,2.44
MLS,2023-2024,FC DALLAS,1.35,0.94,41.18,41.18,1.06,1.24,23.53,41.18,1.09,29,25.8,41,1.21,34,1.0,75,2.21,40,1.18,1,1,69,2.0,2.18
MLS,2023-2024,HOUSTON DYNAMO,2.12,0.65,64.71,23.53,0.88,1.59,17.65,35.29,1.12,25,27.2,51,1.5,36,1.06,87,2.56,45,1.32,6,6,95,5.0,2.38
MLS,2023-2024,INTER MIAMI,1.47,1.24,35.29,47.06,0.94,1.94,17.65,41.18,1.59,36,26.1,41,1.21,29,0.85,70,2.06,36,1.06,5,6,83,3.0,1.91
MLS,2023-2024,LA GALAXY,1.82,1.71,35.29,35.29,1.18,2.24,11.76,17.65,1.97,34,27.4,50,1.47,37,1.09,87,2.56,45,1.32,5,5,76,4.0,2.41
MLS,2023-2024,LAFC,2.12,1.0,58.82,41.18,1.06,1.29,23.53,29.41,1.15,28,27.5,53,1.56,32,0.94,85,2.5,46,1.35,7,9,73,1.0,2.29
MLS,2023-2024,MINNESOTA UTD,1.41,1.18,23.53,23.53,1.29,1.82,35.29,52.94,1.5,30,27.5,43,1.26,23,0.68,66,1.94,39,1.15,4,5,57,1.0,1.82
MLS,2023-2024,NE REVOLUTION,2.18,0.94,70.59,47.06,1.24,1.76,17.65,47.06,1.35,32,27.3,55,1.62,37,1.09,92,2.71,52,1.53,3,3,49,2.0,2.62
MLS,2023-2024,NY RED BULLS,1.24,1.0,41.18,47.06,0.88,1.29,23.53,47.06,1.15,28,23.8,35,1.03,24,0.71,59,1.74,32,0.94,3,4,90,4.0,1.65
MLS,2023-2024,NYCFC,1.35,0.94,47.06,23.53,0.71,1.35,5.88,35.29,1.15,29,24.3,34,1.0,26,0.76,60,1.76,33,0.97,1,3,79,1.0,1.74
MLS,2023-2024,NASHVILLE SC,1.47,0.76,52.94,29.41,0.82,1.12,23.53,35.29,0.94,24,29.2,38,1.12,23,0.68,61,1.79,33,0.97,5,5,74,6.0,1.65
MLS,2023-2024,ORLANDO CITY,1.82,1.12,52.94,29.41,1.41,1.18,52.94,29.41,1.15,28,26.5,54,1.59,41,1.21,95,2.79,49,1.44,5,5,67,1.0,2.65
MLS,2023-2024,PHILADELPHIA UNION,1.94,0.76,58.82,29.41,1.41,1.65,29.41,35.29,1.21,23,26.7,54,1.59,35,1.03,89,2.62,43,1.26,11,11,85,5.0,2.29
MLS,2023-2024,PORTLAND TIMBERS,1.71,1.29,52.94,58.82,1.0,2.12,11.76,29.41,1.71,31,27.8,45,1.32,36,1.06,81,2.38,44,1.29,1,1,82,0.0,2.35
MLS,2023-2024,REAL SALT LAKE,1.47,1.59,35.29,23.53,1.35,1.35,47.06,58.82,1.47,31,26.4,48,1.41,36,1.06,84,2.47,48,1.41,0,0,75,2.0,2.47
MLS,2023-2024,SJ EARTHQUAKES,1.47,0.94,47.06,47.06,0.82,1.59,11.76,35.29,1.26,25,27.0,38,1.12,28,0.82,66,1.94,33,0.97,5,6,73,4.0,1.79
MLS,2023-2024,SEATTLE SOUNDERS,1.12,0.65,41.18,41.18,1.29,1.24,41.18,41.18,0.94,27,28.2,38,1.12,29,0.85,67,1.97,37,1.09,1,1,61,2.0,1.94
MLS,2023-2024,SPORTING KC,1.76,1.24,52.94,35.29,1.06,1.76,17.65,47.06,1.5,30,28.6,47,1.38,33,0.97,80,2.35,43,1.26,4,6,58,4.0,2.24
MLS,2023-2024,ST. LOUIS,2.41,1.0,64.71,17.65,1.24,1.65,35.29,47.06,1.32,29,25.7,59,1.74,34,1.0,93,2.74,54,1.59,5,5,80,4.0,2.59
MLS,2023-2024,TORONTO FC,1.12,1.29,23.53,41.18,0.41,2.18,0.0,23.53,1.74,39,27.0,26,0.76,20,0.59,46,1.35,25,0.74,1,1,51,3.0,1.32
MLS,2023-2024,VANCOUVER W'CAPS,2.06,1.12,47.06,35.29,1.18,1.71,23.53,41.18,1.41,28,25.8,51,1.5,34,1.0,85,2.5,45,1.32,6,8,66,1.0,2.32
Premier League,2010-2011,ARSENAL,1.74,0.79,57.89,52.63,2.05,1.47,42.11,21.05,1.13,27,24.8,70,1.84,51,1.34,121,3.18,66,1.74,4,7,70,6.0,3.08
Premier League,2010-2011,ASTON VILLA,1.37,1.0,42.11,47.37,1.16,2.11,21.05,47.37,1.55,32,27.5,45,1.18,32,0.84,77,2.03,41,1.08,4,6,71,2.0,1.92
Premier League,2010-2011,BIRMINGHAM CITY,1.0,1.16,31.58,21.05,0.95,1.89,10.53,42.11,1.53,26,28.0,37,0.97,23,0.61,60,1.58,35,0.92,2,2,59,3.0,1.53
Premier League,2010-2011,BLACKBURN,1.16,0.84,36.84,36.84,1.26,2.26,21.05,47.37,1.55,29,27.8,43,1.13,28,0.74,71,1.87,42,1.11,1,2,66,5.0,1.84
Premier League,2010-2011,BLACKPOOL,1.58,1.95,26.32,47.37,1.32,2.16,26.32,26.32,2.05,30,26.8,54,1.42,29,0.76,83,2.18,47,1.24,7,8,47,2.0,2.0
Premier League,2010-2011,BOLTON,1.79,1.26,52.63,36.84,0.95,1.68,10.53,52.63,1.47,24,28.1,50,1.32,34,0.89,84,2.21,46,1.21,4,5,70,5.0,2.11
Premier League,2010-2011,CHELSEA,2.05,0.68,73.68,31.58,1.58,1.05,36.84,31.58,0.87,24,28.2,68,1.79,39,1.03,107,2.82,62,1.63,6,8,56,1.0,2.66
Premier League,2010-2011,EVERTON,1.63,1.21,47.37,36.84,1.05,1.16,21.05,36.84,1.18,24,28.1,50,1.32,33,0.87,83,2.18,47,1.24,3,4,60,5.0,2.11
Premier League,2010-2011,FULHAM,1.58,1.21,42.11,21.05,1.0,1.05,15.79,31.58,1.13,29,29.8,48,1.26,32,0.84,80,2.11,46,1.21,2,3,52,1.0,2.05
Premier League,2010-2011,LIVERPOOL,1.95,0.74,63.16,31.58,1.16,1.58,26.32,36.84,1.16,30,26.9,58,1.53,30,0.79,88,2.32,51,1.34,7,8,64,2.0,2.13
Premier League,2010-2011,MANCHESTER CITY,1.79,0.63,68.42,47.37,1.37,1.11,42.11,36.84,0.87,27,25.4,56,1.47,35,0.92,91,2.39,48,1.26,8,9,76,5.0,2.18
Premier League,2010-2011,MANCHESTER UTD,2.58,0.63,94.74,42.11,1.53,1.32,26.32,31.58,0.97,29,28.3,75,1.97,59,1.55,134,3.53,72,1.89,3,5,59,3.0,3.45
Premier League,2010-2011,NEWCASTLE UTD,2.16,1.42,31.58,21.05,0.79,1.58,26.32,36.84,1.5,30,26.3,55,1.45,35,0.92,90,2.37,50,1.32,5,5,76,2.0,2.24
Premier League,2010-2011,STOKE CITY,1.63,0.95,52.63,42.11,0.79,1.58,15.79,42.11,1.26,25,27.6,44,1.16,28,0.74,72,1.89,41,1.08,3,3,70,2.0,1.82
Premier League,2010-2011,SUNDERLAND,1.32,1.42,36.84,31.58,1.05,1.53,26.32,31.58,1.47,31,25.0,41,1.08,23,0.61,64,1.68,37,0.97,4,5,64,5.0,1.58
Premier League,2010-2011,TOTTENHAM,1.58,1.0,47.37,36.84,1.32,1.42,36.84,52.63,1.21,28,26.6,54,1.42,34,0.89,88,2.32,49,1.29,5,5,51,2.0,2.18
Premier League,2010-2011,WEST BROM,1.58,1.58,42.11,36.84,1.37,2.16,21.05,31.58,1.87,28,26.7,52,1.37,37,0.97,89,2.34,48,1.26,4,6,55,7.0,2.24
Premier League,2010-2011,WEST HAM,1.26,1.63,26.32,21.05,1.0,2.05,10.53,21.05,1.84,35,27.9,41,1.08,21,0.55,62,1.63,36,0.95,5,6,59,1.0,1.5
Premier League,2010-2011,WIGAN ATHLETIC,1.16,1.79,26.32,31.58,0.95,1.42,21.05,31.58,1.61,25,25.8,37,0.97,20,0.53,57,1.5,35,0.92,2,3,69,4.0,1.45
Premier League,2010-2011,WOLVES,1.58,1.58,42.11,52.63,0.84,1.89,15.79,36.84,1.74,30,25.8,45,1.18,29,0.76,74,1.95,42,1.11,3,3,63,2.0,1.87
Premier League,2011-2012,ARSENAL,2.05,0.89,63.16,42.11,1.84,1.68,47.37,63.16,1.29,32,25.2,73,1.92,57,1.5,130,3.42,71,1.87,2,3,70,4.0,3.37
Premier League,2011-2012,ASTON VILLA,1.05,1.32,21.05,36.84,0.89,1.47,15.79,15.79,1.39,27,27.3,37,0.97,26,0.68,63,1.66,34,0.89,3,3,71,2.0,1.58
Premier League,2011-2012,BLACKBURN,1.37,1.74,31.58,57.89,1.16,2.37,10.53,21.05,2.05,31,25.5,44,1.16,32,0.84,76,2.0,40,1.05,4,8,69,5.0,1.89
Premier League,2011-2012,BOLTON,1.21,2.05,21.05,31.58,1.21,2.0,31.58,26.32,2.03,30,27.4,43,1.13,29,0.76,72,1.89,38,1.0,5,6,52,5.0,1.76
Premier League,2011-2012,CHELSEA,2.16,1.26,63.16,36.84,1.26,1.16,31.58,31.58,1.21,29,27.6,63,1.66,45,1.18,108,2.84,59,1.55,4,5,76,4.0,2.74
Premier League,2011-2012,EVERTON,1.47,0.79,52.63,47.37,1.16,1.32,26.32,21.05,1.05,30,28.5,47,1.24,32,0.84,79,2.08,42,1.11,5,5,61,2.0,1.95
Premier League,2011-2012,FULHAM,1.89,1.37,52.63,31.58,0.63,1.32,21.05,26.32,1.34,28,29.6,44,1.16,31,0.82,75,1.97,41,1.08,3,4,54,0.0,1.89
Premier League,2011-2012,LIVERPOOL,1.26,0.84,31.58,31.58,1.21,1.26,42.11,42.11,1.05,26,26.3,42,1.11,23,0.61,65,1.71,41,1.08,1,4,58,5.0,1.68
Premier League,2011-2012,MANCHESTER CITY,2.89,0.63,94.74,26.32,2.0,0.89,52.63,47.37,0.76,24,25.8,91,2.39,73,1.92,164,4.32,84,2.21,7,8,59,5.0,4.13
Premier League,2011-2012,MANCHESTER UTD,2.74,1.0,78.95,21.05,1.95,0.74,68.42,47.37,0.87,31,26.3,87,2.29,69,1.82,156,4.11,78,2.05,9,11,51,1.0,3.87
Premier League,2011-2012,NEWCASTLE UTD,1.53,0.89,57.89,36.84,1.42,1.79,42.11,15.79,1.34,26,25.6,51,1.34,36,0.95,87,2.29,49,1.29,2,3,67,2.0,2.24
Premier League,2011-2012,NORWICH CITY,1.47,1.58,36.84,31.58,1.26,1.89,26.32,47.37,1.74,27,25.8,52,1.37,33,0.87,85,2.24,50,1.32,2,2,60,3.0,2.18
Premier League,2011-2012,QPR,1.26,1.32,36.84,52.63,1.0,2.16,15.79,52.63,1.74,35,28.8,41,1.08,25,0.66,66,1.74,39,1.03,2,2,59,9.0,1.68
Premier League,2011-2012,STOKE CITY,1.32,1.05,36.84,36.84,0.58,1.74,21.05,36.84,1.39,23,27.9,35,0.92,28,0.74,63,1.66,31,0.82,4,6,60,2.0,1.55
Premier League,2011-2012,SUNDERLAND,1.37,0.89,36.84,42.11,1.0,1.53,21.05,47.37,1.21,28,25.8,43,1.13,25,0.66,68,1.79,42,1.11,1,2,62,4.0,1.76
Premier League,2011-2012,SWANSEA CITY,1.42,0.95,42.11,26.32,0.89,1.74,21.05,15.79,1.34,25,25.4,43,1.13,24,0.63,67,1.76,38,1.0,5,6,41,2.0,1.63
Premier League,2011-2012,TOTTENHAM,2.05,0.89,68.42,21.05,1.42,1.26,36.84,31.58,1.08,29,27.6,66,1.74,48,1.26,114,3.0,62,1.63,4,5,47,3.0,2.89
Premier League,2011-2012,WEST BROM,1.11,1.16,31.58,52.63,1.26,1.58,36.84,42.11,1.37,25,27.8,44,1.16,30,0.79,74,1.95,43,1.13,1,2,48,1.0,1.92
Premier League,2011-2012,WIGAN ATHLETIC,1.16,1.42,26.32,21.05,1.05,1.84,31.58,47.37,1.63,23,26.3,41,1.08,22,0.58,63,1.66,36,0.95,5,7,69,3.0,1.53
Premier League,2011-2012,WOLVES,1.0,2.26,15.79,31.58,1.11,2.05,10.53,36.84,2.16,32,26.0,40,1.05,25,0.66,65,1.71,37,0.97,3,4,64,4.0,1.63
Premier League,2012-2013,ARSENAL,2.47,1.21,57.89,21.05,1.32,0.74,52.63,52.63,0.97,26,25.6,69,1.82,54,1.42,123,3.24,64,1.68,5,6,46,4.0,3.11
Premier League,2012-2013,ASTON VILLA,1.21,1.47,26.32,47.37,1.26,2.16,26.32,31.58,1.82,28,24.1,47,1.24,34,0.89,81,2.13,44,1.16,3,3,75,3.0,2.05
Premier League,2012-2013,CHELSEA,2.16,0.84,63.16,36.84,1.79,1.21,52.63,42.11,1.03,26,26.4,71,1.87,50,1.32,121,3.18,62,1.63,9,11,54,3.0,2.95
Premier League,2012-2013,EVERTON,1.74,0.89,63.16,42.11,1.16,1.21,21.05,31.58,1.05,23,28.8,53,1.39,42,1.11,95,2.5,51,1.34,2,2,63,3.0,2.45
Premier League,2012-2013,FULHAM,1.47,1.58,36.84,42.11,1.16,1.58,21.05,42.11,1.58,29,30.4,45,1.18,32,0.84,77,2.03,39,1.03,6,6,48,3.0,1.87
Premier League,2012-2013,LIVERPOOL,1.74,0.84,47.37,26.32,2.0,1.42,36.84,21.05,1.13,28,26.2,67,1.76,47,1.24,114,3.0,62,1.63,5,6,54,2.0,2.87
Premier League,2012-2013,MANCHESTER CITY,2.16,0.79,73.68,47.37,1.32,1.0,47.37,31.58,0.89,25,26.7,64,1.68,45,1.18,109,2.87,60,1.58,4,6,64,3.0,2.76
Premier League,2012-2013,MANCHESTER UTD,2.37,1.0,84.21,57.89,2.16,1.26,63.16,52.63,1.13,25,27.3,80,2.11,63,1.66,143,3.76,76,2.0,4,7,56,1.0,3.66
Premier League,2012-2013,NEWCASTLE UTD,1.26,1.63,47.37,63.16,1.11,1.95,10.53,42.11,1.79,32,26.2,43,1.13,22,0.58,65,1.71,39,1.03,4,5,75,4.0,1.61
Premier League,2012-2013,NORWICH CITY,1.32,1.05,42.11,52.63,0.84,2.0,10.53,36.84,1.53,27,26.7,40,1.05,27,0.71,67,1.76,39,1.03,1,2,60,1.0,1.74
Premier League,2012-2013,QPR,0.68,1.47,10.53,26.32,0.89,1.68,10.53,52.63,1.58,30,28.2,29,0.76,22,0.58,51,1.34,28,0.74,1,4,61,3.0,1.32
Premier League,2012-2013,READING,1.21,1.74,21.05,31.58,1.05,2.11,10.53,52.63,1.92,28,27.2,41,1.08,28,0.74,69,1.82,37,0.97,4,4,45,1.0,1.71
Premier League,2012-2013,SOUTHAMPTON,1.37,1.26,31.58,31.58,1.21,1.89,15.79,26.32,1.58,25,25.3,46,1.21,25,0.66,71,1.87,43,1.13,3,3,43,2.0,1.79
Premier League,2012-2013,STOKE CITY,1.11,1.16,36.84,36.84,0.68,1.21,10.53,36.84,1.18,24,27.1,33,0.87,23,0.61,56,1.47,30,0.79,3,5,83,4.0,1.39
Premier League,2012-2013,SUNDERLAND,1.05,1.0,26.32,36.84,1.11,1.84,21.05,42.11,1.42,29,26.2,39,1.03,24,0.63,63,1.66,35,0.92,4,4,63,3.0,1.55
Premier League,2012-2013,SWANSEA CITY,1.47,1.37,31.58,21.05,1.0,1.32,26.32,42.11,1.34,25,26.6,47,1.24,32,0.84,79,2.08,47,1.24,0,0,59,2.0,2.08
Premier League,2012-2013,TOTTENHAM,1.53,0.95,57.89,47.37,1.95,1.47,52.63,57.89,1.21,28,26.3,62,1.63,45,1.18,107,2.82,62,1.63,0,0,54,2.0,2.82
Premier League,2012-2013,WEST BROM,1.68,1.32,47.37,63.16,1.11,1.68,26.32,36.84,1.5,25,27.6,50,1.32,38,1.0,88,2.32,45,1.18,5,7,62,4.0,2.18
Premier League,2012-2013,WEST HAM,1.79,1.16,47.37,31.58,0.58,1.63,15.79,42.11,1.39,26,28.0,43,1.13,33,0.87,76,2.0,39,1.03,4,4,74,1.0,1.89
Premier League,2012-2013,WIGAN ATHLETIC,1.37,2.05,21.05,47.37,1.11,1.79,26.32,36.84,1.92,28,27.7,45,1.18,35,0.92,80,2.11,44,1.16,1,1,66,2.0,2.08
Premier League,2013-2014,ARSENAL,1.89,0.58,68.42,10.53,1.68,1.58,57.89,31.58,1.08,27,26.8,68,1.79,48,1.26,116,3.05,65,1.71,3,3,54,0.0,2.97
Premier League,2013-2014,ASTON VILLA,1.16,1.53,31.58,42.11,0.89,1.68,21.05,42.11,1.61,26,24.6,38,1.0,25,0.66,63,1.66,36,0.95,2,4,78,0.0,1.61
Premier League,2013-2014,CARDIFF CITY,1.05,1.84,26.32,36.84,0.63,2.05,10.53,21.05,1.95,32,25.4,31,0.82,24,0.63,55,1.45,30,0.79,1,1,49,0.0,1.42
Premier League,2013-2014,CHELSEA,2.26,0.58,78.95,36.84,1.47,0.84,52.63,42.11,0.71,29,27.7,69,1.82,39,1.03,108,2.84,64,1.68,5,7,62,0.0,2.71
Premier League,2013-2014,CRYSTAL PALACE,0.95,1.21,42.11,36.84,0.79,1.32,26.32,47.37,1.26,31,28.1,32,0.84,21,0.55,53,1.39,27,0.71,5,6,55,0.0,1.26
Premier League,2013-2014,EVERTON,2.0,1.0,68.42,57.89,1.21,1.05,42.11,31.58,1.03,28,27.6,58,1.53,42,1.11,100,2.63,55,1.45,3,3,55,0.0,2.55
Premier League,2013-2014,FULHAM,1.26,2.0,26.32,42.11,0.84,2.47,21.05,21.05,2.24,39,29.0,38,1.0,28,0.74,66,1.74,36,0.95,2,3,59,0.0,1.68
Premier League,2013-2014,HULL CITY,1.05,1.11,36.84,36.84,0.95,1.68,15.79,36.84,1.39,27,27.5,35,0.92,21,0.55,56,1.47,33,0.87,2,3,55,0.0,1.42
Premier League,2013-2014,LIVERPOOL,2.79,0.95,84.21,36.84,2.53,1.68,52.63,31.58,1.32,25,25.7,97,2.55,61,1.61,158,4.16,87,2.29,10,12,53,0.0,3.89
Premier League,2013-2014,MANCHESTER CITY,3.32,0.68,89.47,21.05,2.05,1.26,52.63,42.11,0.97,23,27.7,97,2.55,63,1.66,160,4.21,91,2.39,6,7,72,0.0,4.05
Premier League,2013-2014,MANCHESTER UTD,1.53,1.11,47.37,36.84,1.84,1.16,52.63,26.32,1.13,30,26.7,63,1.66,37,0.97,100,2.63,58,1.53,5,5,70,0.0,2.5
Premier League,2013-2014,NEWCASTLE UTD,1.21,1.47,42.11,42.11,1.05,1.63,36.84,52.63,1.55,26,26.4,41,1.08,25,0.66,66,1.74,39,1.03,2,3,54,0.0,1.68
Premier League,2013-2014,NORWICH CITY,0.89,0.95,31.58,47.37,0.58,2.32,10.53,26.32,1.63,25,26.3,28,0.74,18,0.47,46,1.21,27,0.71,1,2,64,0.0,1.18
Premier League,2013-2014,SOUTHAMPTON,1.68,1.21,42.11,21.05,1.16,1.21,36.84,42.11,1.21,24,25.1,52,1.37,37,0.97,89,2.34,49,1.29,3,3,61,0.0,2.26
Premier League,2013-2014,STOKE CITY,1.42,0.89,52.63,47.37,0.95,1.84,15.79,42.11,1.37,26,27.3,44,1.16,26,0.68,70,1.84,40,1.05,4,5,79,0.0,1.74
Premier League,2013-2014,SUNDERLAND,1.11,1.42,26.32,52.63,1.05,1.74,26.32,26.32,1.58,31,26.5,41,1.08,24,0.63,65,1.71,35,0.92,6,6,68,0.0,1.55
Premier League,2013-2014,SWANSEA CITY,1.74,1.37,31.58,31.58,1.11,1.47,26.32,42.11,1.42,27,26.5,47,1.24,37,0.97,84,2.21,43,1.13,4,4,58,0.0,2.11
Premier League,2013-2014,TOTTENHAM,1.58,1.21,57.89,36.84,1.32,1.47,52.63,47.37,1.34,28,25.2,50,1.32,33,0.87,83,2.18,45,1.18,5,6,65,0.0,2.05
Premier League,2013-2014,WEST BROM,1.26,1.42,21.05,26.32,1.0,1.68,15.79,42.11,1.55,28,28.4,41,1.08,27,0.71,68,1.79,39,1.03,2,2,67,0.0,1.74
Premier League,2013-2014,WEST HAM,1.32,1.37,36.84,26.32,0.79,1.32,21.05,31.58,1.34,29,28.5,36,0.95,22,0.58,58,1.53,34,0.89,2,2,65,0.0,1.47
Premier League,2014-2015,ARSENAL,2.16,0.74,63.16,31.58,1.58,1.16,52.63,47.37,0.95,29,26.1,69,1.82,47,1.24,116,3.05,63,1.66,6,7,69,0.0,2.89
Premier League,2014-2015,ASTON VILLA,0.95,1.32,26.32,52.63,0.68,1.68,26.32,47.37,1.5,27,26.3,31,0.82,23,0.61,54,1.42,30,0.79,1,1,76,0.0,1.39
Premier League,2014-2015,BURNLEY,0.74,1.11,21.05,47.37,0.74,1.68,15.79,36.84,1.39,24,27.2,27,0.71,22,0.58,49,1.29,26,0.68,1,2,66,0.0,1.26
Premier League,2014-2015,CHELSEA,1.89,0.47,78.95,26.32,1.95,1.21,57.89,36.84,0.84,25,27.0,72,1.89,59,1.55,131,3.45,68,1.79,4,5,75,0.0,3.34
Premier League,2014-2015,CRYSTAL PALACE,1.11,1.42,31.58,42.11,1.37,1.26,36.84,42.11,1.34,30,27.8,46,1.21,27,0.71,73,1.92,41,1.08,5,7,70,0.0,1.79
Premier League,2014-2015,EVERTON,1.42,1.11,36.84,31.58,1.11,1.53,26.32,47.37,1.32,28,27.9,47,1.24,31,0.82,78,2.05,43,1.13,4,7,71,0.0,1.95
Premier League,2014-2015,HULL CITY,1.0,1.26,26.32,42.11,0.74,1.42,15.79,26.32,1.34,29,27.4,32,0.84,22,0.58,54,1.42,31,0.82,1,1,75,0.0,1.39
Premier League,2014-2015,LEICESTER CITY,1.47,1.16,36.84,36.84,0.95,1.74,21.05,47.37,1.45,28,27.9,45,1.18,29,0.76,74,1.95,42,1.11,3,3,49,0.0,1.87
Premier League,2014-2015,LIVERPOOL,1.58,1.05,52.63,47.37,1.16,1.47,42.11,31.58,1.26,25,25.2,48,1.26,30,0.79,78,2.05,43,1.13,5,6,70,0.0,1.92
Premier League,2014-2015,MANCHESTER CITY,2.32,0.74,73.68,31.58,2.05,1.26,52.63,31.58,1.0,24,28.6,82,2.16,61,1.61,143,3.76,75,1.97,7,8,82,0.0,3.58
Premier League,2014-2015,MANCHESTER UTD,2.16,0.79,73.68,36.84,1.11,1.16,31.58,42.11,0.97,33,26.0,60,1.58,41,1.08,101,2.66,57,1.5,3,5,68,0.0,2.58
Premier League,2014-2015,NEWCASTLE UTD,1.37,1.42,36.84,57.89,0.74,1.89,15.79,26.32,1.66,27,25.9,40,1.05,30,0.79,70,1.84,39,1.03,1,1,78,0.0,1.82
Premier League,2014-2015,QPR,1.21,1.26,31.58,57.89,1.0,2.58,10.53,36.84,1.92,32,28.2,39,1.03,29,0.76,68,1.79,36,0.95,3,5,79,0.0,1.71
Premier League,2014-2015,SOUTHAMPTON,1.95,0.68,57.89,26.32,0.89,1.05,36.84,68.42,0.87,29,26.0,49,1.29,32,0.84,81,2.13,47,1.24,2,3,59,0.0,2.08
Premier League,2014-2015,STOKE CITY,1.68,1.16,52.63,47.37,0.84,1.21,26.32,52.63,1.18,25,27.4,47,1.24,30,0.79,77,2.03,44,1.16,3,3,84,0.0,1.95
Premier League,2014-2015,SUNDERLAND,0.84,1.42,21.05,15.79,0.79,1.37,15.79,26.32,1.39,25,27.8,30,0.79,20,0.53,50,1.32,26,0.68,4,4,96,0.0,1.21
Premier League,2014-2015,SWANSEA CITY,1.42,1.16,47.37,36.84,1.0,1.42,36.84,57.89,1.29,28,26.6,43,1.13,34,0.89,77,2.03,41,1.08,2,2,54,0.0,1.97
Premier League,2014-2015,TOTTENHAM,1.63,1.26,52.63,63.16,1.42,1.53,47.37,47.37,1.39,27,24.4,56,1.47,40,1.05,96,2.53,53,1.39,3,5,81,0.0,2.45
Premier League,2014-2015,WEST BROM,1.26,1.37,36.84,36.84,0.74,1.32,21.05,31.58,1.34,26,28.0,37,0.97,29,0.76,66,1.74,33,0.87,4,5,64,0.0,1.63
Premier League,2014-2015,WEST HAM,1.32,0.95,47.37,42.11,1.0,1.53,15.79,26.32,1.24,28,26.8,43,1.13,34,0.89,77,2.03,42,1.11,1,2,66,0.0,2.0
Premier League,2015-2016,ARSENAL,1.63,0.58,63.16,36.84,1.79,1.32,42.11,21.05,0.95,25,27.0,62,1.63,53,1.39,115,3.03,61,1.61,1,2,45,0.0,3.0
Premier League,2015-2016,ASTON VILLA,0.74,1.84,10.53,36.84,0.68,2.16,5.26,42.11,2.0,29,26.6,24,0.63,19,0.5,43,1.13,22,0.58,2,2,77,0.0,1.08
Premier League,2015-2016,BOURNEMOUTH,1.21,1.79,26.32,26.32,1.16,1.74,31.58,42.11,1.76,28,27.7,43,1.13,28,0.74,71,1.87,40,1.05,3,4,53,0.0,1.79
Premier League,2015-2016,CHELSEA,1.68,1.58,26.32,15.79,1.42,1.21,36.84,47.37,1.39,28,26.8,55,1.45,40,1.05,95,2.5,51,1.34,4,5,62,0.0,2.39
Premier League,2015-2016,CRYSTAL PALACE,1.0,1.21,31.58,57.89,1.05,1.47,26.32,47.37,1.34,30,27.7,38,1.0,21,0.55,59,1.55,34,0.89,4,5,62,0.0,1.45
Premier League,2015-2016,EVERTON,1.84,1.58,31.58,31.58,1.26,1.32,26.32,21.05,1.45,31,26.5,56,1.47,44,1.16,100,2.63,52,1.37,4,5,50,0.0,2.53
Premier League,2015-2016,LEICESTER CITY,1.84,0.95,63.16,36.84,1.74,0.95,57.89,47.37,0.95,23,27.7,68,1.79,43,1.13,111,2.92,58,1.53,10,13,54,0.0,2.66
Premier League,2015-2016,LIVERPOOL,1.74,1.16,42.11,31.58,1.58,1.47,42.11,31.58,1.32,34,25.2,62,1.63,50,1.32,112,2.95,60,1.58,2,2,67,0.0,2.89
Premier League,2015-2016,MANCHESTER CITY,2.47,1.11,63.16,31.58,1.26,1.05,36.84,21.05,1.08,25,28.3,71,1.87,53,1.39,124,3.26,66,1.74,5,8,63,0.0,3.13
Premier League,2015-2016,MANCHESTER UTD,1.42,0.47,63.16,42.11,1.16,1.37,36.84,57.89,0.92,33,25.6,46,1.21,31,0.82,77,2.03,43,1.13,3,3,67,0.0,1.95
Premier League,2015-2016,NEWCASTLE UTD,1.68,1.26,36.84,31.58,0.63,2.16,10.53,42.11,1.71,31,25.4,43,1.13,34,0.89,77,2.03,40,1.05,3,3,61,0.0,1.95
Premier League,2015-2016,NORWICH CITY,1.37,1.58,31.58,42.11,0.68,1.95,15.79,42.11,1.76,28,27.7,38,1.0,27,0.71,65,1.71,37,0.97,1,1,64,0.0,1.68
Premier League,2015-2016,SOUTHAMPTON,2.05,1.16,57.89,26.32,1.05,1.0,36.84,47.37,1.08,26,26.4,58,1.53,45,1.18,103,2.71,55,1.45,3,4,63,0.0,2.63
Premier League,2015-2016,STOKE CITY,1.16,1.26,42.11,47.37,1.0,1.63,31.58,36.84,1.45,27,27.4,40,1.05,29,0.76,69,1.82,35,0.92,5,5,53,0.0,1.68
Premier League,2015-2016,SUNDERLAND,1.21,1.05,31.58,36.84,1.32,2.21,15.79,15.79,1.63,31,27.3,44,1.16,30,0.79,74,1.95,41,1.08,3,3,68,0.0,1.87
Premier League,2015-2016,SWANSEA CITY,1.05,1.05,42.11,42.11,1.16,1.68,21.05,52.63,1.37,27,27.6,41,1.08,25,0.66,66,1.74,36,0.95,5,5,60,0.0,1.61
Premier League,2015-2016,TOTTENHAM,1.84,0.79,52.63,31.58,1.79,1.05,47.37,26.32,0.92,24,24.5,68,1.79,50,1.32,118,3.11,63,1.66,5,5,72,0.0,2.97
Premier League,2015-2016,WATFORD,1.05,1.0,31.58,47.37,1.05,1.63,31.58,47.37,1.32,25,28.2,38,1.0,18,0.47,56,1.47,32,0.84,6,7,77,0.0,1.32
Premier League,2015-2016,WEST BROM,1.05,1.37,31.58,63.16,0.74,1.16,21.05,36.84,1.26,28,29.1,32,0.84,25,0.66,57,1.5,31,0.82,1,5,65,0.0,1.47
Premier League,2015-2016,WEST HAM,1.79,1.37,47.37,36.84,1.63,1.32,36.84,26.32,1.34,28,26.6,64,1.68,38,1.0,102,2.68,60,1.58,4,4,57,0.0,2.58
Premier League,2016-2017,ARSENAL,2.05,0.84,73.68,36.84,2.0,1.47,47.37,21.05,1.16,29,26.9,73,1.92,55,1.45,128,3.37,69,1.82,4,6,69,0.0,3.26
Premier League,2016-2017,BOURNEMOUTH,1.84,1.53,47.37,36.84,1.05,2.0,15.79,26.32,1.76,27,27.0,53,1.39,33,0.87,86,2.26,46,1.21,7,10,56,2.0,2.08
Premier League,2016-2017,BURNLEY,1.37,1.05,52.63,57.89,0.68,1.84,5.26,42.11,1.45,27,27.7,39,1.03,24,0.63,63,1.66,33,0.87,6,6,67,1.0,1.5
Premier League,2016-2017,CHELSEA,2.89,0.89,89.47,36.84,1.58,0.84,68.42,36.84,0.87,24,27.2,83,2.18,53,1.39,136,3.58,81,2.13,2,4,72,0.0,3.53
Premier League,2016-2017,CRYSTAL PALACE,1.26,1.32,31.58,52.63,1.37,2.0,31.58,42.11,1.66,31,27.7,48,1.26,32,0.84,80,2.11,44,1.16,4,7,79,0.0,2.0
Premier League,2016-2017,EVERTON,2.21,0.84,68.42,21.05,1.05,1.47,21.05,42.11,1.16,27,27.5,58,1.53,45,1.18,103,2.71,55,1.45,3,4,74,1.0,2.63
Premier League,2016-2017,HULL CITY,1.47,1.84,42.11,26.32,0.47,2.37,5.26,15.79,2.11,28,27.4,36,0.95,24,0.63,60,1.58,33,0.87,3,3,67,0.0,1.5
Premier League,2016-2017,LEICESTER CITY,1.63,1.32,52.63,15.79,0.89,2.0,10.53,47.37,1.66,25,27.8,46,1.21,32,0.84,78,2.05,42,1.11,4,6,73,0.0,1.95
Premier League,2016-2017,LIVERPOOL,2.37,0.95,63.16,26.32,1.74,1.26,52.63,42.11,1.11,23,26.1,77,2.03,52,1.37,129,3.39,70,1.84,7,8,54,0.0,3.21
Premier League,2016-2017,MANCHESTER CITY,1.95,0.89,57.89,26.32,2.26,1.16,63.16,26.32,1.03,25,28.5,75,1.97,54,1.42,129,3.39,68,1.79,7,9,71,0.0,3.21
Premier League,2016-2017,MANCHESTER UTD,1.37,0.63,42.11,15.79,1.47,0.89,52.63,15.79,0.76,31,26.7,54,1.42,37,0.97,91,2.39,51,1.34,3,4,80,1.0,2.32
Premier League,2016-2017,MIDDLESBROUGH,0.89,1.21,21.05,42.11,0.53,1.58,5.26,31.58,1.39,27,27.3,26,0.68,22,0.58,48,1.26,24,0.63,2,2,79,1.0,1.21
Premier League,2016-2017,SOUTHAMPTON,0.89,1.11,31.58,26.32,1.26,1.42,31.58,42.11,1.26,26,26.0,39,1.03,27,0.71,66,1.74,36,0.95,3,6,61,1.0,1.66
Premier League,2016-2017,STOKE CITY,1.26,1.26,36.84,21.05,0.89,1.68,21.05,26.32,1.47,26,28.7,37,0.97,24,0.63,61,1.61,33,0.87,4,6,72,1.0,1.5
Premier League,2016-2017,SUNDERLAND,0.84,1.79,15.79,31.58,0.68,1.84,15.79,31.58,1.82,31,26.8,28,0.74,11,0.29,39,1.03,23,0.61,5,5,84,3.0,0.89
Premier League,2016-2017,SWANSEA CITY,1.42,1.79,42.11,31.58,0.95,1.89,21.05,52.63,1.84,27,27.4,45,1.18,31,0.82,76,2.0,42,1.11,3,3,56,0.0,1.92
Premier League,2016-2017,TOTTENHAM,2.47,0.47,89.47,42.11,2.05,0.89,47.37,26.32,0.68,24,25.3,84,2.21,59,1.55,143,3.76,77,2.03,7,9,62,0.0,3.58
Premier League,2016-2017,WATFORD,1.32,1.53,42.11,52.63,0.79,2.05,15.79,31.58,1.79,33,29.0,39,1.03,27,0.71,66,1.74,36,0.95,3,3,90,3.0,1.66
Premier League,2016-2017,WEST BROM,1.42,1.16,47.37,36.84,0.84,1.53,15.79,42.11,1.34,23,29.4,43,1.13,33,0.87,76,2.0,42,1.11,1,1,80,0.0,1.97
Premier League,2016-2017,WEST HAM,1.0,1.63,36.84,42.11,1.47,1.74,26.32,36.84,1.68,29,27.1,46,1.21,28,0.74,74,1.95,43,1.13,3,4,86,4.0,1.87
Premier League,2017-2018,ARSENAL,2.84,1.05,78.95,21.05,1.05,1.63,21.05,52.63,1.34,30,26.8,73,1.92,61,1.61,134,3.53,69,1.82,4,5,57,,3.42
Premier League,2017-2018,BOURNEMOUTH,1.37,1.58,36.84,47.37,1.0,1.63,21.05,42.11,1.61,22,26.9,45,1.18,36,0.95,81,2.13,42,1.11,3,3,57,,2.05
Premier League,2017-2018,BRIGHTON,1.26,1.32,36.84,21.05,0.53,1.53,10.53,21.05,1.42,24,27.5,33,0.87,25,0.66,58,1.53,28,0.74,5,7,54,,1.39
Premier League,2017-2018,BURNLEY,0.84,0.89,36.84,63.16,1.05,1.16,36.84,47.37,1.03,24,27.5,35,0.92,26,0.68,61,1.61,35,0.92,0,0,65,,1.61
Premier League,2017-2018,CHELSEA,1.58,0.84,57.89,36.84,1.68,1.16,52.63,52.63,1.0,26,26.7,60,1.58,42,1.11,102,2.68,57,1.5,3,3,46,,2.61
Premier League,2017-2018,CRYSTAL PALACE,1.53,1.42,36.84,52.63,0.84,1.47,21.05,36.84,1.45,28,27.1,44,1.16,26,0.68,70,1.84,36,0.95,8,10,72,,1.63
Premier League,2017-2018,EVERTON,1.47,1.16,52.63,31.58,0.84,1.89,15.79,26.32,1.53,30,26.7,42,1.11,26,0.68,68,1.79,37,0.97,5,8,55,,1.66
Premier League,2017-2018,HUDDERSFIELD,0.84,1.32,31.58,31.58,0.63,1.74,15.79,10.53,1.53,25,26.4,25,0.66,19,0.5,44,1.16,23,0.61,2,2,65,,1.11
Premier League,2017-2018,LEICESTER CITY,1.32,1.16,36.84,26.32,1.63,2.0,26.32,42.11,1.58,27,27.2,53,1.39,38,1.0,91,2.39,48,1.26,5,6,60,,2.26
Premier League,2017-2018,LIVERPOOL,2.37,0.53,63.16,15.79,2.05,1.47,47.37,31.58,1.0,27,25.6,82,2.16,58,1.53,140,3.68,80,2.11,2,3,44,,3.63
Premier League,2017-2018,MANCHESTER CITY,3.21,0.74,84.21,21.05,2.37,0.68,84.21,42.11,0.71,25,26.4,103,2.71,85,2.24,188,4.95,97,2.55,6,8,63,,4.79
Premier League,2017-2018,MANCHESTER UTD,2.0,0.47,78.95,47.37,1.58,1.0,52.63,47.37,0.74,27,26.7,67,1.76,53,1.39,120,3.16,66,1.74,1,3,64,,3.13
Premier League,2017-2018,NEWCASTLE UTD,1.11,0.89,42.11,52.63,0.95,1.58,21.05,57.89,1.24,27,25.6,38,1.0,29,0.76,67,1.76,38,1.0,0,1,54,,1.76
Premier League,2017-2018,SOUTHAMPTON,1.05,1.37,21.05,42.11,0.89,1.58,15.79,36.84,1.47,26,26.2,36,0.95,23,0.61,59,1.55,33,0.87,3,3,65,,1.47
Premier League,2017-2018,STOKE CITY,1.05,1.58,26.32,42.11,0.79,2.0,10.53,36.84,1.79,30,27.5,34,0.89,28,0.74,62,1.63,34,0.89,0,3,62,,1.63
Premier League,2017-2018,SWANSEA CITY,0.89,1.26,31.58,52.63,0.58,1.68,10.53,31.58,1.47,26,27.2,27,0.71,20,0.53,47,1.24,26,0.68,1,1,51,,1.21
Premier League,2017-2018,TOTTENHAM,2.11,0.84,68.42,31.58,1.79,1.05,52.63,31.58,0.95,25,25.8,70,1.84,51,1.34,121,3.18,68,1.79,2,3,52,,3.13
Premier League,2017-2018,WATFORD,1.42,1.63,36.84,42.11,0.89,1.74,21.05,36.84,1.68,29,27.9,42,1.11,27,0.71,69,1.82,39,1.03,3,6,65,,1.74
Premier League,2017-2018,WEST BROM,1.11,1.53,15.79,36.84,0.53,1.42,15.79,47.37,1.47,24,29.1,31,0.82,24,0.63,55,1.45,30,0.79,1,1,73,,1.42
Premier League,2017-2018,WEST HAM,1.26,1.37,36.84,26.32,1.26,2.21,15.79,10.53,1.79,27,28.0,48,1.26,29,0.76,77,2.03,46,1.21,2,4,75,,1.97
Premier League,2018-2019,ARSENAL,2.21,0.84,73.68,15.79,1.63,1.84,36.84,47.37,1.34,28,26.7,69,1.82,52,1.37,121,3.18,65,1.71,4,5,74,2.0,3.08
Premier League,2018-2019,BOURNEMOUTH,1.58,1.32,42.11,36.84,1.37,2.37,26.32,10.53,1.84,28,26.6,55,1.45,43,1.13,98,2.58,48,1.26,7,9,60,1.0,2.39
Premier League,2018-2019,BRIGHTON,1.0,1.47,31.58,47.37,0.84,1.68,15.79,47.37,1.58,21,27.4,35,0.92,24,0.63,59,1.55,30,0.79,5,6,62,4.0,1.42
Premier League,2018-2019,BURNLEY,1.26,1.68,36.84,31.58,1.11,1.89,21.05,21.05,1.79,23,28.0,43,1.13,32,0.84,75,1.97,41,1.08,2,2,75,1.0,1.92
Premier League,2018-2019,CARDIFF CITY,1.11,2.0,31.58,42.11,0.68,1.63,21.05,36.84,1.82,25,27.7,33,0.87,20,0.53,53,1.39,30,0.79,3,4,66,1.0,1.32
Premier League,2018-2019,CHELSEA,2.05,0.63,63.16,15.79,1.26,1.42,47.37,36.84,1.03,24,27.3,61,1.61,52,1.37,113,2.97,56,1.47,5,5,49,0.0,2.84
Premier League,2018-2019,CRYSTAL PALACE,1.0,1.21,26.32,31.58,1.68,1.58,47.37,47.37,1.39,26,27.4,48,1.26,33,0.87,81,2.13,38,1.0,10,11,59,2.0,1.87
Premier League,2018-2019,EVERTON,1.58,1.11,52.63,21.05,1.26,1.32,26.32,42.11,1.21,23,25.7,53,1.39,34,0.89,87,2.29,51,1.34,2,5,57,4.0,2.24
Premier League,2018-2019,FULHAM,1.16,1.89,31.58,31.58,0.63,2.37,5.26,21.05,2.13,28,26.0,33,0.87,24,0.63,57,1.5,31,0.82,2,3,72,2.0,1.45
Premier League,2018-2019,HUDDERSFIELD,0.53,1.63,10.53,52.63,0.63,2.37,5.26,26.32,2.0,31,26.2,21,0.55,13,0.34,34,0.89,20,0.53,1,1,57,4.0,0.87
Premier League,2018-2019,LEICESTER CITY,1.26,1.05,42.11,42.11,1.42,1.47,36.84,52.63,1.26,25,25.9,48,1.26,34,0.89,82,2.16,43,1.13,5,7,63,5.0,2.03
Premier League,2018-2019,LIVERPOOL,2.89,0.53,89.47,21.05,1.79,0.63,68.42,36.84,0.58,23,26.1,86,2.26,55,1.45,141,3.71,79,2.08,7,7,41,2.0,3.53
Premier League,2018-2019,MANCHESTER CITY,3.0,0.63,94.74,31.58,2.0,0.58,73.68,31.58,0.61,21,26.7,91,2.39,71,1.87,162,4.26,88,2.32,3,4,44,1.0,4.18
Premier League,2018-2019,MANCHESTER UTD,1.74,1.32,52.63,36.84,1.68,1.53,47.37,31.58,1.42,28,26.3,65,1.71,40,1.05,105,2.76,56,1.47,9,12,77,4.0,2.53
Premier League,2018-2019,NEWCASTLE UTD,1.26,1.32,42.11,57.89,0.95,1.21,21.05,36.84,1.26,24,26.9,41,1.08,33,0.87,74,1.95,40,1.05,1,3,57,2.0,1.92
Premier League,2018-2019,SOUTHAMPTON,1.42,1.58,26.32,31.58,0.95,1.84,21.05,31.58,1.71,30,25.4,44,1.16,27,0.71,71,1.87,40,1.05,4,5,75,3.0,1.76
Premier League,2018-2019,TOTTENHAM,1.79,0.84,63.16,47.37,1.74,1.21,57.89,63.16,1.03,28,26.8,66,1.74,47,1.24,113,2.97,62,1.63,4,4,58,3.0,2.87
Premier League,2018-2019,WATFORD,1.37,1.47,42.11,52.63,1.37,1.63,31.58,26.32,1.55,25,28.5,51,1.34,39,1.03,90,2.37,50,1.32,1,1,80,4.0,2.34
Premier League,2018-2019,WEST HAM,1.68,1.42,47.37,31.58,1.05,1.47,31.58,26.32,1.45,26,27.6,51,1.34,33,0.87,84,2.21,46,1.21,5,5,59,1.0,2.08
Premier League,2018-2019,WOLVES,1.47,1.11,52.63,31.58,1.0,1.32,31.58,36.84,1.21,21,26.1,46,1.21,35,0.92,81,2.13,42,1.11,4,4,73,1.0,2.03
Premier League,2019-2020,ARSENAL,1.89,1.26,52.63,47.37,1.05,1.26,21.05,26.32,1.26,29,25.8,56,1.47,35,0.92,91,2.39,53,1.39,3,3,88,5.0,2.32
Premier League,2019-2020,ASTON VILLA,1.16,1.58,36.84,47.37,1.0,1.95,10.53,31.58,1.76,28,25.7,40,1.05,32,0.84,72,1.89,39,1.03,1,3,70,1.0,1.87
Premier League,2019-2020,BOURNEMOUTH,1.16,1.58,26.32,21.05,0.95,1.84,21.05,57.89,1.71,27,25.2,38,1.0,24,0.63,62,1.63,34,0.89,4,4,78,3.0,1.53
Premier League,2019-2020,BRIGHTON,1.05,1.42,26.32,21.05,1.0,1.42,21.05,36.84,1.42,25,26.4,35,0.92,24,0.63,59,1.55,34,0.89,1,2,59,2.0,1.53
Premier League,2019-2020,BURNLEY,1.26,1.21,42.11,31.58,1.0,1.42,36.84,36.84,1.32,22,28.0,41,1.08,30,0.79,71,1.87,38,1.0,3,3,67,0.0,1.79
Premier League,2019-2020,CHELSEA,1.58,0.84,57.89,42.11,2.05,2.0,47.37,42.11,1.42,27,25.5,69,1.82,46,1.21,115,3.03,62,1.63,7,7,60,0.0,2.84
Premier League,2019-2020,CRYSTAL PALACE,0.79,1.05,31.58,47.37,0.84,1.58,26.32,26.32,1.32,25,29.4,29,0.76,20,0.53,49,1.29,26,0.68,3,3,62,2.0,1.21
Premier League,2019-2020,EVERTON,1.26,1.11,42.11,26.32,1.05,1.84,26.32,57.89,1.47,24,25.5,42,1.11,32,0.84,74,1.95,41,1.08,1,1,76,3.0,1.92
Premier League,2019-2020,LEICESTER CITY,1.84,0.89,57.89,26.32,1.68,1.26,36.84,36.84,1.08,24,26.1,65,1.71,48,1.26,113,2.97,60,1.58,5,7,43,3.0,2.84
Premier League,2019-2020,LIVERPOOL,2.74,0.84,94.74,31.58,1.74,0.89,73.68,47.37,0.87,24,26.6,83,2.18,69,1.82,152,4.0,78,2.05,5,5,38,1.0,3.87
Premier League,2019-2020,MANCHESTER CITY,3.0,0.68,78.95,26.32,2.37,1.16,57.89,31.58,0.92,24,26.9,100,2.63,69,1.82,169,4.45,94,2.47,6,11,64,4.0,4.29
Premier League,2019-2020,MANCHESTER UTD,2.11,0.89,52.63,15.79,1.37,1.0,42.11,15.79,0.95,29,24.8,65,1.71,43,1.13,108,2.84,55,1.45,10,14,73,0.0,2.58
Premier League,2019-2020,NEWCASTLE UTD,1.05,1.11,31.58,36.84,0.95,1.95,26.32,36.84,1.53,28,26.5,38,1.0,29,0.76,67,1.76,38,1.0,0,1,66,3.0,1.76
Premier League,2019-2020,NORWICH CITY,1.0,1.95,21.05,47.37,0.37,2.0,5.26,31.58,1.97,30,26.0,25,0.66,18,0.47,43,1.13,23,0.61,2,2,68,3.0,1.08
Premier League,2019-2020,SHEFFIELD UTD,1.26,0.79,52.63,57.89,0.79,1.26,21.05,15.79,1.03,26,26.9,36,0.95,25,0.66,61,1.61,35,0.92,1,1,63,2.0,1.58
Premier League,2019-2020,SOUTHAMPTON,1.11,1.84,31.58,52.63,1.58,1.32,47.37,26.32,1.58,25,25.9,51,1.34,32,0.84,83,2.18,49,1.29,2,5,55,4.0,2.13
Premier League,2019-2020,TOTTENHAM,1.89,0.89,63.16,47.37,1.32,1.58,21.05,42.11,1.24,29,26.7,56,1.47,39,1.03,95,2.5,53,1.39,3,4,84,3.0,2.42
Premier League,2019-2020,WATFORD,1.16,1.42,31.58,26.32,0.74,1.95,10.53,31.58,1.68,26,28.9,35,0.92,21,0.55,56,1.47,28,0.74,7,8,80,3.0,1.29
Premier League,2019-2020,WEST HAM,1.58,1.74,31.58,31.58,1.0,1.53,21.05,31.58,1.63,29,27.4,49,1.29,36,0.95,85,2.24,45,1.18,4,4,64,1.0,2.13
Premier League,2019-2020,WOLVES,1.42,1.0,42.11,26.32,1.26,1.11,36.84,47.37,1.05,21,26.6,49,1.29,34,0.89,83,2.18,45,1.18,4,4,61,2.0,2.08
Premier League,2020-2021,ARSENAL,1.26,1.11,42.11,42.11,1.63,0.95,52.63,36.84,1.03,29,25.9,53,1.39,38,1.0,91,2.39,47,1.24,6,6,49,5.0,2.24
Premier League,2020-2021,ASTON VILLA,1.53,1.42,36.84,36.84,1.37,1.0,47.37,63.16,1.21,24,25.2,52,1.37,38,1.0,90,2.37,47,1.24,5,6,71,4.0,2.24
Premier League,2020-2021,BRIGHTON,1.16,1.16,21.05,36.84,0.95,1.26,26.32,52.63,1.21,27,25.8,39,1.03,24,0.63,63,1.66,33,0.87,6,9,49,6.0,1.5
Premier League,2020-2021,BURNLEY,0.74,1.42,21.05,47.37,1.0,1.47,31.58,36.84,1.45,25,28.3,32,0.84,20,0.53,52,1.37,29,0.76,3,3,48,0.0,1.29
Premier League,2020-2021,CHELSEA,1.63,0.95,47.37,10.53,1.42,0.95,52.63,47.37,0.95,27,26.0,56,1.47,38,1.0,94,2.47,48,1.26,8,10,51,3.0,2.26
Premier League,2020-2021,CRYSTAL PALACE,1.05,1.68,31.58,31.58,1.11,1.79,31.58,26.32,1.74,24,29.1,39,1.03,29,0.76,68,1.79,36,0.95,3,4,56,2.0,1.71
Premier League,2020-2021,EVERTON,1.26,1.47,31.58,47.37,1.21,1.05,57.89,52.63,1.26,29,26.3,45,1.18,32,0.84,77,2.03,41,1.08,4,5,59,2.0,1.92
Premier League,2020-2021,FULHAM,0.47,1.47,10.53,42.11,0.95,1.32,15.79,26.32,1.39,28,25.2,26,0.68,18,0.47,44,1.16,23,0.61,3,6,67,3.0,1.08
Premier League,2020-2021,LEEDS UNITED,1.47,1.11,42.11,42.11,1.79,1.74,52.63,36.84,1.42,23,26.1,60,1.58,45,1.18,105,2.76,56,1.47,4,4,61,1.0,2.66
Premier League,2020-2021,LEICESTER CITY,1.79,1.58,47.37,21.05,1.79,1.05,57.89,42.11,1.32,27,26.5,64,1.68,45,1.18,109,2.87,54,1.42,10,12,61,0.0,2.61
Premier League,2020-2021,LIVERPOOL,1.53,1.05,52.63,47.37,2.05,1.16,52.63,15.79,1.11,28,26.8,65,1.71,43,1.13,108,2.84,59,1.55,6,6,40,0.0,2.68
Premier League,2020-2021,MANCHESTER CITY,2.26,0.89,68.42,31.58,2.11,0.79,73.68,31.58,0.84,24,26.1,82,2.16,55,1.45,137,3.61,77,2.03,5,9,46,2.0,3.47
Premier League,2020-2021,MANCHESTER UTD,2.0,1.47,47.37,42.11,1.84,0.84,63.16,31.58,1.16,29,25.6,70,1.84,51,1.34,121,3.18,60,1.58,10,11,64,1.0,2.92
Premier League,2020-2021,NEWCASTLE UTD,1.37,1.74,31.58,47.37,1.05,1.53,31.58,10.53,1.63,27,27.1,44,1.16,26,0.68,70,1.84,38,1.0,6,7,65,3.0,1.68
Premier League,2020-2021,SHEFFIELD UTD,0.63,1.42,26.32,63.16,0.42,1.89,10.53,63.16,1.66,27,26.7,19,0.5,13,0.34,32,0.84,16,0.42,3,4,73,3.0,0.76
Premier League,2020-2021,SOUTHAMPTON,1.47,1.32,42.11,36.84,1.0,2.26,21.05,36.84,1.79,29,26.6,47,1.24,33,0.87,80,2.11,42,1.11,5,6,52,3.0,1.97
Premier League,2020-2021,TOTTENHAM,1.84,1.05,52.63,26.32,1.74,1.32,42.11,36.84,1.18,24,27.2,66,1.74,50,1.32,116,3.05,61,1.61,5,5,57,2.0,2.92
Premier League,2020-2021,WEST BROM,0.79,2.05,15.79,26.32,1.05,1.95,10.53,31.58,2.0,30,26.4,33,0.87,20,0.53,53,1.39,29,0.76,4,4,51,4.0,1.29
Premier League,2020-2021,WEST HAM,1.68,1.16,52.63,42.11,1.58,1.32,47.37,57.89,1.24,24,27.8,60,1.58,46,1.21,106,2.79,58,1.53,2,4,50,3.0,2.74
Premier League,2020-2021,WOLVES,1.11,1.32,36.84,63.16,0.79,1.42,26.32,47.37,1.37,27,26.3,34,0.89,21,0.55,55,1.45,30,0.79,4,4,55,1.0,1.34
Premier League,2021-2022,ARSENAL,1.84,0.89,68.42,36.84,1.37,1.63,47.37,42.11,1.26,27,24.4,60,1.58,41,1.08,101,2.66,55,1.45,5,8,67,4.0,2.53
Premier League,2021-2022,ASTON VILLA,1.53,1.53,31.58,31.58,1.21,1.32,36.84,63.16,1.42,31,26.1,50,1.32,42,1.11,92,2.42,47,1.24,3,3,81,2.0,2.34
Premier League,2021-2022,BRENTFORD,1.16,1.11,36.84,52.63,1.37,1.84,31.58,26.32,1.47,29,25.4,46,1.21,33,0.87,79,2.08,40,1.05,6,6,65,3.0,1.92
Premier League,2021-2022,BRIGHTON,1.0,1.21,26.32,10.53,1.21,1.11,36.84,31.58,1.16,26,26.2,40,1.05,30,0.79,70,1.84,36,0.95,4,7,72,2.0,1.74
Premier League,2021-2022,BURNLEY,0.95,1.32,26.32,36.84,0.84,1.47,10.53,15.79,1.39,23,28.5,32,0.84,26,0.68,58,1.53,31,0.82,1,2,68,2.0,1.5
Premier League,2021-2022,CHELSEA,1.95,1.16,47.37,26.32,2.05,0.58,63.16,31.58,0.87,26,27.4,75,1.97,52,1.37,127,3.34,67,1.76,8,9,63,1.0,3.13
Premier League,2021-2022,CRYSTAL PALACE,1.42,0.89,36.84,26.32,1.21,1.53,21.05,31.58,1.21,24,27.1,50,1.32,31,0.82,81,2.13,44,1.16,6,8,69,1.0,1.97
Premier League,2021-2022,EVERTON,1.42,1.32,47.37,57.89,0.84,2.16,10.53,31.58,1.74,33,26.7,42,1.11,29,0.76,71,1.87,36,0.95,6,7,82,6.0,1.71
Premier League,2021-2022,LEEDS UNITED,1.0,2.0,21.05,26.32,1.21,2.16,26.32,47.37,2.08,29,26.1,42,1.11,26,0.68,68,1.79,37,0.97,5,5,101,3.0,1.66
Premier League,2021-2022,LEICESTER CITY,1.79,1.21,52.63,42.11,1.47,1.89,21.05,31.58,1.55,28,26.5,62,1.63,46,1.21,108,2.84,60,1.58,2,2,55,1.0,2.79
Premier League,2021-2022,LIVERPOOL,2.58,0.47,78.95,10.53,2.37,0.89,68.42,36.84,0.68,27,27.7,94,2.47,71,1.87,165,4.34,87,2.29,7,8,50,1.0,4.16
Premier League,2021-2022,MANCHESTER CITY,3.05,0.79,78.95,26.32,2.16,0.58,73.68,36.84,0.68,26,27.0,96,2.53,63,1.66,159,4.18,89,2.34,7,9,42,1.0,4.0
Premier League,2021-2022,MANCHESTER UTD,1.68,1.16,52.63,36.84,1.32,1.84,31.58,26.32,1.5,29,27.2,56,1.47,46,1.21,102,2.68,53,1.39,3,5,77,2.0,2.61
Premier League,2021-2022,NEWCASTLE UTD,1.37,1.42,42.11,42.11,0.95,1.84,26.32,31.58,1.63,29,27.5,41,1.08,23,0.61,64,1.68,38,1.0,3,3,81,2.0,1.61
Premier League,2021-2022,NORWICH CITY,0.63,2.26,15.79,26.32,0.58,2.16,10.53,21.05,2.21,28,26.2,21,0.55,16,0.42,37,0.97,18,0.47,3,3,57,1.0,0.89
Premier League,2021-2022,SOUTHAMPTON,1.21,1.26,31.58,42.11,1.05,2.26,15.79,21.05,1.76,25,25.7,41,1.08,26,0.68,67,1.76,37,0.97,4,4,65,2.0,1.66
Premier League,2021-2022,TOTTENHAM,2.0,1.0,68.42,36.84,1.63,1.11,47.37,42.11,1.05,25,26.5,63,1.66,50,1.32,113,2.97,58,1.53,5,5,69,1.0,2.84
Premier League,2021-2022,WATFORD,0.89,2.42,10.53,36.84,0.89,1.63,21.05,47.37,2.03,30,28.4,33,0.87,26,0.68,59,1.55,32,0.84,1,2,63,3.0,1.53
Premier League,2021-2022,WEST HAM,1.74,1.37,47.37,63.16,1.42,1.32,36.84,42.11,1.34,25,28.2,58,1.53,46,1.21,104,2.74,54,1.42,4,6,52,3.0,2.63
Premier League,2021-2022,WOLVES,1.05,1.32,36.84,52.63,0.95,0.95,42.11,63.16,1.13,26,27.3,35,0.92,22,0.58,57,1.5,34,0.89,1,1,62,2.0,1.47
Premier League,2022-2023,ARSENAL,2.79,1.32,73.68,26.32,1.84,0.95,63.16,26.32,1.13,26,24.7,84,2.21,64,1.68,148,3.89,81,2.13,3,4,51,0.0,3.82
Premier League,2022-2023,ASTON VILLA,1.74,1.11,63.16,42.11,0.95,1.32,31.58,31.58,1.21,26,27.0,49,1.29,35,0.92,84,2.21,46,1.21,3,4,80,1.0,2.13
Premier League,2022-2023,BOURNEMOUTH,1.05,1.47,31.58,31.58,0.89,2.26,26.32,47.37,1.87,31,26.3,37,0.97,24,0.63,61,1.61,37,0.97,0,0,68,0.0,1.61
Premier League,2022-2023,BRENTFORD,1.84,0.95,52.63,21.05,1.21,1.47,26.32,26.32,1.21,25,26.2,56,1.47,36,0.95,92,2.42,49,1.29,7,8,57,1.0,2.24
Premier League,2022-2023,BRIGHTON,1.95,1.11,52.63,36.84,1.84,1.68,42.11,31.58,1.39,29,26.3,68,1.79,46,1.21,114,3.0,62,1.63,6,6,58,0.0,2.84
Premier League,2022-2023,CHELSEA,1.05,1.0,31.58,42.11,0.95,1.47,26.32,36.84,1.24,32,26.3,37,0.97,27,0.71,64,1.68,34,0.89,3,3,81,3.0,1.61
Premier League,2022-2023,CRYSTAL PALACE,1.11,1.21,36.84,36.84,1.0,1.37,21.05,36.84,1.29,26,26.7,38,1.0,29,0.76,67,1.76,37,0.97,1,3,82,3.0,1.74
Premier League,2022-2023,EVERTON,0.84,1.42,31.58,47.37,0.95,1.58,10.53,15.79,1.5,28,26.6,32,0.84,24,0.63,56,1.47,29,0.76,3,3,81,2.0,1.39
Premier League,2022-2023,FULHAM,1.63,1.53,42.11,47.37,1.26,1.26,36.84,68.42,1.39,29,28.2,52,1.37,33,0.87,85,2.24,47,1.24,5,9,80,1.0,2.11
Premier League,2022-2023,LEEDS UNITED,1.37,1.95,26.32,31.58,1.16,2.16,10.53,52.63,2.05,29,25.3,45,1.18,31,0.82,76,2.0,44,1.16,1,3,89,3.0,1.97
Premier League,2022-2023,LEICESTER CITY,1.21,1.42,26.32,47.37,1.47,2.16,21.05,26.32,1.79,28,26.1,49,1.29,36,0.95,85,2.24,46,1.21,3,6,63,2.0,2.16
Premier League,2022-2023,LIVERPOOL,2.42,0.89,68.42,47.37,1.53,1.58,31.58,31.58,1.24,28,27.4,71,1.87,58,1.53,129,3.39,69,1.82,2,4,57,1.0,3.34
Premier League,2022-2023,MANCHESTER CITY,3.16,0.89,89.47,21.05,1.79,0.84,57.89,42.11,0.87,24,27.2,92,2.42,69,1.82,161,4.24,83,2.18,9,10,44,1.0,4.0
Premier League,2022-2023,MANCHESTER UTD,1.89,0.53,78.95,42.11,1.16,1.74,42.11,47.37,1.13,26,26.9,56,1.47,42,1.11,98,2.58,53,1.39,3,3,78,2.0,2.5
Premier League,2022-2023,NEWCASTLE UTD,1.89,0.74,57.89,21.05,1.68,1.0,42.11,21.05,0.87,27,27.3,64,1.68,42,1.11,106,2.79,58,1.53,6,6,61,1.0,2.63
Premier League,2022-2023,NOTT'HAM FOREST,1.42,1.26,42.11,47.37,0.58,2.32,5.26,26.32,1.79,33,26.5,36,0.95,22,0.58,58,1.53,33,0.87,3,6,84,0.0,1.45
Premier League,2022-2023,SOUTHAMPTON,1.0,1.95,10.53,42.11,0.89,1.89,21.05,57.89,1.92,36,24.7,36,0.95,25,0.66,61,1.61,34,0.89,2,4,73,0.0,1.55
Premier League,2022-2023,TOTTENHAM,1.95,1.32,63.16,47.37,1.74,2.0,31.58,31.58,1.66,29,27.6,68,1.79,46,1.21,114,3.0,63,1.66,5,6,77,3.0,2.87
Premier League,2022-2023,WEST HAM,1.37,1.26,42.11,21.05,0.84,1.63,15.79,52.63,1.45,25,28.2,41,1.08,25,0.66,66,1.74,35,0.92,6,8,44,0.0,1.58
Premier League,2022-2023,WOLVES,1.0,1.05,47.37,47.37,0.63,2.0,10.53,36.84,1.53,32,26.7,28,0.74,12,0.32,40,1.05,25,0.66,3,3,85,6.0,0.97
Premier League,2023-2024,ARSENAL,2.53,0.84,78.95,26.32,2.26,0.68,68.42,52.63,0.76,25,25.0,86,2.26,62,1.63,148,3.89,76,2.0,10,10,64,2.0,3.63
Premier League,2023-2024,ASTON VILLA,2.53,1.47,63.16,21.05,1.47,1.74,42.11,36.84,1.61,31,26.9,72,1.89,55,1.45,127,3.34,68,1.79,4,4,94,2.0,3.24
Premier League,2023-2024,BOURNEMOUTH,1.42,1.47,36.84,36.84,1.42,2.05,31.58,21.05,1.76,30,25.7,52,1.37,39,1.03,91,2.39,50,1.32,2,3,79,3.0,2.34
Premier League,2023-2024,BRENTFORD,1.53,1.79,26.32,21.05,1.42,1.63,26.32,52.63,1.71,28,26.6,54,1.42,38,1.0,92,2.42,51,1.34,3,3,89,2.0,2.34
Premier League,2023-2024,BRIGHTON,1.58,1.42,42.11,21.05,1.32,1.84,21.05,26.32,1.63,30,25.9,50,1.32,36,0.95,86,2.26,45,1.18,5,6,90,3.0,2.13
Premier League,2023-2024,BURNLEY,1.0,2.26,10.53,21.05,1.16,1.84,15.79,31.58,2.05,31,24.5,40,1.05,30,0.79,70,1.84,37,0.97,3,3,77,7.0,1.76
Premier League,2023-2024,CHELSEA,2.32,1.37,57.89,42.11,1.74,1.95,36.84,26.32,1.66,32,24.2,76,2.0,51,1.34,127,3.34,65,1.71,11,12,109,4.0,3.05
Premier League,2023-2024,CRYSTAL PALACE,1.95,1.37,42.11,31.58,1.05,1.68,26.32,31.58,1.53,26,26.7,56,1.47,43,1.13,99,2.61,52,1.37,4,4,73,2.0,2.5
Premier League,2023-2024,EVERTON,1.16,0.95,42.11,36.84,0.95,1.74,26.32,31.58,1.34,26,27.1,40,1.05,17,0.45,57,1.5,38,1.0,2,3,82,1.0,1.45
Premier League,2023-2024,FULHAM,1.63,1.26,47.37,31.58,1.26,1.95,21.05,26.32,1.61,25,28.4,54,1.42,40,1.05,94,2.47,52,1.37,2,2,84,4.0,2.42
Premier League,2023-2024,LIVERPOOL,2.58,0.89,78.95,15.79,1.95,1.26,47.37,21.05,1.08,30,26.3,80,2.11,60,1.58,140,3.68,74,1.95,6,9,69,5.0,3.53
Premier League,2023-2024,LUTON TOWN,1.47,1.95,21.05,57.89,1.26,2.53,10.53,36.84,2.24,28,26.7,49,1.29,33,0.87,82,2.16,44,1.16,5,5,71,0.0,2.03
Premier League,2023-2024,MANCHESTER CITY,2.68,0.84,73.68,15.79,2.37,0.95,73.68,36.84,0.89,25,26.6,94,2.47,69,1.82,163,4.29,85,2.24,9,10,53,2.0,4.05
Premier League,2023-2024,MANCHESTER UTD,1.63,1.47,52.63,52.63,1.37,1.58,42.11,47.37,1.53,31,26.1,57,1.5,36,0.95,93,2.45,51,1.34,6,7,83,1.0,2.29
Premier League,2023-2024,NEWCASTLE UTD,2.58,1.16,63.16,31.58,1.89,2.11,31.58,31.58,1.63,32,27.2,83,2.18,55,1.45,138,3.63,75,1.97,8,9,79,1.0,3.42
Premier League,2023-2024,NOTT'HAM FOREST,1.42,1.58,26.32,47.37,1.16,1.95,21.05,36.84,1.76,33,25.7,49,1.29,43,1.13,92,2.42,48,1.26,1,1,82,3.0,2.39
Premier League,2023-2024,SHEFFIELD UTD,1.0,3.0,10.53,31.58,0.84,2.47,5.26,26.32,2.74,35,25.7,31,0.82,18,0.47,49,1.29,26,0.68,5,5,101,5.0,1.16
Premier League,2023-2024,TOTTENHAM,2.0,1.42,68.42,57.89,1.89,1.79,36.84,15.79,1.61,29,25.2,69,1.82,58,1.53,127,3.34,67,1.76,2,2,92,4.0,3.29
Premier League,2023-2024,WEST HAM,1.63,1.47,36.84,10.53,1.53,2.42,36.84,31.58,1.95,26,28.3,58,1.53,40,1.05,98,2.58,54,1.42,4,5,82,3.0,2.47
Premier League,2023-2024,WOLVES,1.37,1.58,42.11,52.63,1.26,1.84,26.32,42.11,1.71,27,26.6,47,1.24,36,0.95,83,2.18,43,1.13,4,4,102,4.0,2.08
Serie A,2010-2011,BARI,0.63,1.47,10.53,36.84,0.79,1.47,15.79,63.16,1.47,34,26.9,27,0.71,18,0.47,45,1.18,22,0.58,5,8,79,7.0,1.05
Serie A,2010-2011,BOLOGNA,0.89,1.05,36.84,31.58,0.95,1.68,21.05,15.79,1.37,25,26.5,35,0.92,20,0.53,55,1.45,34,0.89,1,4,87,4.0,1.42
Serie A,2010-2011,BRESCIA,1.16,1.26,31.58,47.37,0.63,1.47,5.26,52.63,1.37,32,28.3,34,0.89,18,0.47,52,1.37,29,0.76,5,6,104,5.0,1.24
Serie A,2010-2011,CAGLIARI,1.42,1.21,42.11,42.11,0.89,1.47,21.05,47.37,1.34,22,26.2,41,1.08,28,0.74,69,1.82,40,1.05,1,2,75,0.0,1.79
Serie A,2010-2011,CATANIA,1.42,1.0,57.89,47.37,0.68,1.74,5.26,31.58,1.37,29,26.8,38,1.0,21,0.55,59,1.55,35,0.92,3,3,73,7.0,1.47
Serie A,2010-2011,CESENA,0.89,1.11,36.84,52.63,1.11,1.53,21.05,42.11,1.32,29,28.6,37,0.97,23,0.61,60,1.58,33,0.87,4,5,86,7.0,1.47
Serie A,2010-2011,CHIEVO,0.79,0.68,31.58,42.11,1.21,1.42,26.32,31.58,1.05,26,28.2,37,0.97,21,0.55,58,1.53,36,0.95,1,2,97,4.0,1.5
Serie A,2010-2011,FIORENTINA,1.47,0.95,47.37,52.63,1.11,1.37,15.79,36.84,1.16,30,27.5,47,1.24,32,0.84,79,2.08,44,1.16,3,4,73,5.0,2.0
Serie A,2010-2011,GENOA,1.53,1.26,52.63,52.63,0.84,1.21,21.05,52.63,1.24,32,27.8,42,1.11,29,0.76,71,1.87,40,1.05,2,2,69,5.0,1.82
Serie A,2010-2011,INTER,2.53,1.05,78.95,36.84,1.11,1.16,42.11,47.37,1.11,30,29.5,68,1.79,48,1.26,116,3.05,63,1.66,5,6,56,3.0,2.92
Serie A,2010-2011,JUVENTUS,1.84,1.63,42.11,36.84,1.16,0.84,36.84,26.32,1.24,32,27.4,56,1.47,35,0.92,91,2.39,52,1.37,4,4,74,5.0,2.29
Serie A,2010-2011,LAZIO,1.63,0.79,68.42,42.11,1.26,1.26,36.84,47.37,1.03,25,28.0,52,1.37,40,1.05,92,2.42,48,1.26,4,5,73,7.0,2.32
Serie A,2010-2011,LECCE,1.47,1.53,36.84,47.37,0.95,1.95,21.05,47.37,1.74,26,27.4,45,1.18,31,0.82,76,2.0,43,1.13,2,5,89,9.0,1.95
Serie A,2010-2011,MILAN,2.21,0.63,68.42,26.32,1.21,0.63,57.89,52.63,0.63,34,29.2,63,1.66,47,1.24,110,2.89,58,1.53,5,6,69,5.0,2.76
Serie A,2010-2011,NAPOLI,1.74,0.79,63.16,42.11,1.37,1.26,47.37,31.58,1.03,24,27.7,58,1.53,45,1.18,103,2.71,51,1.34,7,10,101,5.0,2.53
Serie A,2010-2011,PALERMO,1.74,1.47,57.89,42.11,1.32,1.84,31.58,52.63,1.66,27,24.9,58,1.53,31,0.82,89,2.34,56,1.47,2,4,82,3.0,2.29
Serie A,2010-2011,PARMA,1.11,0.84,36.84,36.84,0.95,1.63,21.05,15.79,1.24,31,28.1,39,1.03,17,0.45,56,1.47,36,0.95,3,3,93,7.0,1.39
Serie A,2010-2011,ROMA,1.63,0.95,57.89,31.58,1.47,1.79,36.84,52.63,1.37,29,29.7,57,1.5,33,0.87,90,2.37,46,1.21,11,13,84,9.0,2.08
Serie A,2010-2011,SAMPDORIA,1.11,1.11,26.32,47.37,0.63,1.47,15.79,42.11,1.29,30,26.0,32,0.84,13,0.34,45,1.18,25,0.66,7,8,84,5.0,1.0
Serie A,2010-2011,UDINESE,1.42,0.84,57.89,36.84,2.0,1.42,47.37,42.11,1.13,24,25.6,65,1.71,41,1.08,106,2.79,60,1.58,5,7,77,7.0,2.66
Serie A,2011-2012,ATALANTA,1.21,0.79,47.37,31.58,0.95,1.47,21.05,21.05,1.13,30,26.8,39,1.03,22,0.58,61,1.61,36,0.95,3,4,102,4.0,1.53
Serie A,2011-2012,BOLOGNA,1.21,1.26,42.11,26.32,0.95,1.0,26.32,21.05,1.13,27,28.1,41,1.08,25,0.66,66,1.74,39,1.03,2,3,97,3.0,1.68
Serie A,2011-2012,CAGLIARI,1.21,0.84,36.84,15.79,0.74,1.58,15.79,42.11,1.21,25,26.6,35,0.92,20,0.53,55,1.45,29,0.76,6,6,83,2.0,1.29
Serie A,2011-2012,CATANIA,1.26,0.79,47.37,47.37,1.21,1.95,10.53,21.05,1.37,33,27.5,46,1.21,24,0.63,70,1.84,37,0.97,9,11,82,6.0,1.61
Serie A,2011-2012,CESENA,0.79,1.26,10.53,36.84,0.47,1.89,10.53,36.84,1.58,34,28.8,23,0.61,10,0.26,33,0.87,19,0.5,4,7,105,10.0,0.76
Serie A,2011-2012,CHIEVO,0.84,0.79,42.11,52.63,1.0,1.58,21.05,42.11,1.18,26,28.0,35,0.92,22,0.58,57,1.5,32,0.84,3,5,85,1.0,1.42
Serie A,2011-2012,FIORENTINA,1.26,1.16,36.84,31.58,0.68,1.11,21.05,36.84,1.13,28,27.0,36,0.95,22,0.58,58,1.53,30,0.79,6,8,93,3.0,1.37
Serie A,2011-2012,GENOA,1.53,1.26,47.37,47.37,1.11,2.37,10.53,42.11,1.82,29,28.3,49,1.29,29,0.76,78,2.05,44,1.16,5,6,95,11.0,1.92
Serie A,2011-2012,INTER,1.89,1.42,52.63,47.37,1.16,1.47,36.84,42.11,1.45,30,29.7,57,1.5,39,1.03,96,2.53,49,1.29,8,11,63,4.0,2.32
Serie A,2011-2012,JUVENTUS,2.11,0.63,68.42,15.79,1.47,0.42,52.63,26.32,0.53,25,28.0,67,1.76,45,1.18,112,2.95,65,1.71,2,4,72,4.0,2.89
Serie A,2011-2012,LAZIO,1.47,0.84,52.63,36.84,1.47,1.63,42.11,47.37,1.24,32,29.1,54,1.42,37,0.97,91,2.39,47,1.24,7,7,81,9.0,2.21
Serie A,2011-2012,LECCE,1.16,1.53,15.79,42.11,0.95,1.42,26.32,36.84,1.47,31,27.8,40,1.05,21,0.55,61,1.61,34,0.89,6,7,113,9.0,1.45
Serie A,2011-2012,MILAN,1.89,0.58,63.16,31.58,2.0,1.16,63.16,21.05,0.87,32,29.1,72,1.89,44,1.16,116,3.05,62,1.63,10,10,79,4.0,2.79
Serie A,2011-2012,NAPOLI,2.05,1.16,52.63,15.79,1.42,1.26,31.58,21.05,1.21,25,28.3,65,1.71,40,1.05,105,2.76,61,1.61,4,9,80,5.0,2.66
Serie A,2011-2012,NOVARA,1.05,1.42,26.32,21.05,0.79,2.0,10.53,31.58,1.71,32,28.7,34,0.89,17,0.45,51,1.34,28,0.74,6,7,83,6.0,1.18
Serie A,2011-2012,PALERMO,2.0,1.58,52.63,31.58,0.74,1.68,5.26,26.32,1.63,30,26.3,50,1.32,34,0.89,84,2.21,45,1.18,5,5,91,6.0,2.08
Serie A,2011-2012,PARMA,1.79,1.05,52.63,26.32,1.05,1.74,26.32,36.84,1.39,32,28.2,52,1.37,25,0.66,77,2.03,45,1.18,7,8,83,2.0,1.84
Serie A,2011-2012,ROMA,2.05,1.16,52.63,42.11,1.11,1.68,31.58,36.84,1.42,30,26.9,59,1.55,40,1.05,99,2.61,57,1.5,2,4,80,10.0,2.55
Serie A,2011-2012,SIENA,1.42,1.0,42.11,26.32,0.95,1.37,15.79,31.58,1.18,29,28.2,45,1.18,20,0.53,65,1.71,38,1.0,7,8,96,2.0,1.53
Serie A,2011-2012,UDINESE,1.74,0.68,68.42,31.58,1.0,1.16,26.32,36.84,0.92,26,26.7,51,1.34,35,0.92,86,2.26,47,1.24,4,5,88,3.0,2.16
Serie A,2012-2013,ATALANTA,1.0,1.26,31.58,57.89,1.05,1.68,26.32,52.63,1.47,35,27.7,38,1.0,25,0.66,63,1.66,33,0.87,5,5,126,12.0,1.53
Serie A,2012-2013,BOLOGNA,1.58,1.26,31.58,15.79,0.84,1.47,26.32,63.16,1.37,31,26.8,45,1.18,28,0.74,73,1.92,41,1.08,4,5,106,3.0,1.82
Serie A,2012-2013,CAGLIARI,1.26,1.26,42.11,47.37,1.0,1.63,21.05,21.05,1.45,25,26.1,41,1.08,27,0.71,68,1.79,34,0.89,7,9,109,9.0,1.61
Serie A,2012-2013,CATANIA,1.63,0.79,63.16,47.37,1.0,1.63,15.79,21.05,1.21,29,27.9,50,1.32,38,1.0,88,2.32,49,1.29,1,2,95,7.0,2.29
Serie A,2012-2013,CHIEVO,0.95,0.84,31.58,31.58,1.0,1.89,31.58,31.58,1.37,35,28.6,37,0.97,24,0.63,61,1.61,32,0.84,5,6,105,4.0,1.47
Serie A,2012-2013,FIORENTINA,2.11,1.0,68.42,36.84,1.68,1.32,42.11,36.84,1.16,30,26.8,70,1.84,56,1.47,126,3.32,63,1.66,7,10,93,3.0,3.13
Serie A,2012-2013,GENOA,1.37,1.58,26.32,15.79,0.63,1.16,15.79,42.11,1.37,37,27.7,38,1.0,31,0.82,69,1.82,36,0.95,2,4,105,4.0,1.76
Serie A,2012-2013,INTER,1.58,1.63,42.11,42.11,1.32,1.37,42.11,31.58,1.5,36,28.2,52,1.37,42,1.11,94,2.47,48,1.26,4,5,87,4.0,2.37
Serie A,2012-2013,JUVENTUS,1.89,0.53,73.68,31.58,1.84,0.74,68.42,47.37,0.63,28,27.8,71,1.87,49,1.29,120,3.16,63,1.66,8,11,77,1.0,2.95
Serie A,2012-2013,LAZIO,1.84,0.84,68.42,47.37,0.84,1.37,26.32,31.58,1.11,28,29.1,48,1.26,30,0.79,78,2.05,41,1.08,7,9,91,8.0,1.87
Serie A,2012-2013,MILAN,1.74,0.79,68.42,52.63,1.79,1.26,42.11,31.58,1.03,29,26.9,64,1.68,36,0.95,100,2.63,54,1.42,10,11,99,7.0,2.37
Serie A,2012-2013,NAPOLI,2.32,0.95,73.68,36.84,1.53,0.95,47.37,31.58,0.95,27,28.5,72,1.89,55,1.45,127,3.34,65,1.71,7,10,90,0.0,3.16
Serie A,2012-2013,PALERMO,1.26,1.37,26.32,26.32,0.53,1.47,5.26,31.58,1.42,36,26.9,34,0.89,26,0.68,60,1.58,32,0.84,2,2,98,8.0,1.53
Serie A,2012-2013,PARMA,1.47,0.95,47.37,31.58,0.89,1.47,21.05,36.84,1.21,33,28.1,44,1.16,29,0.76,73,1.92,41,1.08,3,5,109,3.0,1.84
Serie A,2012-2013,PESCARA,0.79,2.21,21.05,36.84,0.63,2.21,10.53,31.58,2.21,39,25.8,27,0.71,15,0.39,42,1.11,25,0.66,2,3,103,9.0,1.05
Serie A,2012-2013,ROMA,2.11,1.26,52.63,26.32,1.63,1.68,42.11,42.11,1.47,24,26.0,68,1.79,43,1.13,111,2.92,63,1.66,5,7,91,8.0,2.79
Serie A,2012-2013,SAMPDORIA,1.32,1.16,42.11,42.11,0.95,1.53,15.79,36.84,1.34,29,25.0,41,1.08,29,0.76,70,1.84,35,0.92,6,7,93,9.0,1.68
Serie A,2012-2013,SIENA,0.84,1.0,31.58,42.11,1.05,2.0,15.79,47.37,1.5,37,28.9,35,0.92,28,0.74,63,1.66,31,0.82,4,7,108,6.0,1.55
Serie A,2012-2013,TORINO,1.21,1.37,31.58,31.58,1.21,1.53,10.53,21.05,1.45,29,27.7,45,1.18,32,0.84,77,2.03,40,1.05,5,6,86,5.0,1.89
Serie A,2012-2013,UDINESE,1.63,0.84,57.89,31.58,1.47,1.53,36.84,42.11,1.18,30,26.3,59,1.55,37,0.97,96,2.53,55,1.45,4,6,90,6.0,2.42
Serie A,2013-2014,ATALANTA,1.47,1.16,57.89,36.84,0.79,1.53,21.05,57.89,1.34,31,28.4,43,1.13,32,0.84,75,1.97,41,1.08,2,3,90,0.0,1.92
Serie A,2013-2014,BOLOGNA,0.79,1.42,15.79,31.58,0.68,1.63,10.53,36.84,1.53,28,28.6,28,0.74,12,0.32,40,1.05,23,0.61,5,6,104,0.0,0.92
Serie A,2013-2014,CAGLIARI,1.26,1.42,42.11,52.63,0.53,1.37,5.26,31.58,1.39,31,27.2,34,0.89,21,0.55,55,1.45,29,0.76,5,8,104,0.0,1.32
Serie A,2013-2014,CATANIA,1.32,1.32,36.84,26.32,0.47,2.16,5.26,36.84,1.74,34,27.2,34,0.89,23,0.61,57,1.5,31,0.82,3,3,102,0.0,1.42
Serie A,2013-2014,CHIEVO,1.0,1.16,31.58,57.89,0.79,1.68,21.05,36.84,1.42,36,28.9,33,0.87,24,0.63,57,1.5,27,0.71,6,7,107,0.0,1.34
Serie A,2013-2014,FIORENTINA,1.89,1.53,47.37,52.63,1.53,0.79,52.63,47.37,1.16,31,27.7,65,1.71,41,1.08,106,2.79,54,1.42,11,11,90,0.0,2.5
Serie A,2013-2014,GENOA,1.16,1.0,42.11,42.11,1.0,1.63,15.79,31.58,1.32,31,27.2,39,1.03,23,0.61,62,1.63,34,0.89,5,9,100,0.0,1.5
Serie A,2013-2014,HELLAS VERONA,1.84,1.47,52.63,31.58,1.42,2.11,31.58,42.11,1.79,29,28.4,60,1.58,38,1.0,98,2.58,52,1.37,8,8,71,0.0,2.37
Serie A,2013-2014,INTER,1.42,0.95,42.11,26.32,1.84,1.11,36.84,26.32,1.03,28,27.6,59,1.55,48,1.26,107,2.82,59,1.55,0,1,73,0.0,2.82
Serie A,2013-2014,JUVENTUS,2.47,0.47,100.0,42.11,1.74,0.74,73.68,36.84,0.61,26,28.3,78,2.05,54,1.42,132,3.47,74,1.95,4,4,70,0.0,3.37
Serie A,2013-2014,LAZIO,1.68,1.11,52.63,31.58,1.16,1.74,26.32,21.05,1.42,30,28.0,51,1.34,30,0.79,81,2.13,44,1.16,7,8,90,0.0,1.95
Serie A,2013-2014,LIVORNO,1.21,1.74,21.05,36.84,0.84,2.32,10.53,21.05,2.03,31,25.7,37,0.97,23,0.61,60,1.58,33,0.87,4,4,115,0.0,1.47
Serie A,2013-2014,MILAN,1.47,0.89,57.89,42.11,1.53,1.68,26.32,47.37,1.29,32,28.0,55,1.45,33,0.87,88,2.32,52,1.37,3,5,92,0.0,2.24
Serie A,2013-2014,NAPOLI,2.26,0.79,68.42,21.05,1.79,1.26,52.63,21.05,1.03,30,27.1,76,2.0,51,1.34,127,3.34,69,1.82,7,9,79,0.0,3.16
Serie A,2013-2014,PARMA,1.42,0.95,47.37,26.32,1.63,1.47,31.58,42.11,1.21,30,29.5,56,1.47,38,1.0,94,2.47,53,1.39,3,6,103,0.0,2.39
Serie A,2013-2014,ROMA,2.32,0.47,78.95,26.32,1.47,0.84,57.89,26.32,0.66,29,27.5,70,1.84,51,1.34,121,3.18,64,1.68,6,6,87,0.0,3.03
Serie A,2013-2014,SAMPDORIA,1.47,1.53,36.84,26.32,1.05,1.74,26.32,36.84,1.63,33,25.3,46,1.21,29,0.76,75,1.97,42,1.11,4,5,110,0.0,1.87
Serie A,2013-2014,SASSUOLO,1.21,2.05,26.32,42.11,1.05,1.74,21.05,36.84,1.89,38,26.5,43,1.13,25,0.66,68,1.79,36,0.95,7,8,101,0.0,1.61
Serie A,2013-2014,TORINO,1.63,1.05,47.37,36.84,1.42,1.47,31.58,36.84,1.26,26,27.1,57,1.5,35,0.92,92,2.42,52,1.37,5,8,94,0.0,2.29
Serie A,2013-2014,UDINESE,1.42,1.26,47.37,36.84,1.0,1.74,15.79,52.63,1.5,27,25.8,45,1.18,25,0.66,70,1.84,39,1.03,6,8,85,0.0,1.68
Serie A,2014-2015,ATALANTA,1.16,1.74,21.05,42.11,0.84,1.26,15.79,36.84,1.5,32,28.1,37,0.97,21,0.55,58,1.53,33,0.87,4,5,113,0.0,1.42
Serie A,2014-2015,CAGLIARI,1.26,1.89,21.05,47.37,1.26,1.68,21.05,21.05,1.79,29,25.7,45,1.18,31,0.82,76,2.0,41,1.08,4,7,115,0.0,1.89
Serie A,2014-2015,CESENA,1.0,1.63,15.79,47.37,0.89,2.21,5.26,31.58,1.92,33,27.3,34,0.89,23,0.61,57,1.5,29,0.76,5,6,107,0.0,1.37
Serie A,2014-2015,CHIEVO,0.84,1.0,21.05,47.37,0.63,1.16,31.58,36.84,1.08,27,29.1,27,0.71,20,0.53,47,1.24,26,0.68,1,2,86,0.0,1.21
Serie A,2014-2015,EMPOLI,1.37,1.16,31.58,21.05,1.05,1.58,10.53,21.05,1.37,26,25.1,43,1.13,35,0.92,78,2.05,40,1.05,3,3,64,0.0,1.97
Serie A,2014-2015,FIORENTINA,1.58,0.89,47.37,26.32,1.63,1.53,47.37,42.11,1.21,30,27.9,61,1.61,41,1.08,102,2.68,59,1.55,2,7,86,0.0,2.63
Serie A,2014-2015,GENOA,1.74,1.11,47.37,36.84,1.53,1.37,36.84,36.84,1.24,33,26.0,58,1.53,41,1.08,99,2.61,53,1.39,5,7,108,0.0,2.47
Serie A,2014-2015,HELLAS VERONA,1.42,1.58,36.84,42.11,1.16,1.84,21.05,31.58,1.71,30,29.7,48,1.26,35,0.92,83,2.18,44,1.16,4,6,105,0.0,2.08
Serie A,2014-2015,INTER,1.74,1.21,36.84,36.84,1.37,1.32,36.84,31.58,1.26,34,26.5,58,1.53,36,0.95,94,2.47,53,1.39,5,7,101,0.0,2.34
Serie A,2014-2015,JUVENTUS,2.37,0.58,84.21,31.58,1.42,0.68,52.63,42.11,0.63,28,28.8,71,1.87,44,1.16,115,3.03,65,1.71,6,9,76,0.0,2.87
Serie A,2014-2015,LAZIO,2.11,0.95,63.16,42.11,1.63,1.05,47.37,31.58,1.0,29,28.0,70,1.84,47,1.24,117,3.08,67,1.76,3,5,114,0.0,3.0
Serie A,2014-2015,MILAN,1.58,1.0,47.37,21.05,1.37,1.63,21.05,31.58,1.32,35,28.1,54,1.42,33,0.87,87,2.29,43,1.13,11,11,96,0.0,2.0
Serie A,2014-2015,NAPOLI,2.42,1.47,57.89,21.05,1.26,1.37,36.84,42.11,1.42,26,27.0,65,1.71,41,1.08,106,2.79,61,1.61,4,9,86,0.0,2.68
Serie A,2014-2015,PALERMO,1.58,1.32,42.11,52.63,1.21,1.58,21.05,36.84,1.45,31,26.8,52,1.37,34,0.89,86,2.26,47,1.24,5,7,89,0.0,2.13
Serie A,2014-2015,PARMA,1.0,1.42,26.32,52.63,0.74,2.53,5.26,26.32,1.97,38,28.4,31,0.82,20,0.53,51,1.34,29,0.76,2,2,110,0.0,1.29
Serie A,2014-2015,ROMA,1.63,0.74,52.63,15.79,1.21,0.89,47.37,57.89,0.82,32,28.0,53,1.39,40,1.05,93,2.45,47,1.24,6,7,111,0.0,2.29
Serie A,2014-2015,SAMPDORIA,1.21,0.79,36.84,31.58,1.32,1.42,31.58,21.05,1.11,30,26.2,46,1.21,30,0.79,76,2.0,44,1.16,2,2,103,0.0,1.95
Serie A,2014-2015,SASSUOLO,1.32,1.16,36.84,21.05,1.26,1.84,26.32,52.63,1.5,27,27.0,47,1.24,30,0.79,77,2.03,40,1.05,7,9,115,0.0,1.84
Serie A,2014-2015,TORINO,1.32,0.74,42.11,42.11,1.21,1.63,31.58,42.11,1.18,31,28.1,48,1.26,32,0.84,80,2.11,45,1.18,3,6,100,0.0,2.03
Serie A,2014-2015,UDINESE,1.37,1.53,31.58,42.11,0.89,1.42,21.05,47.37,1.47,28,26.9,41,1.08,27,0.71,68,1.79,40,1.05,1,1,99,0.0,1.76
Serie A,2015-2016,ATALANTA,1.42,1.11,42.11,31.58,0.74,1.37,15.79,42.11,1.24,33,27.8,38,1.0,23,0.61,61,1.61,34,0.89,4,6,114,0.0,1.5
Serie A,2015-2016,BOLOGNA,1.05,1.11,26.32,63.16,0.68,1.26,31.58,36.84,1.18,31,27.0,33,0.87,22,0.58,55,1.45,31,0.82,2,3,98,0.0,1.39
Serie A,2015-2016,CARPI,1.21,1.37,31.58,52.63,0.74,1.63,15.79,42.11,1.5,35,25.9,33,0.87,22,0.58,55,1.45,28,0.74,5,8,115,0.0,1.32
Serie A,2015-2016,CHIEVO,1.32,0.95,36.84,36.84,0.95,1.42,31.58,47.37,1.18,26,30.5,42,1.11,28,0.74,70,1.84,37,0.97,5,8,108,0.0,1.71
Serie A,2015-2016,EMPOLI,1.16,1.05,36.84,36.84,0.95,1.53,26.32,57.89,1.29,29,25.4,39,1.03,29,0.76,68,1.79,38,1.0,1,2,101,0.0,1.76
Serie A,2015-2016,FIORENTINA,1.79,0.84,57.89,26.32,1.37,1.37,36.84,21.05,1.11,26,27.6,58,1.53,38,1.0,96,2.53,50,1.32,8,9,102,0.0,2.32
Serie A,2015-2016,FROSINONE,0.95,1.37,31.58,31.58,0.89,2.63,10.53,26.32,2.0,28,26.5,34,0.89,22,0.58,56,1.47,31,0.82,3,3,116,0.0,1.39
Serie A,2015-2016,GENOA,1.53,1.0,52.63,63.16,0.84,1.53,15.79,36.84,1.26,30,26.7,44,1.16,35,0.92,79,2.08,40,1.05,4,4,91,0.0,1.97
Serie A,2015-2016,HELLAS VERONA,1.11,1.58,21.05,42.11,0.68,1.74,5.26,31.58,1.66,32,27.5,34,0.89,23,0.61,57,1.5,28,0.74,6,7,97,0.0,1.34
Serie A,2015-2016,INTER,1.53,0.79,68.42,57.89,1.11,1.21,36.84,47.37,1.0,28,26.7,49,1.29,35,0.92,84,2.21,47,1.24,2,3,104,0.0,2.16
Serie A,2015-2016,JUVENTUS,1.95,0.32,84.21,42.11,2.0,0.74,68.42,42.11,0.53,28,28.3,72,1.89,54,1.42,126,3.32,63,1.66,9,9,97,0.0,3.08
Serie A,2015-2016,LAZIO,1.68,1.21,52.63,5.26,1.05,1.53,26.32,31.58,1.37,27,27.6,52,1.37,31,0.82,83,2.18,43,1.13,9,11,107,0.0,1.95
Serie A,2015-2016,MILAN,1.47,1.16,47.37,42.11,1.11,1.11,31.58,42.11,1.13,30,26.4,49,1.29,28,0.74,77,2.03,43,1.13,6,7,96,0.0,1.87
Serie A,2015-2016,NAPOLI,2.58,0.63,84.21,36.84,1.63,1.05,47.37,36.84,0.84,22,26.5,78,2.05,56,1.47,134,3.53,71,1.87,7,8,72,0.0,3.34
Serie A,2015-2016,PALERMO,1.26,1.58,31.58,31.58,0.74,1.84,21.05,26.32,1.71,31,26.8,37,0.97,31,0.82,68,1.79,36,0.95,1,1,103,0.0,1.76
Serie A,2015-2016,ROMA,2.32,0.89,68.42,21.05,2.05,1.26,52.63,31.58,1.08,32,26.2,83,2.18,55,1.45,138,3.63,79,2.08,4,4,87,0.0,3.53
Serie A,2015-2016,SAMPDORIA,1.53,1.32,42.11,26.32,1.0,1.89,10.53,31.58,1.61,35,27.5,45,1.18,30,0.79,75,1.97,42,1.11,3,3,111,0.0,1.89
Serie A,2015-2016,SASSUOLO,1.32,1.05,42.11,36.84,1.26,1.05,42.11,42.11,1.05,26,27.0,48,1.26,33,0.87,81,2.13,44,1.16,4,5,98,0.0,2.03
Serie A,2015-2016,TORINO,1.32,1.32,31.58,36.84,1.42,1.58,31.58,63.16,1.45,27,27.6,49,1.29,29,0.76,78,2.05,40,1.05,9,11,99,0.0,1.82
Serie A,2015-2016,UDINESE,0.95,1.47,31.58,52.63,0.89,1.68,21.05,36.84,1.58,28,27.6,34,0.89,23,0.61,57,1.5,32,0.84,2,2,105,0.0,1.45
Serie A,2016-2017,ATALANTA,1.63,0.95,63.16,57.89,1.63,1.21,47.37,21.05,1.08,32,25.2,62,1.63,43,1.13,105,2.76,57,1.5,5,5,90,2.0,2.63
Serie A,2016-2017,BOLOGNA,1.26,1.32,42.11,36.84,0.84,1.74,15.79,26.32,1.53,28,26.3,39,1.03,29,0.76,68,1.79,38,1.0,1,2,87,2.0,1.76
Serie A,2016-2017,CAGLIARI,2.0,1.79,57.89,47.37,0.89,2.21,15.79,42.11,2.0,34,28.7,53,1.39,30,0.79,83,2.18,49,1.29,4,6,104,3.0,2.08
Serie A,2016-2017,CHIEVO,1.32,1.58,31.58,26.32,0.95,1.63,31.58,31.58,1.61,29,31.3,42,1.11,29,0.76,71,1.87,38,1.0,4,5,88,3.0,1.76
Serie A,2016-2017,CROTONE,1.11,1.32,31.58,36.84,0.68,1.74,15.79,57.89,1.53,31,26.0,34,0.89,22,0.58,56,1.47,30,0.79,4,5,93,3.0,1.37
Serie A,2016-2017,EMPOLI,0.84,1.53,26.32,36.84,0.68,1.68,15.79,26.32,1.61,29,26.8,29,0.76,19,0.5,48,1.26,25,0.66,4,5,107,0.0,1.16
Serie A,2016-2017,FIORENTINA,1.79,1.21,52.63,52.63,1.53,1.79,31.58,36.84,1.5,30,27.3,62,1.63,46,1.21,108,2.84,56,1.47,6,10,98,3.0,2.68
Serie A,2016-2017,GENOA,1.26,1.26,31.58,42.11,0.74,2.11,15.79,31.58,1.68,33,26.9,36,0.95,30,0.79,66,1.74,34,0.89,2,3,97,4.0,1.68
Serie A,2016-2017,INTER,2.32,1.16,57.89,31.58,1.47,1.42,42.11,63.16,1.29,29,27.5,70,1.84,55,1.45,125,3.29,67,1.76,3,5,81,3.0,3.21
Serie A,2016-2017,JUVENTUS,2.53,0.47,94.74,31.58,1.53,0.95,57.89,42.11,0.71,27,29.1,72,1.89,49,1.29,121,3.18,69,1.82,3,3,70,0.0,3.11
Serie A,2016-2017,LAZIO,2.11,1.21,63.16,31.58,1.79,1.47,47.37,31.58,1.34,30,26.0,73,1.92,47,1.24,120,3.16,61,1.61,12,14,96,3.0,2.84
Serie A,2016-2017,MILAN,1.68,1.05,63.16,63.16,1.32,1.32,31.58,42.11,1.18,28,25.0,55,1.45,39,1.03,94,2.47,48,1.26,7,12,98,9.0,2.29
Serie A,2016-2017,NAPOLI,2.32,1.0,68.42,5.26,2.63,1.05,68.42,42.11,1.03,26,26.9,94,2.47,68,1.79,162,4.26,89,2.34,5,6,58,0.0,4.13
Serie A,2016-2017,PALERMO,0.68,1.58,21.05,42.11,1.05,2.47,10.53,26.32,2.03,30,26.1,33,0.87,24,0.63,57,1.5,32,0.84,1,1,107,6.0,1.47
Serie A,2016-2017,PESCARA,1.0,2.0,10.53,21.05,0.95,2.26,5.26,21.05,2.13,34,26.6,32,0.84,27,0.71,59,1.55,30,0.79,2,6,98,3.0,1.5
Serie A,2016-2017,ROMA,2.63,0.95,84.21,36.84,2.11,1.05,63.16,31.58,1.0,22,26.7,88,2.32,59,1.55,147,3.87,76,2.0,12,14,64,0.0,3.55
Serie A,2016-2017,SAMPDORIA,1.47,1.21,42.11,47.37,1.11,1.68,21.05,52.63,1.45,24,26.6,45,1.18,31,0.82,76,2.0,38,1.0,7,8,75,1.0,1.82
Serie A,2016-2017,SASSUOLO,1.42,1.47,36.84,36.84,1.63,1.84,31.58,52.63,1.66,28,26.7,59,1.55,36,0.95,95,2.5,50,1.32,9,10,90,0.0,2.26
Serie A,2016-2017,TORINO,2.26,1.63,47.37,15.79,1.47,1.84,21.05,26.32,1.74,29,26.4,70,1.84,54,1.42,124,3.26,65,1.71,5,9,88,3.0,3.13
Serie A,2016-2017,UDINESE,1.58,1.21,42.11,42.11,0.89,1.74,21.05,36.84,1.47,29,26.7,47,1.24,29,0.76,76,2.0,45,1.18,2,3,85,0.0,1.95
Serie A,2017-2018,ATALANTA,1.58,0.95,47.37,47.37,1.42,1.11,36.84,26.32,1.03,25,25.7,57,1.5,38,1.0,95,2.5,52,1.37,5,9,66,,2.37
Serie A,2017-2018,BENEVENTO,1.21,2.11,26.32,52.63,0.53,2.32,5.26,47.37,2.21,41,26.0,32,0.84,23,0.61,55,1.45,30,0.79,2,3,79,,1.39
Serie A,2017-2018,BOLOGNA,1.32,1.37,31.58,47.37,0.79,1.37,26.32,73.68,1.37,30,26.8,37,0.97,18,0.47,55,1.45,35,0.92,2,3,101,,1.39
Serie A,2017-2018,CAGLIARI,0.95,1.58,31.58,57.89,0.79,1.63,26.32,52.63,1.61,29,27.1,33,0.87,21,0.55,54,1.42,29,0.76,4,7,96,,1.32
Serie A,2017-2018,CHIEVO,1.16,1.26,36.84,57.89,0.74,1.84,15.79,47.37,1.55,25,30.3,36,0.95,20,0.53,56,1.47,35,0.92,1,2,75,,1.45
Serie A,2017-2018,CROTONE,1.21,1.32,31.58,31.58,0.89,2.16,15.79,52.63,1.74,29,25.6,38,1.0,21,0.55,59,1.55,36,0.95,2,3,65,,1.5
Serie A,2017-2018,FIORENTINA,1.42,1.16,42.11,36.84,1.42,1.26,42.11,42.11,1.21,27,25.0,53,1.39,32,0.84,85,2.24,46,1.21,7,8,89,,2.05
Serie A,2017-2018,GENOA,1.21,1.42,31.58,63.16,0.53,0.84,26.32,63.16,1.13,33,27.9,31,0.82,18,0.47,49,1.29,27,0.71,4,5,75,,1.18
Serie A,2017-2018,HELLAS VERONA,0.74,1.84,26.32,52.63,0.84,2.26,10.53,15.79,2.05,32,25.9,30,0.79,19,0.5,49,1.29,23,0.61,7,7,98,,1.11
Serie A,2017-2018,INTER,1.95,0.84,57.89,31.58,1.53,0.74,47.37,31.58,0.79,22,27.6,64,1.68,34,0.89,98,2.58,58,1.53,6,7,69,,2.42
Serie A,2017-2018,JUVENTUS,2.37,0.42,84.21,36.84,2.16,0.84,73.68,31.58,0.63,24,29.2,82,2.16,39,1.03,121,3.18,78,2.05,4,8,66,,3.08
Serie A,2017-2018,LAZIO,2.37,1.11,47.37,15.79,2.32,1.47,63.16,52.63,1.29,24,26.5,86,2.26,51,1.34,137,3.61,77,2.03,9,11,79,,3.37
Serie A,2017-2018,MILAN,1.32,0.84,52.63,42.11,1.63,1.37,42.11,26.32,1.11,24,25.0,54,1.42,28,0.74,82,2.16,50,1.32,4,6,75,,2.05
Serie A,2017-2018,NAPOLI,2.26,0.95,73.68,36.84,1.79,0.58,73.68,36.84,0.76,23,28.0,73,1.92,45,1.18,118,3.11,67,1.76,6,8,58,,2.95
Serie A,2017-2018,ROMA,1.63,1.0,57.89,42.11,1.58,0.47,63.16,31.58,0.74,27,27.4,56,1.47,37,0.97,93,2.45,53,1.39,3,6,48,,2.37
Serie A,2017-2018,SPAL,1.16,1.53,26.32,26.32,0.89,1.58,15.79,31.58,1.55,29,26.7,37,0.97,14,0.37,51,1.34,32,0.84,5,6,101,,1.21
Serie A,2017-2018,SAMPDORIA,1.89,1.05,63.16,31.58,1.05,2.11,21.05,47.37,1.58,27,27.0,56,1.47,33,0.87,89,2.34,49,1.29,7,8,69,,2.16
Serie A,2017-2018,SASSUOLO,0.58,1.16,21.05,36.84,0.95,1.95,36.84,52.63,1.55,28,27.2,28,0.74,16,0.42,44,1.16,24,0.63,4,10,89,,1.05
Serie A,2017-2018,TORINO,1.53,0.95,42.11,36.84,1.32,1.47,26.32,26.32,1.21,27,28.1,53,1.39,36,0.95,89,2.34,53,1.39,0,2,78,,2.34
Serie A,2017-2018,UDINESE,1.26,1.58,31.58,52.63,1.26,1.74,31.58,47.37,1.66,27,26.5,45,1.18,27,0.71,72,1.89,38,1.0,7,7,72,,1.71
Serie A,2018-2019,ATALANTA,1.89,1.0,52.63,31.58,2.16,1.42,52.63,26.32,1.21,27,26.5,75,1.97,60,1.58,135,3.55,73,1.92,2,4,63,3.0,3.5
Serie A,2018-2019,BOLOGNA,1.47,1.16,47.37,31.58,1.05,1.79,10.53,42.11,1.47,29,27.0,45,1.18,35,0.92,80,2.11,40,1.05,5,5,94,6.0,1.97
Serie A,2018-2019,CAGLIARI,1.21,1.05,42.11,57.89,0.68,1.79,10.53,15.79,1.42,30,27.9,35,0.92,27,0.71,62,1.63,33,0.87,2,3,99,9.0,1.58
Serie A,2018-2019,CHIEVO,0.74,1.95,5.26,26.32,0.58,2.0,5.26,15.79,1.97,36,28.3,25,0.66,17,0.45,42,1.11,21,0.55,4,6,116,7.0,1.0
Serie A,2018-2019,EMPOLI,1.74,1.58,47.37,47.37,0.95,2.11,5.26,42.11,1.84,29,26.4,48,1.26,36,0.95,84,2.21,44,1.16,4,7,74,3.0,2.11
Serie A,2018-2019,FIORENTINA,1.32,1.0,26.32,26.32,1.16,1.37,15.79,47.37,1.18,27,24.1,45,1.18,24,0.63,69,1.82,40,1.05,5,6,91,5.0,1.68
Serie A,2018-2019,FROSINONE,0.74,2.0,5.26,31.58,0.79,1.63,21.05,36.84,1.82,33,26.4,28,0.74,21,0.55,49,1.29,24,0.63,4,5,99,2.0,1.18
Serie A,2018-2019,GENOA,1.11,1.16,31.58,26.32,0.95,1.84,10.53,36.84,1.5,31,26.0,37,0.97,26,0.68,63,1.66,33,0.87,4,5,96,7.0,1.55
Serie A,2018-2019,INTER,1.42,0.53,57.89,47.37,1.58,1.21,47.37,47.37,0.87,23,27.7,57,1.5,36,0.95,93,2.45,49,1.29,8,9,75,3.0,2.24
Serie A,2018-2019,JUVENTUS,2.05,0.68,78.95,36.84,1.63,0.89,68.42,42.11,0.79,31,28.0,66,1.74,44,1.16,110,2.89,59,1.55,7,8,78,4.0,2.71
Serie A,2018-2019,LAZIO,1.89,1.32,47.37,31.58,1.05,1.11,42.11,57.89,1.21,30,27.9,54,1.42,35,0.92,89,2.34,48,1.26,6,6,90,4.0,2.18
Serie A,2018-2019,MILAN,1.63,0.89,63.16,52.63,1.26,1.0,36.84,42.11,0.95,23,24.8,51,1.34,35,0.92,86,2.26,48,1.26,3,4,82,5.0,2.18
Serie A,2018-2019,NAPOLI,2.16,0.84,68.42,42.11,1.74,1.05,57.89,42.11,0.95,26,27.0,73,1.92,54,1.42,127,3.34,70,1.84,3,4,75,5.0,3.26
Serie A,2018-2019,PARMA,0.95,1.32,26.32,36.84,1.21,1.89,26.32,47.37,1.61,31,29.4,40,1.05,22,0.58,62,1.63,36,0.95,4,5,84,3.0,1.53
Serie A,2018-2019,ROMA,2.26,1.37,63.16,31.58,1.21,1.16,31.58,36.84,1.26,26,27.5,65,1.71,41,1.08,106,2.79,59,1.55,6,6,90,2.0,2.63
Serie A,2018-2019,SPAL,1.05,1.37,26.32,42.11,1.26,1.58,31.58,52.63,1.47,28,27.8,44,1.16,30,0.79,74,1.95,37,0.97,7,8,113,3.0,1.76
Serie A,2018-2019,SAMPDORIA,1.47,0.84,52.63,47.37,1.68,1.84,26.32,36.84,1.34,24,26.1,60,1.58,41,1.08,101,2.66,50,1.32,10,12,92,3.0,2.39
Serie A,2018-2019,SASSUOLO,1.74,1.74,26.32,5.26,1.05,1.42,21.05,31.58,1.58,29,25.4,50,1.32,33,0.87,83,2.18,45,1.18,5,5,90,8.0,2.05
Serie A,2018-2019,TORINO,1.68,1.0,63.16,57.89,1.05,0.95,21.05,21.05,0.97,25,27.6,50,1.32,31,0.82,81,2.13,45,1.18,5,6,89,4.0,2.0
Serie A,2018-2019,UDINESE,1.16,1.16,42.11,47.37,0.89,1.63,15.79,36.84,1.39,31,25.3,37,0.97,30,0.79,67,1.76,34,0.89,3,8,92,4.0,1.68
Serie A,2019-2020,ATALANTA,2.68,1.37,63.16,31.58,2.47,1.16,57.89,36.84,1.26,30,27.2,96,2.53,68,1.79,164,4.32,89,2.34,7,10,80,2.0,4.13
Serie A,2019-2020,BOLOGNA,1.32,1.53,26.32,47.37,1.42,1.89,36.84,57.89,1.71,31,27.2,48,1.26,31,0.82,79,2.08,43,1.13,5,6,109,7.0,1.95
Serie A,2019-2020,BRESCIA,1.11,1.79,15.79,42.11,0.74,2.37,15.79,36.84,2.08,32,25.6,34,0.89,22,0.58,56,1.47,30,0.79,4,4,95,6.0,1.37
Serie A,2019-2020,CAGLIARI,1.68,1.47,36.84,47.37,1.05,1.47,21.05,31.58,1.47,33,27.4,50,1.32,34,0.89,84,2.21,46,1.21,4,6,108,6.0,2.11
Serie A,2019-2020,FIORENTINA,1.16,1.16,26.32,36.84,1.53,1.37,36.84,36.84,1.26,33,25.1,48,1.26,30,0.79,78,2.05,39,1.03,9,11,105,5.0,1.82
Serie A,2019-2020,GENOA,1.26,1.63,36.84,52.63,1.21,2.21,15.79,21.05,1.92,34,26.8,46,1.21,28,0.74,74,1.95,35,0.92,11,16,107,10.0,1.66
Serie A,2019-2020,HELLAS VERONA,1.53,1.32,47.37,42.11,0.95,1.37,15.79,36.84,1.34,30,26.1,45,1.18,27,0.71,72,1.89,37,0.97,8,9,87,7.0,1.68
Serie A,2019-2020,INTER,2.11,0.89,57.89,36.84,2.16,1.0,68.42,31.58,0.95,29,27.7,80,2.11,57,1.5,137,3.61,70,1.84,10,11,104,6.0,3.34
Serie A,2019-2020,JUVENTUS,2.42,0.89,84.21,36.84,1.58,1.37,52.63,52.63,1.13,30,28.6,73,1.92,47,1.24,120,3.16,60,1.58,13,14,87,3.0,2.82
Serie A,2019-2020,LAZIO,2.42,0.89,73.68,26.32,1.74,1.32,52.63,68.42,1.11,27,27.9,77,2.03,45,1.18,122,3.21,62,1.63,15,18,99,2.0,2.82
Serie A,2019-2020,LECCE,1.58,2.16,21.05,42.11,1.16,2.32,26.32,31.58,2.24,30,28.7,52,1.37,30,0.79,82,2.16,41,1.08,11,15,98,5.0,1.87
Serie A,2019-2020,MILAN,1.63,1.05,47.37,31.58,1.68,1.37,52.63,52.63,1.21,32,24.6,60,1.58,38,1.0,98,2.58,52,1.37,8,9,97,6.0,2.37
Serie A,2019-2020,NAPOLI,1.63,1.26,52.63,47.37,1.58,1.37,42.11,47.37,1.32,25,26.9,60,1.58,45,1.18,105,2.76,55,1.45,5,5,73,2.0,2.63
Serie A,2019-2020,PARMA,1.37,1.26,36.84,63.16,1.58,1.74,36.84,47.37,1.5,25,28.8,53,1.39,38,1.0,91,2.39,49,1.29,4,6,81,1.0,2.29
Serie A,2019-2020,ROMA,1.89,1.42,52.63,42.11,2.16,1.26,57.89,31.58,1.34,31,26.9,73,1.92,47,1.24,120,3.16,61,1.61,12,14,111,7.0,2.84
Serie A,2019-2020,SPAL,0.84,2.11,10.53,42.11,0.58,1.95,15.79,47.37,2.03,34,27.5,27,0.71,17,0.45,44,1.16,22,0.58,5,7,98,4.0,1.03
Serie A,2019-2020,SAMPDORIA,1.32,1.58,31.58,36.84,1.21,1.84,31.58,47.37,1.71,31,26.0,48,1.26,25,0.66,73,1.92,39,1.03,9,12,111,7.0,1.68
Serie A,2019-2020,SASSUOLO,2.32,1.74,42.11,42.11,1.32,1.58,31.58,36.84,1.66,31,26.4,69,1.82,49,1.29,118,3.11,64,1.68,5,6,99,3.0,2.97
Serie A,2019-2020,TORINO,1.21,1.58,36.84,52.63,1.21,2.0,21.05,42.11,1.79,27,27.3,44,1.16,29,0.76,73,1.92,37,0.97,7,8,96,7.0,1.74
Serie A,2019-2020,UDINESE,0.95,1.21,31.58,42.11,1.0,1.47,31.58,47.37,1.34,25,26.5,37,0.97,26,0.68,63,1.66,37,0.97,0,0,77,3.0,1.66
Serie A,2020-2021,ATALANTA,2.58,1.26,63.16,10.53,2.16,1.21,57.89,26.32,1.24,30,27.3,90,2.37,65,1.71,155,4.08,84,2.21,6,7,67,3.0,3.92
Serie A,2020-2021,BENEVENTO,1.0,2.05,10.53,15.79,1.11,1.89,26.32,26.32,1.97,29,28.7,40,1.05,26,0.68,66,1.74,35,0.92,5,7,95,5.0,1.61
Serie A,2020-2021,BOLOGNA,1.74,1.74,36.84,36.84,0.95,1.68,15.79,31.58,1.71,37,27.2,49,1.29,38,1.0,87,2.29,46,1.21,3,4,82,4.0,2.21
Serie A,2020-2021,CAGLIARI,1.16,1.68,26.32,36.84,1.11,1.42,21.05,47.37,1.55,32,26.5,43,1.13,30,0.79,73,1.92,39,1.03,4,5,77,3.0,1.82
Serie A,2020-2021,CROTONE,1.21,1.84,26.32,36.84,1.16,3.0,5.26,36.84,2.42,31,27.8,44,1.16,27,0.71,71,1.87,35,0.92,9,9,89,4.0,1.63
Serie A,2020-2021,FIORENTINA,1.32,1.32,31.58,47.37,1.16,1.79,15.79,26.32,1.55,30,26.6,44,1.16,31,0.82,75,1.97,38,1.0,6,6,86,5.0,1.82
Serie A,2020-2021,GENOA,1.53,1.58,26.32,31.58,0.95,1.47,26.32,42.11,1.53,34,28.3,46,1.21,32,0.84,78,2.05,42,1.11,4,4,87,2.0,1.95
Serie A,2020-2021,HELLAS VERONA,1.21,1.21,31.58,36.84,1.21,1.32,26.32,36.84,1.26,32,26.2,38,1.0,30,0.79,68,1.79,35,0.92,3,3,91,1.0,1.71
Serie A,2020-2021,INTER,2.79,0.95,89.47,42.11,1.89,0.89,57.89,31.58,0.92,25,27.7,84,2.21,62,1.63,146,3.84,76,2.0,8,9,61,2.0,3.63
Serie A,2020-2021,JUVENTUS,2.11,0.95,73.68,21.05,1.95,1.05,47.37,15.79,1.0,30,27.7,76,2.0,59,1.55,135,3.55,68,1.79,8,10,80,6.0,3.34
Serie A,2020-2021,LAZIO,1.89,1.21,68.42,52.63,1.32,1.68,42.11,26.32,1.45,30,29.4,59,1.55,40,1.05,99,2.61,53,1.39,6,10,107,5.0,2.45
Serie A,2020-2021,MILAN,1.63,1.26,42.11,21.05,2.26,0.89,84.21,36.84,1.08,29,24.4,72,1.89,47,1.24,119,3.13,57,1.5,15,20,83,4.0,2.74
Serie A,2020-2021,NAPOLI,2.63,1.05,63.16,21.05,1.89,1.11,63.16,36.84,1.08,25,27.1,83,2.18,56,1.47,139,3.66,76,2.0,7,8,76,3.0,3.47
Serie A,2020-2021,PARMA,0.84,2.05,10.53,21.05,1.21,2.32,5.26,36.84,2.18,42,28.0,39,1.03,26,0.68,65,1.71,34,0.89,5,5,91,1.0,1.58
Serie A,2020-2021,ROMA,2.21,0.95,68.42,31.58,1.37,2.11,26.32,15.79,1.53,31,26.7,67,1.76,51,1.34,118,3.11,60,1.58,7,8,91,3.0,2.92
Serie A,2020-2021,SAMPDORIA,1.68,1.37,47.37,42.11,1.05,1.47,31.58,47.37,1.42,27,27.9,52,1.37,37,0.97,89,2.34,47,1.24,5,6,83,3.0,2.21
Serie A,2020-2021,SASSUOLO,1.63,1.42,36.84,31.58,1.74,1.53,52.63,47.37,1.47,28,26.5,61,1.61,36,0.95,97,2.55,48,1.26,13,14,79,4.0,2.21
Serie A,2020-2021,SPEZIA,1.47,1.74,26.32,36.84,1.26,2.05,21.05,26.32,1.89,35,25.2,52,1.37,37,0.97,89,2.34,48,1.26,4,5,100,5.0,2.24
Serie A,2020-2021,TORINO,1.32,1.89,15.79,31.58,1.32,1.74,21.05,31.58,1.82,29,26.9,49,1.29,28,0.74,77,2.03,44,1.16,5,6,78,4.0,1.89
Serie A,2020-2021,UDINESE,0.74,1.0,26.32,57.89,1.47,2.05,26.32,36.84,1.53,33,27.2,40,1.05,30,0.79,70,1.84,36,0.95,4,4,65,2.0,1.74
Serie A,2021-2022,ATALANTA,1.63,1.53,21.05,31.58,1.79,1.0,63.16,52.63,1.26,32,27.5,62,1.63,48,1.26,110,2.89,57,1.5,5,6,87,2.0,2.76
Serie A,2021-2022,BOLOGNA,1.32,1.26,42.11,42.11,1.0,1.63,21.05,42.11,1.45,36,26.6,43,1.13,34,0.89,77,2.03,39,1.03,4,5,92,7.0,1.92
Serie A,2021-2022,CAGLIARI,1.05,1.74,15.79,42.11,0.74,1.84,15.79,26.32,1.79,33,26.5,34,0.89,26,0.68,60,1.58,31,0.82,3,4,96,5.0,1.5
Serie A,2021-2022,EMPOLI,1.47,2.32,21.05,21.05,1.16,1.37,31.58,36.84,1.84,28,24.5,47,1.24,27,0.71,74,1.95,40,1.05,7,7,87,5.0,1.76
Serie A,2021-2022,FIORENTINA,2.0,1.05,68.42,36.84,1.11,1.63,31.58,68.42,1.34,28,26.4,59,1.55,33,0.87,92,2.42,50,1.32,9,12,89,8.0,2.18
Serie A,2021-2022,GENOA,0.74,1.32,15.79,36.84,0.68,1.84,5.26,26.32,1.58,40,27.0,26,0.68,19,0.5,45,1.18,20,0.53,6,7,92,3.0,1.03
Serie A,2021-2022,HELLAS VERONA,1.79,1.32,47.37,52.63,1.63,1.79,26.32,36.84,1.55,31,26.8,63,1.66,44,1.16,107,2.82,56,1.47,7,8,100,7.0,2.63
Serie A,2021-2022,INTER,2.53,0.84,73.68,26.32,1.89,0.84,57.89,21.05,0.84,27,28.9,83,2.18,57,1.5,140,3.68,76,2.0,7,11,71,0.0,3.5
Serie A,2021-2022,JUVENTUS,1.32,0.74,52.63,47.37,1.68,1.21,52.63,47.37,0.97,32,27.4,56,1.47,37,0.97,93,2.45,51,1.34,5,6,77,2.0,2.32
Serie A,2021-2022,LAZIO,2.21,1.32,52.63,31.58,1.84,1.74,42.11,15.79,1.53,27,29.0,74,1.95,48,1.26,122,3.21,67,1.76,7,9,88,5.0,3.03
Serie A,2021-2022,MILAN,1.47,0.63,63.16,36.84,2.16,1.0,73.68,47.37,0.82,28,25.6,66,1.74,39,1.03,105,2.76,61,1.61,5,8,76,3.0,2.63
Serie A,2021-2022,NAPOLI,1.95,0.84,57.89,47.37,1.95,0.79,68.42,47.37,0.82,27,27.9,74,1.95,46,1.21,120,3.16,64,1.68,10,14,63,2.0,2.89
Serie A,2021-2022,ROMA,1.37,0.84,52.63,42.11,1.74,1.42,42.11,42.11,1.13,29,26.4,58,1.53,31,0.82,89,2.34,51,1.34,7,9,111,8.0,2.16
Serie A,2021-2022,SALERNITANA,0.89,2.05,15.79,31.58,0.84,2.05,21.05,42.11,2.05,42,27.7,32,0.84,19,0.5,51,1.34,28,0.74,4,5,94,5.0,1.24
Serie A,2021-2022,SAMPDORIA,1.53,1.68,31.58,42.11,0.89,1.63,21.05,26.32,1.66,34,29.0,42,1.11,29,0.76,71,1.87,40,1.05,2,4,94,4.0,1.82
Serie A,2021-2022,SASSUOLO,1.42,1.58,31.58,42.11,1.95,1.89,36.84,36.84,1.74,29,26.1,60,1.58,39,1.03,99,2.61,53,1.39,7,7,92,4.0,2.42
Serie A,2021-2022,SPEZIA,1.11,1.58,26.32,63.16,1.05,2.16,26.32,47.37,1.87,30,24.4,38,1.0,25,0.66,63,1.66,35,0.92,3,5,88,4.0,1.58
Serie A,2021-2022,TORINO,1.53,1.11,42.11,52.63,0.89,1.05,26.32,57.89,1.08,31,25.2,43,1.13,27,0.71,70,1.84,37,0.97,6,6,89,3.0,1.68
Serie A,2021-2022,UDINESE,1.63,1.53,31.58,31.58,1.58,1.53,26.32,26.32,1.53,29,26.2,58,1.53,36,0.95,94,2.47,55,1.45,3,4,95,6.0,2.39
Serie A,2021-2022,VENEZIA,1.11,2.0,15.79,36.84,0.68,1.63,15.79,47.37,1.82,39,26.1,34,0.89,23,0.61,57,1.5,31,0.82,3,5,110,9.0,1.42
Serie A,2022-2023,ATALANTA,2.0,1.37,52.63,36.84,1.47,1.16,47.37,42.11,1.26,27,26.5,64,1.68,42,1.11,106,2.79,58,1.53,6,8,83,3.0,2.63
Serie A,2022-2023,BOLOGNA,1.26,0.74,36.84,31.58,1.53,1.84,36.84,52.63,1.29,27,26.6,52,1.37,41,1.08,93,2.45,46,1.21,6,6,84,3.0,2.29
Serie A,2022-2023,CREMONESE,0.79,1.63,21.05,36.84,1.11,2.0,5.26,26.32,1.82,33,26.0,35,0.92,18,0.47,53,1.39,30,0.79,5,7,81,3.0,1.26
Serie A,2022-2023,EMPOLI,1.16,1.21,42.11,36.84,0.79,1.37,10.53,36.84,1.29,32,25.3,35,0.92,20,0.53,55,1.45,33,0.87,2,2,88,7.0,1.39
Serie A,2022-2023,FIORENTINA,1.58,1.16,47.37,47.37,1.21,1.11,31.58,47.37,1.13,30,26.5,51,1.34,37,0.97,88,2.32,47,1.24,4,6,93,3.0,2.21
Serie A,2022-2023,HELLAS VERONA,1.05,1.68,31.58,52.63,0.7,1.4,10.0,30.0,1.54,36,26.6,29,0.76,22,0.58,51,1.34,28,0.74,1,1,103,3.0,1.32
Serie A,2022-2023,INTER,1.95,0.74,73.68,52.63,1.79,1.47,47.37,47.37,1.11,25,28.8,68,1.79,50,1.32,118,3.11,64,1.68,4,5,65,3.0,3.0
Serie A,2022-2023,JUVENTUS,2.0,0.79,68.42,31.58,0.95,0.95,47.37,52.63,0.87,29,27.7,56,1.47,41,1.08,97,2.55,53,1.39,3,6,74,6.0,2.47
Serie A,2022-2023,LAZIO,1.68,0.95,57.89,42.11,1.47,0.63,57.89,21.05,0.79,24,28.6,59,1.55,37,0.97,96,2.53,53,1.39,6,8,87,2.0,2.37
Serie A,2022-2023,LECCE,0.95,1.26,15.79,52.63,0.79,1.16,26.32,47.37,1.21,29,24.8,31,0.82,21,0.55,52,1.37,27,0.71,4,6,86,2.0,1.26
Serie A,2022-2023,MILAN,2.16,1.05,68.42,26.32,1.21,1.21,36.84,42.11,1.13,30,26.0,61,1.61,49,1.29,110,2.89,56,1.47,5,5,90,2.0,2.76
Serie A,2022-2023,MONZA,1.32,1.16,36.84,42.11,1.21,1.58,36.84,31.58,1.37,31,26.6,46,1.21,31,0.82,77,2.03,41,1.08,5,6,90,4.0,1.89
Serie A,2022-2023,NAPOLI,2.11,0.79,73.68,31.58,1.95,0.68,73.68,36.84,0.74,27,26.4,75,1.97,57,1.5,132,3.47,67,1.76,8,10,47,1.0,3.26
Serie A,2022-2023,ROMA,1.47,0.79,57.89,52.63,1.16,1.21,36.84,47.37,1.0,30,27.4,50,1.32,33,0.87,83,2.18,43,1.13,7,10,83,4.0,2.0
Serie A,2022-2023,SALERNITANA,1.58,1.37,36.84,36.84,0.95,1.89,10.53,21.05,1.63,30,27.2,46,1.21,34,0.89,80,2.11,44,1.16,2,2,85,4.0,2.05
Serie A,2022-2023,SAMPDORIA,0.63,1.47,5.26,26.32,0.63,2.26,10.53,31.58,1.87,40,27.9,23,0.61,18,0.47,41,1.08,22,0.58,1,2,108,3.0,1.05
Serie A,2022-2023,SASSUOLO,1.26,1.21,42.11,52.63,1.21,2.0,21.05,36.84,1.61,31,26.1,46,1.21,30,0.79,76,2.0,37,0.97,9,10,90,6.0,1.76
Serie A,2022-2023,SPEZIA,0.95,1.65,20.0,20.0,0.68,1.68,10.53,42.11,1.67,34,25.7,29,0.76,18,0.47,47,1.24,25,0.66,4,4,103,6.0,1.13
Serie A,2022-2023,TORINO,0.79,1.0,26.32,52.63,1.42,1.16,47.37,47.37,1.08,28,25.2,41,1.08,34,0.89,75,1.97,39,1.03,2,2,81,0.0,1.92
Serie A,2022-2023,UDINESE,1.58,1.05,31.58,26.32,0.89,1.47,26.32,47.37,1.26,30,26.1,46,1.21,41,1.08,87,2.29,45,1.18,1,2,88,3.0,2.26
Serie A,2023-2024,ATALANTA,2.21,0.84,68.42,36.84,1.58,1.37,42.11,42.11,1.11,29,26.3,72,1.89,57,1.5,129,3.39,67,1.76,5,5,76,1.0,3.26
Serie A,2023-2024,BOLOGNA,1.74,0.63,63.16,26.32,1.11,1.05,31.58,31.58,0.84,28,25.2,52,1.37,32,0.84,84,2.21,48,1.26,4,5,85,2.0,2.11
Serie A,2023-2024,CAGLIARI,1.47,1.68,31.58,36.84,0.74,1.89,10.53,31.58,1.79,29,26.1,41,1.08,30,0.79,71,1.87,37,0.97,4,6,77,4.0,1.76
Serie A,2023-2024,EMPOLI,0.79,1.21,26.32,47.37,0.74,1.63,21.05,36.84,1.42,34,26.0,26,0.68,19,0.5,45,1.18,21,0.55,5,5,88,1.0,1.05
Serie A,2023-2024,FIORENTINA,1.95,1.16,52.63,47.37,1.26,1.26,36.84,47.37,1.21,30,27.0,60,1.58,41,1.08,101,2.66,56,1.47,4,8,80,0.0,2.55
Serie A,2023-2024,FROSINONE,1.47,1.68,36.84,47.37,0.84,1.95,5.26,31.58,1.82,34,24.3,44,1.16,29,0.76,73,1.92,36,0.95,8,10,68,2.0,1.71
Serie A,2023-2024,GENOA,1.42,1.16,42.11,36.84,0.95,1.21,21.05,57.89,1.18,34,26.7,43,1.13,27,0.71,70,1.84,38,1.0,5,6,79,3.0,1.71
Serie A,2023-2024,HELLAS VERONA,1.21,1.37,31.58,47.37,0.79,1.32,15.79,63.16,1.34,36,25.7,38,1.0,29,0.76,67,1.76,35,0.92,3,7,88,6.0,1.68
Serie A,2023-2024,INTER,2.32,0.58,73.68,26.32,2.37,0.58,78.95,36.84,0.58,27,29.1,87,2.29,60,1.58,147,3.87,74,1.95,13,14,46,1.0,3.53
Serie A,2023-2024,JUVENTUS,1.37,0.58,57.89,42.11,1.47,1.05,42.11,42.11,0.82,31,26.5,52,1.37,37,0.97,89,2.34,49,1.29,3,5,87,2.0,2.26
Serie A,2023-2024,LAZIO,1.21,0.74,52.63,52.63,1.37,1.32,42.11,47.37,1.03,22,28.2,46,1.21,30,0.79,76,2.0,42,1.11,4,4,101,5.0,1.89
Serie A,2023-2024,LECCE,0.89,1.42,31.58,36.84,0.79,1.42,10.53,31.58,1.42,26,24.9,30,0.79,23,0.61,53,1.39,27,0.71,3,5,89,5.0,1.32
Serie A,2023-2024,MILAN,2.0,0.89,63.16,42.11,2.0,1.68,52.63,36.84,1.29,35,26.6,76,2.0,56,1.47,132,3.47,70,1.84,6,8,82,8.0,3.32
Serie A,2023-2024,MONZA,1.21,1.37,31.58,36.84,0.84,1.32,26.32,31.58,1.34,31,26.8,38,1.0,29,0.76,67,1.76,34,0.89,4,5,88,5.0,1.66
Serie A,2023-2024,NAPOLI,1.26,1.42,31.58,31.58,1.63,1.11,36.84,21.05,1.26,29,27.2,54,1.42,36,0.95,90,2.37,48,1.26,6,10,77,5.0,2.21
Serie A,2023-2024,ROMA,2.0,1.0,63.16,42.11,1.42,1.42,31.58,42.11,1.21,30,27.7,64,1.68,44,1.16,108,2.84,53,1.39,11,12,95,3.0,2.55
Serie A,2023-2024,SALERNITANA,0.89,2.0,5.26,42.11,0.79,2.26,5.26,21.05,2.13,39,27.2,32,0.84,25,0.66,57,1.5,30,0.79,2,2,91,3.0,1.45
Serie A,2023-2024,SASSUOLO,1.21,1.79,26.32,36.84,1.05,2.16,10.53,47.37,1.97,30,26.4,42,1.11,28,0.74,70,1.84,35,0.92,7,8,71,4.0,1.66
Serie A,2023-2024,TORINO,0.95,0.47,42.11,21.05,0.95,1.42,26.32,31.58,0.95,30,26.4,35,0.92,29,0.76,64,1.68,33,0.87,2,2,75,2.0,1.63
Serie A,2023-2024,UDINESE,1.11,1.53,5.26,21.05,0.84,1.26,26.32,26.32,1.39,32,25.7,36,0.95,23,0.61,59,1.55,33,0.87,3,4,94,5.0,1.47
